File_ID,error_source,error_relpath,chi_utterances,chi_utterances_with_error_code,error_total_annotations,bare_marking_errors,bare_marking_errors_per_utt,determiner_errors,determiner_errors_per_utt,pronoun_errors,pronoun_errors_per_utt,rule_generalization_errors,rule_generalization_errors_per_utt
pair_sli413_td439_rep01_TD_bundle,/Users/shamiraventurini/PycharmProjects/ICL-PILOT/data/generated/test2/reannotated/bundled_synthetic_children/stage1_td/pair_sli413_td439_rep01_TD_bundle.cha,data/generated/test2/reannotated/bundled_synthetic_children/stage1_td/pair_sli413_td439_rep01_TD_bundle.cha,64,1,1,0,0.000000,0,0.000000,0,0.000000,0,0.000000
pair_sli413_td439_rep02_TD_bundle,/Users/shamiraventurini/PycharmProjects/ICL-PILOT/data/generated/test2/reannotated/bundled_synthetic_children/stage1_td/pair_sli413_td439_rep02_TD_bundle.cha,data/generated/test2/reannotated/bundled_synthetic_children/stage1_td/pair_sli413_td439_rep02_TD_bundle.cha,76,1,1,0,0.000000,0,0.000000,1,0.013158,0,0.000000
pair_sli413_td439_rep03_TD_bundle,/Users/shamiraventurini/PycharmProjects/ICL-PILOT/data/generated/test2/reannotated/bundled_synthetic_children/stage1_td/pair_sli413_td439_rep03_TD_bundle.cha,data/generated/test2/reannotated/bundled_synthetic_children/stage1_td/pair_sli413_td439_rep03_TD_bundle.cha,61,2,2,1,0.016393,0,0.000000,1,0.016393,0,0.000000
pair_sli413_td439_rep04_TD_bundle,/Users/shamiraventurini/PycharmProjects/ICL-PILOT/data/generated/test2/reannotated/bundled_synthetic_children/stage1_td/pair_sli413_td439_rep04_TD_bundle.cha,data/generated/test2/reannotated/bundled_synthetic_children/stage1_td/pair_sli413_td439_rep04_TD_bundle.cha,70,0,0,0,0.000000,0,0.000000,0,0.000000,0,0.000000
pair_sli413_td439_rep05_TD_bundle,/Users/shamiraventurini/PycharmProjects/ICL-PILOT/data/generated/test2/reannotated/bundled_synthetic_children/stage1_td/pair_sli413_td439_rep05_TD_bundle.cha,data/generated/test2/reannotated/bundled_synthetic_children/stage1_td/pair_sli413_td439_rep05_TD_bundle.cha,76,2,2,0,0.000000,1,0.013158,1,0.013158,0,0.000000
pair_sli413_td439_rep06_TD_bundle,/Users/shamiraventurini/PycharmProjects/ICL-PILOT/data/generated/test2/reannotated/bundled_synthetic_children/stage1_td/pair_sli413_td439_rep06_TD_bundle.cha,data/generated/test2/reannotated/bundled_synthetic_children/stage1_td/pair_sli413_td439_rep06_TD_bundle.cha,69,0,0,0,0.000000,0,0.000000,0,0.000000,0,0.000000
pair_sli413_td439_rep07_TD_bundle,/Users/shamiraventurini/PycharmProjects/ICL-PILOT/data/generated/test2/reannotated/bundled_synthetic_children/stage1_td/pair_sli413_td439_rep07_TD_bundle.cha,data/generated/test2/reannotated/bundled_synthetic_children/stage1_td/pair_sli413_td439_rep07_TD_bundle.cha,74,1,1,0,0.000000,0,0.000000,1,0.013514,0,0.000000
pair_sli413_td439_rep08_TD_bundle,/Users/shamiraventurini/PycharmProjects/ICL-PILOT/data/generated/test2/reannotated/bundled_synthetic_children/stage1_td/pair_sli413_td439_rep08_TD_bundle.cha,data/generated/test2/reannotated/bundled_synthetic_children/stage1_td/pair_sli413_td439_rep08_TD_bundle.cha,81,0,0,0,0.000000,0,0.000000,0,0.000000,0,0.000000
pair_sli413_td439_rep09_TD_bundle,/Users/shamiraventurini/PycharmProjects/ICL-PILOT/data/generated/test2/reannotated/bundled_synthetic_children/stage1_td/pair_sli413_td439_rep09_TD_bundle.cha,data/generated/test2/reannotated/bundled_synthetic_children/stage1_td/pair_sli413_td439_rep09_TD_bundle.cha,75,2,2,1,0.013333,0,0.000000,0,0.000000,1,0.013333
pair_sli413_td439_rep10_TD_bundle,/Users/shamiraventurini/PycharmProjects/ICL-PILOT/data/generated/test2/reannotated/bundled_synthetic_children/stage1_td/pair_sli413_td439_rep10_TD_bundle.cha,data/generated/test2/reannotated/bundled_synthetic_children/stage1_td/pair_sli413_td439_rep10_TD_bundle.cha,85,14,15,9,0.105882,0,0.000000,3,0.035294,0,0.000000
pair_sli427_td406_rep01_TD_bundle,/Users/shamiraventurini/PycharmProjects/ICL-PILOT/data/generated/test2/reannotated/bundled_synthetic_children/stage1_td/pair_sli427_td406_rep01_TD_bundle.cha,data/generated/test2/reannotated/bundled_synthetic_children/stage1_td/pair_sli427_td406_rep01_TD_bundle.cha,70,20,21,17,0.242857,0,0.000000,2,0.028571,0,0.000000
pair_sli427_td406_rep02_TD_bundle,/Users/shamiraventurini/PycharmProjects/ICL-PILOT/data/generated/test2/reannotated/bundled_synthetic_children/stage1_td/pair_sli427_td406_rep02_TD_bundle.cha,data/generated/test2/reannotated/bundled_synthetic_children/stage1_td/pair_sli427_td406_rep02_TD_bundle.cha,59,2,2,0,0.000000,0,0.000000,2,0.033898,0,0.000000
pair_sli427_td406_rep03_TD_bundle,/Users/shamiraventurini/PycharmProjects/ICL-PILOT/data/generated/test2/reannotated/bundled_synthetic_children/stage1_td/pair_sli427_td406_rep03_TD_bundle.cha,data/generated/test2/reannotated/bundled_synthetic_children/stage1_td/pair_sli427_td406_rep03_TD_bundle.cha,85,11,11,8,0.094118,0,0.000000,1,0.011765,0,0.000000
pair_sli427_td406_rep04_TD_bundle,/Users/shamiraventurini/PycharmProjects/ICL-PILOT/data/generated/test2/reannotated/bundled_synthetic_children/stage1_td/pair_sli427_td406_rep04_TD_bundle.cha,data/generated/test2/reannotated/bundled_synthetic_children/stage1_td/pair_sli427_td406_rep04_TD_bundle.cha,75,6,6,5,0.066667,0,0.000000,1,0.013333,0,0.000000
pair_sli427_td406_rep05_TD_bundle,/Users/shamiraventurini/PycharmProjects/ICL-PILOT/data/generated/test2/reannotated/bundled_synthetic_children/stage1_td/pair_sli427_td406_rep05_TD_bundle.cha,data/generated/test2/reannotated/bundled_synthetic_children/stage1_td/pair_sli427_td406_rep05_TD_bundle.cha,86,13,13,8,0.093023,1,0.011628,1,0.011628,1,0.011628
pair_sli427_td406_rep06_TD_bundle,/Users/shamiraventurini/PycharmProjects/ICL-PILOT/data/generated/test2/reannotated/bundled_synthetic_children/stage1_td/pair_sli427_td406_rep06_TD_bundle.cha,data/generated/test2/reannotated/bundled_synthetic_children/stage1_td/pair_sli427_td406_rep06_TD_bundle.cha,81,3,3,2,0.024691,0,0.000000,1,0.012346,0,0.000000
pair_sli427_td406_rep07_TD_bundle,/Users/shamiraventurini/PycharmProjects/ICL-PILOT/data/generated/test2/reannotated/bundled_synthetic_children/stage1_td/pair_sli427_td406_rep07_TD_bundle.cha,data/generated/test2/reannotated/bundled_synthetic_children/stage1_td/pair_sli427_td406_rep07_TD_bundle.cha,74,10,10,7,0.094595,0,0.000000,2,0.027027,0,0.000000
pair_sli427_td406_rep08_TD_bundle,/Users/shamiraventurini/PycharmProjects/ICL-PILOT/data/generated/test2/reannotated/bundled_synthetic_children/stage1_td/pair_sli427_td406_rep08_TD_bundle.cha,data/generated/test2/reannotated/bundled_synthetic_children/stage1_td/pair_sli427_td406_rep08_TD_bundle.cha,69,7,7,6,0.086957,0,0.000000,0,0.000000,0,0.000000
pair_sli427_td406_rep09_TD_bundle,/Users/shamiraventurini/PycharmProjects/ICL-PILOT/data/generated/test2/reannotated/bundled_synthetic_children/stage1_td/pair_sli427_td406_rep09_TD_bundle.cha,data/generated/test2/reannotated/bundled_synthetic_children/stage1_td/pair_sli427_td406_rep09_TD_bundle.cha,72,13,14,12,0.166667,0,0.000000,2,0.027778,0,0.000000
pair_sli427_td406_rep10_TD_bundle,/Users/shamiraventurini/PycharmProjects/ICL-PILOT/data/generated/test2/reannotated/bundled_synthetic_children/stage1_td/pair_sli427_td406_rep10_TD_bundle.cha,data/generated/test2/reannotated/bundled_synthetic_children/stage1_td/pair_sli427_td406_rep10_TD_bundle.cha,64,16,18,8,0.125000,0,0.000000,9,0.140625,0,0.000000
pair_sli444_td410_rep01_TD_bundle,/Users/shamiraventurini/PycharmProjects/ICL-PILOT/data/generated/test2/reannotated/bundled_synthetic_children/stage1_td/pair_sli444_td410_rep01_TD_bundle.cha,data/generated/test2/reannotated/bundled_synthetic_children/stage1_td/pair_sli444_td410_rep01_TD_bundle.cha,73,2,2,0,0.000000,0,0.000000,0,0.000000,0,0.000000
pair_sli444_td410_rep02_TD_bundle,/Users/shamiraventurini/PycharmProjects/ICL-PILOT/data/generated/test2/reannotated/bundled_synthetic_children/stage1_td/pair_sli444_td410_rep02_TD_bundle.cha,data/generated/test2/reannotated/bundled_synthetic_children/stage1_td/pair_sli444_td410_rep02_TD_bundle.cha,64,4,4,3,0.046875,0,0.000000,0,0.000000,0,0.000000
pair_sli444_td410_rep03_TD_bundle,/Users/shamiraventurini/PycharmProjects/ICL-PILOT/data/generated/test2/reannotated/bundled_synthetic_children/stage1_td/pair_sli444_td410_rep03_TD_bundle.cha,data/generated/test2/reannotated/bundled_synthetic_children/stage1_td/pair_sli444_td410_rep03_TD_bundle.cha,65,7,8,8,0.123077,0,0.000000,0,0.000000,0,0.000000
pair_sli444_td410_rep04_TD_bundle,/Users/shamiraventurini/PycharmProjects/ICL-PILOT/data/generated/test2/reannotated/bundled_synthetic_children/stage1_td/pair_sli444_td410_rep04_TD_bundle.cha,data/generated/test2/reannotated/bundled_synthetic_children/stage1_td/pair_sli444_td410_rep04_TD_bundle.cha,77,7,8,5,0.064935,0,0.000000,2,0.025974,0,0.000000
pair_sli444_td410_rep05_TD_bundle,/Users/shamiraventurini/PycharmProjects/ICL-PILOT/data/generated/test2/reannotated/bundled_synthetic_children/stage1_td/pair_sli444_td410_rep05_TD_bundle.cha,data/generated/test2/reannotated/bundled_synthetic_children/stage1_td/pair_sli444_td410_rep05_TD_bundle.cha,59,1,1,1,0.016949,0,0.000000,0,0.000000,0,0.000000
pair_sli444_td410_rep06_TD_bundle,/Users/shamiraventurini/PycharmProjects/ICL-PILOT/data/generated/test2/reannotated/bundled_synthetic_children/stage1_td/pair_sli444_td410_rep06_TD_bundle.cha,data/generated/test2/reannotated/bundled_synthetic_children/stage1_td/pair_sli444_td410_rep06_TD_bundle.cha,73,3,3,2,0.027397,0,0.000000,1,0.013699,0,0.000000
pair_sli444_td410_rep07_TD_bundle,/Users/shamiraventurini/PycharmProjects/ICL-PILOT/data/generated/test2/reannotated/bundled_synthetic_children/stage1_td/pair_sli444_td410_rep07_TD_bundle.cha,data/generated/test2/reannotated/bundled_synthetic_children/stage1_td/pair_sli444_td410_rep07_TD_bundle.cha,75,3,3,1,0.013333,1,0.013333,0,0.000000,0,0.000000
pair_sli444_td410_rep08_TD_bundle,/Users/shamiraventurini/PycharmProjects/ICL-PILOT/data/generated/test2/reannotated/bundled_synthetic_children/stage1_td/pair_sli444_td410_rep08_TD_bundle.cha,data/generated/test2/reannotated/bundled_synthetic_children/stage1_td/pair_sli444_td410_rep08_TD_bundle.cha,71,12,14,8,0.112676,1,0.014085,1,0.014085,0,0.000000
pair_sli444_td410_rep09_TD_bundle,/Users/shamiraventurini/PycharmProjects/ICL-PILOT/data/generated/test2/reannotated/bundled_synthetic_children/stage1_td/pair_sli444_td410_rep09_TD_bundle.cha,data/generated/test2/reannotated/bundled_synthetic_children/stage1_td/pair_sli444_td410_rep09_TD_bundle.cha,82,8,8,7,0.085366,0,0.000000,1,0.012195,0,0.000000
pair_sli444_td410_rep10_TD_bundle,/Users/shamiraventurini/PycharmProjects/ICL-PILOT/data/generated/test2/reannotated/bundled_synthetic_children/stage1_td/pair_sli444_td410_rep10_TD_bundle.cha,data/generated/test2/reannotated/bundled_synthetic_children/stage1_td/pair_sli444_td410_rep10_TD_bundle.cha,63,8,8,8,0.126984,0,0.000000,0,0.000000,0,0.000000
pair_sli474_td459_rep01_TD_bundle,/Users/shamiraventurini/PycharmProjects/ICL-PILOT/data/generated/test2/reannotated/bundled_synthetic_children/stage1_td/pair_sli474_td459_rep01_TD_bundle.cha,data/generated/test2/reannotated/bundled_synthetic_children/stage1_td/pair_sli474_td459_rep01_TD_bundle.cha,58,3,4,2,0.034483,0,0.000000,0,0.000000,0,0.000000
pair_sli474_td459_rep02_TD_bundle,/Users/shamiraventurini/PycharmProjects/ICL-PILOT/data/generated/test2/reannotated/bundled_synthetic_children/stage1_td/pair_sli474_td459_rep02_TD_bundle.cha,data/generated/test2/reannotated/bundled_synthetic_children/stage1_td/pair_sli474_td459_rep02_TD_bundle.cha,58,1,1,0,0.000000,0,0.000000,0,0.000000,0,0.000000
pair_sli474_td459_rep03_TD_bundle,/Users/shamiraventurini/PycharmProjects/ICL-PILOT/data/generated/test2/reannotated/bundled_synthetic_children/stage1_td/pair_sli474_td459_rep03_TD_bundle.cha,data/generated/test2/reannotated/bundled_synthetic_children/stage1_td/pair_sli474_td459_rep03_TD_bundle.cha,63,5,5,3,0.047619,1,0.015873,0,0.000000,0,0.000000
pair_sli474_td459_rep04_TD_bundle,/Users/shamiraventurini/PycharmProjects/ICL-PILOT/data/generated/test2/reannotated/bundled_synthetic_children/stage1_td/pair_sli474_td459_rep04_TD_bundle.cha,data/generated/test2/reannotated/bundled_synthetic_children/stage1_td/pair_sli474_td459_rep04_TD_bundle.cha,59,1,1,0,0.000000,0,0.000000,0,0.000000,0,0.000000
pair_sli474_td459_rep05_TD_bundle,/Users/shamiraventurini/PycharmProjects/ICL-PILOT/data/generated/test2/reannotated/bundled_synthetic_children/stage1_td/pair_sli474_td459_rep05_TD_bundle.cha,data/generated/test2/reannotated/bundled_synthetic_children/stage1_td/pair_sli474_td459_rep05_TD_bundle.cha,62,5,6,4,0.064516,0,0.000000,1,0.016129,0,0.000000
pair_sli474_td459_rep06_TD_bundle,/Users/shamiraventurini/PycharmProjects/ICL-PILOT/data/generated/test2/reannotated/bundled_synthetic_children/stage1_td/pair_sli474_td459_rep06_TD_bundle.cha,data/generated/test2/reannotated/bundled_synthetic_children/stage1_td/pair_sli474_td459_rep06_TD_bundle.cha,58,1,1,1,0.017241,0,0.000000,0,0.000000,0,0.000000
pair_sli474_td459_rep07_TD_bundle,/Users/shamiraventurini/PycharmProjects/ICL-PILOT/data/generated/test2/reannotated/bundled_synthetic_children/stage1_td/pair_sli474_td459_rep07_TD_bundle.cha,data/generated/test2/reannotated/bundled_synthetic_children/stage1_td/pair_sli474_td459_rep07_TD_bundle.cha,53,3,3,2,0.037736,0,0.000000,0,0.000000,0,0.000000
pair_sli474_td459_rep08_TD_bundle,/Users/shamiraventurini/PycharmProjects/ICL-PILOT/data/generated/test2/reannotated/bundled_synthetic_children/stage1_td/pair_sli474_td459_rep08_TD_bundle.cha,data/generated/test2/reannotated/bundled_synthetic_children/stage1_td/pair_sli474_td459_rep08_TD_bundle.cha,64,2,2,1,0.015625,0,0.000000,0,0.000000,1,0.015625
pair_sli474_td459_rep09_TD_bundle,/Users/shamiraventurini/PycharmProjects/ICL-PILOT/data/generated/test2/reannotated/bundled_synthetic_children/stage1_td/pair_sli474_td459_rep09_TD_bundle.cha,data/generated/test2/reannotated/bundled_synthetic_children/stage1_td/pair_sli474_td459_rep09_TD_bundle.cha,66,0,0,0,0.000000,0,0.000000,0,0.000000,0,0.000000
pair_sli474_td459_rep10_TD_bundle,/Users/shamiraventurini/PycharmProjects/ICL-PILOT/data/generated/test2/reannotated/bundled_synthetic_children/stage1_td/pair_sli474_td459_rep10_TD_bundle.cha,data/generated/test2/reannotated/bundled_synthetic_children/stage1_td/pair_sli474_td459_rep10_TD_bundle.cha,62,2,2,1,0.016129,0,0.000000,0,0.000000,0,0.000000
pair_sli475_td417_rep01_TD_bundle,/Users/shamiraventurini/PycharmProjects/ICL-PILOT/data/generated/test2/reannotated/bundled_synthetic_children/stage1_td/pair_sli475_td417_rep01_TD_bundle.cha,data/generated/test2/reannotated/bundled_synthetic_children/stage1_td/pair_sli475_td417_rep01_TD_bundle.cha,69,2,2,0,0.000000,1,0.014493,1,0.014493,0,0.000000
pair_sli475_td417_rep02_TD_bundle,/Users/shamiraventurini/PycharmProjects/ICL-PILOT/data/generated/test2/reannotated/bundled_synthetic_children/stage1_td/pair_sli475_td417_rep02_TD_bundle.cha,data/generated/test2/reannotated/bundled_synthetic_children/stage1_td/pair_sli475_td417_rep02_TD_bundle.cha,64,1,1,0,0.000000,0,0.000000,1,0.015625,0,0.000000
pair_sli475_td417_rep03_TD_bundle,/Users/shamiraventurini/PycharmProjects/ICL-PILOT/data/generated/test2/reannotated/bundled_synthetic_children/stage1_td/pair_sli475_td417_rep03_TD_bundle.cha,data/generated/test2/reannotated/bundled_synthetic_children/stage1_td/pair_sli475_td417_rep03_TD_bundle.cha,77,7,8,6,0.077922,0,0.000000,2,0.025974,0,0.000000
pair_sli475_td417_rep04_TD_bundle,/Users/shamiraventurini/PycharmProjects/ICL-PILOT/data/generated/test2/reannotated/bundled_synthetic_children/stage1_td/pair_sli475_td417_rep04_TD_bundle.cha,data/generated/test2/reannotated/bundled_synthetic_children/stage1_td/pair_sli475_td417_rep04_TD_bundle.cha,71,0,0,0,0.000000,0,0.000000,0,0.000000,0,0.000000
pair_sli475_td417_rep05_TD_bundle,/Users/shamiraventurini/PycharmProjects/ICL-PILOT/data/generated/test2/reannotated/bundled_synthetic_children/stage1_td/pair_sli475_td417_rep05_TD_bundle.cha,data/generated/test2/reannotated/bundled_synthetic_children/stage1_td/pair_sli475_td417_rep05_TD_bundle.cha,67,1,1,0,0.000000,0,0.000000,0,0.000000,0,0.000000
pair_sli475_td417_rep06_TD_bundle,/Users/shamiraventurini/PycharmProjects/ICL-PILOT/data/generated/test2/reannotated/bundled_synthetic_children/stage1_td/pair_sli475_td417_rep06_TD_bundle.cha,data/generated/test2/reannotated/bundled_synthetic_children/stage1_td/pair_sli475_td417_rep06_TD_bundle.cha,64,2,2,0,0.000000,0,0.000000,1,0.015625,0,0.000000
pair_sli475_td417_rep07_TD_bundle,/Users/shamiraventurini/PycharmProjects/ICL-PILOT/data/generated/test2/reannotated/bundled_synthetic_children/stage1_td/pair_sli475_td417_rep07_TD_bundle.cha,data/generated/test2/reannotated/bundled_synthetic_children/stage1_td/pair_sli475_td417_rep07_TD_bundle.cha,70,2,2,0,0.000000,0,0.000000,1,0.014286,0,0.000000
pair_sli475_td417_rep08_TD_bundle,/Users/shamiraventurini/PycharmProjects/ICL-PILOT/data/generated/test2/reannotated/bundled_synthetic_children/stage1_td/pair_sli475_td417_rep08_TD_bundle.cha,data/generated/test2/reannotated/bundled_synthetic_children/stage1_td/pair_sli475_td417_rep08_TD_bundle.cha,82,1,1,0,0.000000,0,0.000000,1,0.012195,0,0.000000
pair_sli475_td417_rep09_TD_bundle,/Users/shamiraventurini/PycharmProjects/ICL-PILOT/data/generated/test2/reannotated/bundled_synthetic_children/stage1_td/pair_sli475_td417_rep09_TD_bundle.cha,data/generated/test2/reannotated/bundled_synthetic_children/stage1_td/pair_sli475_td417_rep09_TD_bundle.cha,66,1,1,0,0.000000,0,0.000000,0,0.000000,0,0.000000
pair_sli475_td417_rep10_TD_bundle,/Users/shamiraventurini/PycharmProjects/ICL-PILOT/data/generated/test2/reannotated/bundled_synthetic_children/stage1_td/pair_sli475_td417_rep10_TD_bundle.cha,data/generated/test2/reannotated/bundled_synthetic_children/stage1_td/pair_sli475_td417_rep10_TD_bundle.cha,67,1,1,0,0.000000,0,0.000000,0,0.000000,0,0.000000
pair_sli476_td460_rep01_TD_bundle,/Users/shamiraventurini/PycharmProjects/ICL-PILOT/data/generated/test2/reannotated/bundled_synthetic_children/stage1_td/pair_sli476_td460_rep01_TD_bundle.cha,data/generated/test2/reannotated/bundled_synthetic_children/stage1_td/pair_sli476_td460_rep01_TD_bundle.cha,62,0,0,0,0.000000,0,0.000000,0,0.000000,0,0.000000
pair_sli476_td460_rep02_TD_bundle,/Users/shamiraventurini/PycharmProjects/ICL-PILOT/data/generated/test2/reannotated/bundled_synthetic_children/stage1_td/pair_sli476_td460_rep02_TD_bundle.cha,data/generated/test2/reannotated/bundled_synthetic_children/stage1_td/pair_sli476_td460_rep02_TD_bundle.cha,75,1,1,0,0.000000,0,0.000000,0,0.000000,0,0.000000
pair_sli476_td460_rep03_TD_bundle,/Users/shamiraventurini/PycharmProjects/ICL-PILOT/data/generated/test2/reannotated/bundled_synthetic_children/stage1_td/pair_sli476_td460_rep03_TD_bundle.cha,data/generated/test2/reannotated/bundled_synthetic_children/stage1_td/pair_sli476_td460_rep03_TD_bundle.cha,56,1,1,1,0.017857,0,0.000000,0,0.000000,0,0.000000
pair_sli476_td460_rep04_TD_bundle,/Users/shamiraventurini/PycharmProjects/ICL-PILOT/data/generated/test2/reannotated/bundled_synthetic_children/stage1_td/pair_sli476_td460_rep04_TD_bundle.cha,data/generated/test2/reannotated/bundled_synthetic_children/stage1_td/pair_sli476_td460_rep04_TD_bundle.cha,85,1,1,0,0.000000,0,0.000000,0,0.000000,0,0.000000
pair_sli476_td460_rep05_TD_bundle,/Users/shamiraventurini/PycharmProjects/ICL-PILOT/data/generated/test2/reannotated/bundled_synthetic_children/stage1_td/pair_sli476_td460_rep05_TD_bundle.cha,data/generated/test2/reannotated/bundled_synthetic_children/stage1_td/pair_sli476_td460_rep05_TD_bundle.cha,64,2,2,2,0.031250,0,0.000000,0,0.000000,0,0.000000
pair_sli476_td460_rep06_TD_bundle,/Users/shamiraventurini/PycharmProjects/ICL-PILOT/data/generated/test2/reannotated/bundled_synthetic_children/stage1_td/pair_sli476_td460_rep06_TD_bundle.cha,data/generated/test2/reannotated/bundled_synthetic_children/stage1_td/pair_sli476_td460_rep06_TD_bundle.cha,70,3,3,3,0.042857,0,0.000000,0,0.000000,0,0.000000
pair_sli476_td460_rep07_TD_bundle,/Users/shamiraventurini/PycharmProjects/ICL-PILOT/data/generated/test2/reannotated/bundled_synthetic_children/stage1_td/pair_sli476_td460_rep07_TD_bundle.cha,data/generated/test2/reannotated/bundled_synthetic_children/stage1_td/pair_sli476_td460_rep07_TD_bundle.cha,66,0,0,0,0.000000,0,0.000000,0,0.000000,0,0.000000
pair_sli476_td460_rep08_TD_bundle,/Users/shamiraventurini/PycharmProjects/ICL-PILOT/data/generated/test2/reannotated/bundled_synthetic_children/stage1_td/pair_sli476_td460_rep08_TD_bundle.cha,data/generated/test2/reannotated/bundled_synthetic_children/stage1_td/pair_sli476_td460_rep08_TD_bundle.cha,64,0,0,0,0.000000,0,0.000000,0,0.000000,0,0.000000
pair_sli476_td460_rep09_TD_bundle,/Users/shamiraventurini/PycharmProjects/ICL-PILOT/data/generated/test2/reannotated/bundled_synthetic_children/stage1_td/pair_sli476_td460_rep09_TD_bundle.cha,data/generated/test2/reannotated/bundled_synthetic_children/stage1_td/pair_sli476_td460_rep09_TD_bundle.cha,61,3,3,1,0.016393,0,0.000000,0,0.000000,0,0.000000
pair_sli476_td460_rep10_TD_bundle,/Users/shamiraventurini/PycharmProjects/ICL-PILOT/data/generated/test2/reannotated/bundled_synthetic_children/stage1_td/pair_sli476_td460_rep10_TD_bundle.cha,data/generated/test2/reannotated/bundled_synthetic_children/stage1_td/pair_sli476_td460_rep10_TD_bundle.cha,77,1,1,0,0.000000,1,0.012987,0,0.000000,0,0.000000
pair_sli477_td415_rep01_TD_bundle,/Users/shamiraventurini/PycharmProjects/ICL-PILOT/data/generated/test2/reannotated/bundled_synthetic_children/stage1_td/pair_sli477_td415_rep01_TD_bundle.cha,data/generated/test2/reannotated/bundled_synthetic_children/stage1_td/pair_sli477_td415_rep01_TD_bundle.cha,53,19,22,20,0.377358,0,0.000000,1,0.018868,0,0.000000
pair_sli477_td415_rep02_TD_bundle,/Users/shamiraventurini/PycharmProjects/ICL-PILOT/data/generated/test2/reannotated/bundled_synthetic_children/stage1_td/pair_sli477_td415_rep02_TD_bundle.cha,data/generated/test2/reannotated/bundled_synthetic_children/stage1_td/pair_sli477_td415_rep02_TD_bundle.cha,56,10,11,7,0.125000,0,0.000000,1,0.017857,0,0.000000
pair_sli477_td415_rep03_TD_bundle,/Users/shamiraventurini/PycharmProjects/ICL-PILOT/data/generated/test2/reannotated/bundled_synthetic_children/stage1_td/pair_sli477_td415_rep03_TD_bundle.cha,data/generated/test2/reannotated/bundled_synthetic_children/stage1_td/pair_sli477_td415_rep03_TD_bundle.cha,71,18,18,16,0.225352,0,0.000000,1,0.014085,0,0.000000
pair_sli477_td415_rep04_TD_bundle,/Users/shamiraventurini/PycharmProjects/ICL-PILOT/data/generated/test2/reannotated/bundled_synthetic_children/stage1_td/pair_sli477_td415_rep04_TD_bundle.cha,data/generated/test2/reannotated/bundled_synthetic_children/stage1_td/pair_sli477_td415_rep04_TD_bundle.cha,69,24,26,26,0.376812,0,0.000000,0,0.000000,0,0.000000
pair_sli477_td415_rep05_TD_bundle,/Users/shamiraventurini/PycharmProjects/ICL-PILOT/data/generated/test2/reannotated/bundled_synthetic_children/stage1_td/pair_sli477_td415_rep05_TD_bundle.cha,data/generated/test2/reannotated/bundled_synthetic_children/stage1_td/pair_sli477_td415_rep05_TD_bundle.cha,66,21,23,20,0.303030,0,0.000000,3,0.045455,0,0.000000
pair_sli477_td415_rep06_TD_bundle,/Users/shamiraventurini/PycharmProjects/ICL-PILOT/data/generated/test2/reannotated/bundled_synthetic_children/stage1_td/pair_sli477_td415_rep06_TD_bundle.cha,data/generated/test2/reannotated/bundled_synthetic_children/stage1_td/pair_sli477_td415_rep06_TD_bundle.cha,60,9,9,7,0.116667,1,0.016667,1,0.016667,0,0.000000
pair_sli477_td415_rep07_TD_bundle,/Users/shamiraventurini/PycharmProjects/ICL-PILOT/data/generated/test2/reannotated/bundled_synthetic_children/stage1_td/pair_sli477_td415_rep07_TD_bundle.cha,data/generated/test2/reannotated/bundled_synthetic_children/stage1_td/pair_sli477_td415_rep07_TD_bundle.cha,85,28,30,27,0.317647,0,0.000000,0,0.000000,0,0.000000
pair_sli477_td415_rep08_TD_bundle,/Users/shamiraventurini/PycharmProjects/ICL-PILOT/data/generated/test2/reannotated/bundled_synthetic_children/stage1_td/pair_sli477_td415_rep08_TD_bundle.cha,data/generated/test2/reannotated/bundled_synthetic_children/stage1_td/pair_sli477_td415_rep08_TD_bundle.cha,64,16,17,16,0.250000,0,0.000000,0,0.000000,1,0.015625
pair_sli477_td415_rep09_TD_bundle,/Users/shamiraventurini/PycharmProjects/ICL-PILOT/data/generated/test2/reannotated/bundled_synthetic_children/stage1_td/pair_sli477_td415_rep09_TD_bundle.cha,data/generated/test2/reannotated/bundled_synthetic_children/stage1_td/pair_sli477_td415_rep09_TD_bundle.cha,70,30,31,25,0.357143,0,0.000000,1,0.014286,0,0.000000
pair_sli477_td415_rep10_TD_bundle,/Users/shamiraventurini/PycharmProjects/ICL-PILOT/data/generated/test2/reannotated/bundled_synthetic_children/stage1_td/pair_sli477_td415_rep10_TD_bundle.cha,data/generated/test2/reannotated/bundled_synthetic_children/stage1_td/pair_sli477_td415_rep10_TD_bundle.cha,57,16,17,16,0.280702,1,0.017544,0,0.000000,0,0.000000
pair_sli478_td419_rep01_TD_bundle,/Users/shamiraventurini/PycharmProjects/ICL-PILOT/data/generated/test2/reannotated/bundled_synthetic_children/stage1_td/pair_sli478_td419_rep01_TD_bundle.cha,data/generated/test2/reannotated/bundled_synthetic_children/stage1_td/pair_sli478_td419_rep01_TD_bundle.cha,56,1,1,0,0.000000,0,0.000000,0,0.000000,0,0.000000
pair_sli478_td419_rep02_TD_bundle,/Users/shamiraventurini/PycharmProjects/ICL-PILOT/data/generated/test2/reannotated/bundled_synthetic_children/stage1_td/pair_sli478_td419_rep02_TD_bundle.cha,data/generated/test2/reannotated/bundled_synthetic_children/stage1_td/pair_sli478_td419_rep02_TD_bundle.cha,78,13,13,10,0.128205,0,0.000000,3,0.038462,0,0.000000
pair_sli478_td419_rep03_TD_bundle,/Users/shamiraventurini/PycharmProjects/ICL-PILOT/data/generated/test2/reannotated/bundled_synthetic_children/stage1_td/pair_sli478_td419_rep03_TD_bundle.cha,data/generated/test2/reannotated/bundled_synthetic_children/stage1_td/pair_sli478_td419_rep03_TD_bundle.cha,59,4,4,4,0.067797,0,0.000000,0,0.000000,0,0.000000
pair_sli478_td419_rep04_TD_bundle,/Users/shamiraventurini/PycharmProjects/ICL-PILOT/data/generated/test2/reannotated/bundled_synthetic_children/stage1_td/pair_sli478_td419_rep04_TD_bundle.cha,data/generated/test2/reannotated/bundled_synthetic_children/stage1_td/pair_sli478_td419_rep04_TD_bundle.cha,65,1,1,1,0.015385,0,0.000000,0,0.000000,0,0.000000
pair_sli478_td419_rep05_TD_bundle,/Users/shamiraventurini/PycharmProjects/ICL-PILOT/data/generated/test2/reannotated/bundled_synthetic_children/stage1_td/pair_sli478_td419_rep05_TD_bundle.cha,data/generated/test2/reannotated/bundled_synthetic_children/stage1_td/pair_sli478_td419_rep05_TD_bundle.cha,63,1,1,1,0.015873,0,0.000000,0,0.000000,0,0.000000
pair_sli478_td419_rep06_TD_bundle,/Users/shamiraventurini/PycharmProjects/ICL-PILOT/data/generated/test2/reannotated/bundled_synthetic_children/stage1_td/pair_sli478_td419_rep06_TD_bundle.cha,data/generated/test2/reannotated/bundled_synthetic_children/stage1_td/pair_sli478_td419_rep06_TD_bundle.cha,70,1,1,1,0.014286,0,0.000000,0,0.000000,0,0.000000
pair_sli478_td419_rep07_TD_bundle,/Users/shamiraventurini/PycharmProjects/ICL-PILOT/data/generated/test2/reannotated/bundled_synthetic_children/stage1_td/pair_sli478_td419_rep07_TD_bundle.cha,data/generated/test2/reannotated/bundled_synthetic_children/stage1_td/pair_sli478_td419_rep07_TD_bundle.cha,55,8,8,7,0.127273,0,0.000000,0,0.000000,1,0.018182
pair_sli478_td419_rep08_TD_bundle,/Users/shamiraventurini/PycharmProjects/ICL-PILOT/data/generated/test2/reannotated/bundled_synthetic_children/stage1_td/pair_sli478_td419_rep08_TD_bundle.cha,data/generated/test2/reannotated/bundled_synthetic_children/stage1_td/pair_sli478_td419_rep08_TD_bundle.cha,60,4,4,0,0.000000,1,0.016667,3,0.050000,0,0.000000
pair_sli478_td419_rep09_TD_bundle,/Users/shamiraventurini/PycharmProjects/ICL-PILOT/data/generated/test2/reannotated/bundled_synthetic_children/stage1_td/pair_sli478_td419_rep09_TD_bundle.cha,data/generated/test2/reannotated/bundled_synthetic_children/stage1_td/pair_sli478_td419_rep09_TD_bundle.cha,66,0,0,0,0.000000,0,0.000000,0,0.000000,0,0.000000
pair_sli478_td419_rep10_TD_bundle,/Users/shamiraventurini/PycharmProjects/ICL-PILOT/data/generated/test2/reannotated/bundled_synthetic_children/stage1_td/pair_sli478_td419_rep10_TD_bundle.cha,data/generated/test2/reannotated/bundled_synthetic_children/stage1_td/pair_sli478_td419_rep10_TD_bundle.cha,69,2,2,0,0.000000,0,0.000000,1,0.014493,0,0.000000
pair_sli479_td471_rep01_TD_bundle,/Users/shamiraventurini/PycharmProjects/ICL-PILOT/data/generated/test2/reannotated/bundled_synthetic_children/stage1_td/pair_sli479_td471_rep01_TD_bundle.cha,data/generated/test2/reannotated/bundled_synthetic_children/stage1_td/pair_sli479_td471_rep01_TD_bundle.cha,71,0,0,0,0.000000,0,0.000000,0,0.000000,0,0.000000
pair_sli479_td471_rep02_TD_bundle,/Users/shamiraventurini/PycharmProjects/ICL-PILOT/data/generated/test2/reannotated/bundled_synthetic_children/stage1_td/pair_sli479_td471_rep02_TD_bundle.cha,data/generated/test2/reannotated/bundled_synthetic_children/stage1_td/pair_sli479_td471_rep02_TD_bundle.cha,58,1,1,0,0.000000,1,0.017241,0,0.000000,0,0.000000
pair_sli479_td471_rep03_TD_bundle,/Users/shamiraventurini/PycharmProjects/ICL-PILOT/data/generated/test2/reannotated/bundled_synthetic_children/stage1_td/pair_sli479_td471_rep03_TD_bundle.cha,data/generated/test2/reannotated/bundled_synthetic_children/stage1_td/pair_sli479_td471_rep03_TD_bundle.cha,66,2,2,1,0.015152,0,0.000000,1,0.015152,0,0.000000
pair_sli479_td471_rep04_TD_bundle,/Users/shamiraventurini/PycharmProjects/ICL-PILOT/data/generated/test2/reannotated/bundled_synthetic_children/stage1_td/pair_sli479_td471_rep04_TD_bundle.cha,data/generated/test2/reannotated/bundled_synthetic_children/stage1_td/pair_sli479_td471_rep04_TD_bundle.cha,65,8,8,8,0.123077,0,0.000000,0,0.000000,0,0.000000
pair_sli479_td471_rep05_TD_bundle,/Users/shamiraventurini/PycharmProjects/ICL-PILOT/data/generated/test2/reannotated/bundled_synthetic_children/stage1_td/pair_sli479_td471_rep05_TD_bundle.cha,data/generated/test2/reannotated/bundled_synthetic_children/stage1_td/pair_sli479_td471_rep05_TD_bundle.cha,58,2,2,0,0.000000,0,0.000000,2,0.034483,0,0.000000
pair_sli479_td471_rep06_TD_bundle,/Users/shamiraventurini/PycharmProjects/ICL-PILOT/data/generated/test2/reannotated/bundled_synthetic_children/stage1_td/pair_sli479_td471_rep06_TD_bundle.cha,data/generated/test2/reannotated/bundled_synthetic_children/stage1_td/pair_sli479_td471_rep06_TD_bundle.cha,64,1,1,0,0.000000,0,0.000000,1,0.015625,0,0.000000
pair_sli479_td471_rep07_TD_bundle,/Users/shamiraventurini/PycharmProjects/ICL-PILOT/data/generated/test2/reannotated/bundled_synthetic_children/stage1_td/pair_sli479_td471_rep07_TD_bundle.cha,data/generated/test2/reannotated/bundled_synthetic_children/stage1_td/pair_sli479_td471_rep07_TD_bundle.cha,64,1,1,1,0.015625,0,0.000000,0,0.000000,0,0.000000
pair_sli479_td471_rep08_TD_bundle,/Users/shamiraventurini/PycharmProjects/ICL-PILOT/data/generated/test2/reannotated/bundled_synthetic_children/stage1_td/pair_sli479_td471_rep08_TD_bundle.cha,data/generated/test2/reannotated/bundled_synthetic_children/stage1_td/pair_sli479_td471_rep08_TD_bundle.cha,56,1,1,1,0.017857,0,0.000000,0,0.000000,0,0.000000
pair_sli479_td471_rep09_TD_bundle,/Users/shamiraventurini/PycharmProjects/ICL-PILOT/data/generated/test2/reannotated/bundled_synthetic_children/stage1_td/pair_sli479_td471_rep09_TD_bundle.cha,data/generated/test2/reannotated/bundled_synthetic_children/stage1_td/pair_sli479_td471_rep09_TD_bundle.cha,56,0,0,0,0.000000,0,0.000000,0,0.000000,0,0.000000
pair_sli479_td471_rep10_TD_bundle,/Users/shamiraventurini/PycharmProjects/ICL-PILOT/data/generated/test2/reannotated/bundled_synthetic_children/stage1_td/pair_sli479_td471_rep10_TD_bundle.cha,data/generated/test2/reannotated/bundled_synthetic_children/stage1_td/pair_sli479_td471_rep10_TD_bundle.cha,70,2,2,1,0.014286,1,0.014286,0,0.000000,0,0.000000
pair_sli480_td450_rep01_TD_bundle,/Users/shamiraventurini/PycharmProjects/ICL-PILOT/data/generated/test2/reannotated/bundled_synthetic_children/stage1_td/pair_sli480_td450_rep01_TD_bundle.cha,data/generated/test2/reannotated/bundled_synthetic_children/stage1_td/pair_sli480_td450_rep01_TD_bundle.cha,64,14,15,13,0.203125,1,0.015625,0,0.000000,1,0.015625
pair_sli480_td450_rep02_TD_bundle,/Users/shamiraventurini/PycharmProjects/ICL-PILOT/data/generated/test2/reannotated/bundled_synthetic_children/stage1_td/pair_sli480_td450_rep02_TD_bundle.cha,data/generated/test2/reannotated/bundled_synthetic_children/stage1_td/pair_sli480_td450_rep02_TD_bundle.cha,56,10,10,9,0.160714,0,0.000000,1,0.017857,0,0.000000
pair_sli480_td450_rep03_TD_bundle,/Users/shamiraventurini/PycharmProjects/ICL-PILOT/data/generated/test2/reannotated/bundled_synthetic_children/stage1_td/pair_sli480_td450_rep03_TD_bundle.cha,data/generated/test2/reannotated/bundled_synthetic_children/stage1_td/pair_sli480_td450_rep03_TD_bundle.cha,67,15,15,10,0.149254,1,0.014925,3,0.044776,0,0.000000
pair_sli480_td450_rep04_TD_bundle,/Users/shamiraventurini/PycharmProjects/ICL-PILOT/data/generated/test2/reannotated/bundled_synthetic_children/stage1_td/pair_sli480_td450_rep04_TD_bundle.cha,data/generated/test2/reannotated/bundled_synthetic_children/stage1_td/pair_sli480_td450_rep04_TD_bundle.cha,53,6,6,6,0.113208,0,0.000000,0,0.000000,0,0.000000
pair_sli480_td450_rep05_TD_bundle,/Users/shamiraventurini/PycharmProjects/ICL-PILOT/data/generated/test2/reannotated/bundled_synthetic_children/stage1_td/pair_sli480_td450_rep05_TD_bundle.cha,data/generated/test2/reannotated/bundled_synthetic_children/stage1_td/pair_sli480_td450_rep05_TD_bundle.cha,68,12,13,3,0.044118,0,0.000000,0,0.000000,4,0.058824
pair_sli480_td450_rep06_TD_bundle,/Users/shamiraventurini/PycharmProjects/ICL-PILOT/data/generated/test2/reannotated/bundled_synthetic_children/stage1_td/pair_sli480_td450_rep06_TD_bundle.cha,data/generated/test2/reannotated/bundled_synthetic_children/stage1_td/pair_sli480_td450_rep06_TD_bundle.cha,62,16,17,16,0.258065,1,0.016129,0,0.000000,0,0.000000
pair_sli480_td450_rep07_TD_bundle,/Users/shamiraventurini/PycharmProjects/ICL-PILOT/data/generated/test2/reannotated/bundled_synthetic_children/stage1_td/pair_sli480_td450_rep07_TD_bundle.cha,data/generated/test2/reannotated/bundled_synthetic_children/stage1_td/pair_sli480_td450_rep07_TD_bundle.cha,58,5,5,5,0.086207,0,0.000000,0,0.000000,0,0.000000
pair_sli480_td450_rep08_TD_bundle,/Users/shamiraventurini/PycharmProjects/ICL-PILOT/data/generated/test2/reannotated/bundled_synthetic_children/stage1_td/pair_sli480_td450_rep08_TD_bundle.cha,data/generated/test2/reannotated/bundled_synthetic_children/stage1_td/pair_sli480_td450_rep08_TD_bundle.cha,56,2,2,0,0.000000,1,0.017857,1,0.017857,0,0.000000
pair_sli480_td450_rep09_TD_bundle,/Users/shamiraventurini/PycharmProjects/ICL-PILOT/data/generated/test2/reannotated/bundled_synthetic_children/stage1_td/pair_sli480_td450_rep09_TD_bundle.cha,data/generated/test2/reannotated/bundled_synthetic_children/stage1_td/pair_sli480_td450_rep09_TD_bundle.cha,68,13,13,7,0.102941,0,0.000000,0,0.000000,0,0.000000
pair_sli480_td450_rep10_TD_bundle,/Users/shamiraventurini/PycharmProjects/ICL-PILOT/data/generated/test2/reannotated/bundled_synthetic_children/stage1_td/pair_sli480_td450_rep10_TD_bundle.cha,data/generated/test2/reannotated/bundled_synthetic_children/stage1_td/pair_sli480_td450_rep10_TD_bundle.cha,71,6,6,6,0.084507,0,0.000000,0,0.000000,0,0.000000
pair_sli482_td466_rep01_TD_bundle,/Users/shamiraventurini/PycharmProjects/ICL-PILOT/data/generated/test2/reannotated/bundled_synthetic_children/stage1_td/pair_sli482_td466_rep01_TD_bundle.cha,data/generated/test2/reannotated/bundled_synthetic_children/stage1_td/pair_sli482_td466_rep01_TD_bundle.cha,63,19,19,9,0.142857,0,0.000000,4,0.063492,0,0.000000
pair_sli482_td466_rep02_TD_bundle,/Users/shamiraventurini/PycharmProjects/ICL-PILOT/data/generated/test2/reannotated/bundled_synthetic_children/stage1_td/pair_sli482_td466_rep02_TD_bundle.cha,data/generated/test2/reannotated/bundled_synthetic_children/stage1_td/pair_sli482_td466_rep02_TD_bundle.cha,53,14,15,13,0.245283,0,0.000000,0,0.000000,0,0.000000
pair_sli482_td466_rep03_TD_bundle,/Users/shamiraventurini/PycharmProjects/ICL-PILOT/data/generated/test2/reannotated/bundled_synthetic_children/stage1_td/pair_sli482_td466_rep03_TD_bundle.cha,data/generated/test2/reannotated/bundled_synthetic_children/stage1_td/pair_sli482_td466_rep03_TD_bundle.cha,67,7,7,2,0.029851,2,0.029851,2,0.029851,0,0.000000
pair_sli482_td466_rep04_TD_bundle,/Users/shamiraventurini/PycharmProjects/ICL-PILOT/data/generated/test2/reannotated/bundled_synthetic_children/stage1_td/pair_sli482_td466_rep04_TD_bundle.cha,data/generated/test2/reannotated/bundled_synthetic_children/stage1_td/pair_sli482_td466_rep04_TD_bundle.cha,58,11,14,12,0.206897,0,0.000000,1,0.017241,0,0.000000
pair_sli482_td466_rep05_TD_bundle,/Users/shamiraventurini/PycharmProjects/ICL-PILOT/data/generated/test2/reannotated/bundled_synthetic_children/stage1_td/pair_sli482_td466_rep05_TD_bundle.cha,data/generated/test2/reannotated/bundled_synthetic_children/stage1_td/pair_sli482_td466_rep05_TD_bundle.cha,72,15,17,15,0.208333,0,0.000000,2,0.027778,0,0.000000
pair_sli482_td466_rep06_TD_bundle,/Users/shamiraventurini/PycharmProjects/ICL-PILOT/data/generated/test2/reannotated/bundled_synthetic_children/stage1_td/pair_sli482_td466_rep06_TD_bundle.cha,data/generated/test2/reannotated/bundled_synthetic_children/stage1_td/pair_sli482_td466_rep06_TD_bundle.cha,54,13,14,13,0.240741,0,0.000000,0,0.000000,1,0.018519
pair_sli482_td466_rep07_TD_bundle,/Users/shamiraventurini/PycharmProjects/ICL-PILOT/data/generated/test2/reannotated/bundled_synthetic_children/stage1_td/pair_sli482_td466_rep07_TD_bundle.cha,data/generated/test2/reannotated/bundled_synthetic_children/stage1_td/pair_sli482_td466_rep07_TD_bundle.cha,73,9,9,8,0.109589,0,0.000000,0,0.000000,0,0.000000
pair_sli482_td466_rep08_TD_bundle,/Users/shamiraventurini/PycharmProjects/ICL-PILOT/data/generated/test2/reannotated/bundled_synthetic_children/stage1_td/pair_sli482_td466_rep08_TD_bundle.cha,data/generated/test2/reannotated/bundled_synthetic_children/stage1_td/pair_sli482_td466_rep08_TD_bundle.cha,61,12,12,8,0.131148,0,0.000000,0,0.000000,0,0.000000
pair_sli482_td466_rep09_TD_bundle,/Users/shamiraventurini/PycharmProjects/ICL-PILOT/data/generated/test2/reannotated/bundled_synthetic_children/stage1_td/pair_sli482_td466_rep09_TD_bundle.cha,data/generated/test2/reannotated/bundled_synthetic_children/stage1_td/pair_sli482_td466_rep09_TD_bundle.cha,63,18,21,14,0.222222,0,0.000000,6,0.095238,0,0.000000
pair_sli482_td466_rep10_TD_bundle,/Users/shamiraventurini/PycharmProjects/ICL-PILOT/data/generated/test2/reannotated/bundled_synthetic_children/stage1_td/pair_sli482_td466_rep10_TD_bundle.cha,data/generated/test2/reannotated/bundled_synthetic_children/stage1_td/pair_sli482_td466_rep10_TD_bundle.cha,59,12,12,11,0.186441,0,0.000000,0,0.000000,0,0.000000
pair_sli413_td439_rep01_SLI_bundle,/Users/shamiraventurini/PycharmProjects/ICL-PILOT/data/generated/test2/reannotated/bundled_synthetic_children/stage2_sli/pair_sli413_td439_rep01_SLI_bundle.cha,data/generated/test2/reannotated/bundled_synthetic_children/stage2_sli/pair_sli413_td439_rep01_SLI_bundle.cha,70,17,18,17,0.242857,0,0.000000,0,0.000000,0,0.000000
pair_sli413_td439_rep02_SLI_bundle,/Users/shamiraventurini/PycharmProjects/ICL-PILOT/data/generated/test2/reannotated/bundled_synthetic_children/stage2_sli/pair_sli413_td439_rep02_SLI_bundle.cha,data/generated/test2/reannotated/bundled_synthetic_children/stage2_sli/pair_sli413_td439_rep02_SLI_bundle.cha,73,10,12,11,0.150685,0,0.000000,0,0.000000,0,0.000000
pair_sli413_td439_rep03_SLI_bundle,/Users/shamiraventurini/PycharmProjects/ICL-PILOT/data/generated/test2/reannotated/bundled_synthetic_children/stage2_sli/pair_sli413_td439_rep03_SLI_bundle.cha,data/generated/test2/reannotated/bundled_synthetic_children/stage2_sli/pair_sli413_td439_rep03_SLI_bundle.cha,61,19,22,21,0.344262,0,0.000000,1,0.016393,0,0.000000
pair_sli413_td439_rep04_SLI_bundle,/Users/shamiraventurini/PycharmProjects/ICL-PILOT/data/generated/test2/reannotated/bundled_synthetic_children/stage2_sli/pair_sli413_td439_rep04_SLI_bundle.cha,data/generated/test2/reannotated/bundled_synthetic_children/stage2_sli/pair_sli413_td439_rep04_SLI_bundle.cha,73,16,17,17,0.232877,0,0.000000,0,0.000000,0,0.000000
pair_sli413_td439_rep05_SLI_bundle,/Users/shamiraventurini/PycharmProjects/ICL-PILOT/data/generated/test2/reannotated/bundled_synthetic_children/stage2_sli/pair_sli413_td439_rep05_SLI_bundle.cha,data/generated/test2/reannotated/bundled_synthetic_children/stage2_sli/pair_sli413_td439_rep05_SLI_bundle.cha,69,17,17,17,0.246377,0,0.000000,0,0.000000,0,0.000000
pair_sli413_td439_rep06_SLI_bundle,/Users/shamiraventurini/PycharmProjects/ICL-PILOT/data/generated/test2/reannotated/bundled_synthetic_children/stage2_sli/pair_sli413_td439_rep06_SLI_bundle.cha,data/generated/test2/reannotated/bundled_synthetic_children/stage2_sli/pair_sli413_td439_rep06_SLI_bundle.cha,70,19,25,23,0.328571,0,0.000000,0,0.000000,0,0.000000
pair_sli413_td439_rep07_SLI_bundle,/Users/shamiraventurini/PycharmProjects/ICL-PILOT/data/generated/test2/reannotated/bundled_synthetic_children/stage2_sli/pair_sli413_td439_rep07_SLI_bundle.cha,data/generated/test2/reannotated/bundled_synthetic_children/stage2_sli/pair_sli413_td439_rep07_SLI_bundle.cha,78,16,18,16,0.205128,0,0.000000,1,0.012821,0,0.000000
pair_sli413_td439_rep08_SLI_bundle,/Users/shamiraventurini/PycharmProjects/ICL-PILOT/data/generated/test2/reannotated/bundled_synthetic_children/stage2_sli/pair_sli413_td439_rep08_SLI_bundle.cha,data/generated/test2/reannotated/bundled_synthetic_children/stage2_sli/pair_sli413_td439_rep08_SLI_bundle.cha,68,19,21,19,0.279412,0,0.000000,0,0.000000,0,0.000000
pair_sli413_td439_rep09_SLI_bundle,/Users/shamiraventurini/PycharmProjects/ICL-PILOT/data/generated/test2/reannotated/bundled_synthetic_children/stage2_sli/pair_sli413_td439_rep09_SLI_bundle.cha,data/generated/test2/reannotated/bundled_synthetic_children/stage2_sli/pair_sli413_td439_rep09_SLI_bundle.cha,71,15,18,14,0.197183,1,0.014085,1,0.014085,0,0.000000
pair_sli413_td439_rep10_SLI_bundle,/Users/shamiraventurini/PycharmProjects/ICL-PILOT/data/generated/test2/reannotated/bundled_synthetic_children/stage2_sli/pair_sli413_td439_rep10_SLI_bundle.cha,data/generated/test2/reannotated/bundled_synthetic_children/stage2_sli/pair_sli413_td439_rep10_SLI_bundle.cha,74,30,34,30,0.405405,0,0.000000,2,0.027027,0,0.000000
pair_sli427_td406_rep01_SLI_bundle,/Users/shamiraventurini/PycharmProjects/ICL-PILOT/data/generated/test2/reannotated/bundled_synthetic_children/stage2_sli/pair_sli427_td406_rep01_SLI_bundle.cha,data/generated/test2/reannotated/bundled_synthetic_children/stage2_sli/pair_sli427_td406_rep01_SLI_bundle.cha,69,29,31,28,0.405797,0,0.000000,1,0.014493,0,0.000000
pair_sli427_td406_rep02_SLI_bundle,/Users/shamiraventurini/PycharmProjects/ICL-PILOT/data/generated/test2/reannotated/bundled_synthetic_children/stage2_sli/pair_sli427_td406_rep02_SLI_bundle.cha,data/generated/test2/reannotated/bundled_synthetic_children/stage2_sli/pair_sli427_td406_rep02_SLI_bundle.cha,68,11,14,10,0.147059,0,0.000000,3,0.044118,0,0.000000
pair_sli427_td406_rep03_SLI_bundle,/Users/shamiraventurini/PycharmProjects/ICL-PILOT/data/generated/test2/reannotated/bundled_synthetic_children/stage2_sli/pair_sli427_td406_rep03_SLI_bundle.cha,data/generated/test2/reannotated/bundled_synthetic_children/stage2_sli/pair_sli427_td406_rep03_SLI_bundle.cha,104,17,20,15,0.144231,0,0.000000,2,0.019231,0,0.000000
pair_sli427_td406_rep04_SLI_bundle,/Users/shamiraventurini/PycharmProjects/ICL-PILOT/data/generated/test2/reannotated/bundled_synthetic_children/stage2_sli/pair_sli427_td406_rep04_SLI_bundle.cha,data/generated/test2/reannotated/bundled_synthetic_children/stage2_sli/pair_sli427_td406_rep04_SLI_bundle.cha,76,19,19,17,0.223684,0,0.000000,1,0.013158,0,0.000000
pair_sli427_td406_rep05_SLI_bundle,/Users/shamiraventurini/PycharmProjects/ICL-PILOT/data/generated/test2/reannotated/bundled_synthetic_children/stage2_sli/pair_sli427_td406_rep05_SLI_bundle.cha,data/generated/test2/reannotated/bundled_synthetic_children/stage2_sli/pair_sli427_td406_rep05_SLI_bundle.cha,90,28,30,25,0.277778,1,0.011111,1,0.011111,1,0.011111
pair_sli427_td406_rep06_SLI_bundle,/Users/shamiraventurini/PycharmProjects/ICL-PILOT/data/generated/test2/reannotated/bundled_synthetic_children/stage2_sli/pair_sli427_td406_rep06_SLI_bundle.cha,data/generated/test2/reannotated/bundled_synthetic_children/stage2_sli/pair_sli427_td406_rep06_SLI_bundle.cha,91,20,22,19,0.208791,1,0.010989,1,0.010989,0,0.000000
pair_sli427_td406_rep07_SLI_bundle,/Users/shamiraventurini/PycharmProjects/ICL-PILOT/data/generated/test2/reannotated/bundled_synthetic_children/stage2_sli/pair_sli427_td406_rep07_SLI_bundle.cha,data/generated/test2/reannotated/bundled_synthetic_children/stage2_sli/pair_sli427_td406_rep07_SLI_bundle.cha,67,23,23,18,0.268657,0,0.000000,2,0.029851,0,0.000000
pair_sli427_td406_rep08_SLI_bundle,/Users/shamiraventurini/PycharmProjects/ICL-PILOT/data/generated/test2/reannotated/bundled_synthetic_children/stage2_sli/pair_sli427_td406_rep08_SLI_bundle.cha,data/generated/test2/reannotated/bundled_synthetic_children/stage2_sli/pair_sli427_td406_rep08_SLI_bundle.cha,88,27,27,23,0.261364,0,0.000000,2,0.022727,1,0.011364
pair_sli427_td406_rep09_SLI_bundle,/Users/shamiraventurini/PycharmProjects/ICL-PILOT/data/generated/test2/reannotated/bundled_synthetic_children/stage2_sli/pair_sli427_td406_rep09_SLI_bundle.cha,data/generated/test2/reannotated/bundled_synthetic_children/stage2_sli/pair_sli427_td406_rep09_SLI_bundle.cha,74,35,37,30,0.405405,0,0.000000,2,0.027027,0,0.000000
pair_sli427_td406_rep10_SLI_bundle,/Users/shamiraventurini/PycharmProjects/ICL-PILOT/data/generated/test2/reannotated/bundled_synthetic_children/stage2_sli/pair_sli427_td406_rep10_SLI_bundle.cha,data/generated/test2/reannotated/bundled_synthetic_children/stage2_sli/pair_sli427_td406_rep10_SLI_bundle.cha,85,18,18,8,0.094118,0,0.000000,10,0.117647,0,0.000000
pair_sli444_td410_rep01_SLI_bundle,/Users/shamiraventurini/PycharmProjects/ICL-PILOT/data/generated/test2/reannotated/bundled_synthetic_children/stage2_sli/pair_sli444_td410_rep01_SLI_bundle.cha,data/generated/test2/reannotated/bundled_synthetic_children/stage2_sli/pair_sli444_td410_rep01_SLI_bundle.cha,91,16,20,12,0.131868,0,0.000000,0,0.000000,2,0.021978
pair_sli444_td410_rep02_SLI_bundle,/Users/shamiraventurini/PycharmProjects/ICL-PILOT/data/generated/test2/reannotated/bundled_synthetic_children/stage2_sli/pair_sli444_td410_rep02_SLI_bundle.cha,data/generated/test2/reannotated/bundled_synthetic_children/stage2_sli/pair_sli444_td410_rep02_SLI_bundle.cha,60,10,11,11,0.183333,0,0.000000,0,0.000000,0,0.000000
pair_sli444_td410_rep03_SLI_bundle,/Users/shamiraventurini/PycharmProjects/ICL-PILOT/data/generated/test2/reannotated/bundled_synthetic_children/stage2_sli/pair_sli444_td410_rep03_SLI_bundle.cha,data/generated/test2/reannotated/bundled_synthetic_children/stage2_sli/pair_sli444_td410_rep03_SLI_bundle.cha,86,17,22,19,0.220930,0,0.000000,0,0.000000,1,0.011628
pair_sli444_td410_rep04_SLI_bundle,/Users/shamiraventurini/PycharmProjects/ICL-PILOT/data/generated/test2/reannotated/bundled_synthetic_children/stage2_sli/pair_sli444_td410_rep04_SLI_bundle.cha,data/generated/test2/reannotated/bundled_synthetic_children/stage2_sli/pair_sli444_td410_rep04_SLI_bundle.cha,62,10,10,9,0.145161,0,0.000000,1,0.016129,0,0.000000
pair_sli444_td410_rep05_SLI_bundle,/Users/shamiraventurini/PycharmProjects/ICL-PILOT/data/generated/test2/reannotated/bundled_synthetic_children/stage2_sli/pair_sli444_td410_rep05_SLI_bundle.cha,data/generated/test2/reannotated/bundled_synthetic_children/stage2_sli/pair_sli444_td410_rep05_SLI_bundle.cha,84,3,3,3,0.035714,0,0.000000,0,0.000000,0,0.000000
pair_sli444_td410_rep06_SLI_bundle,/Users/shamiraventurini/PycharmProjects/ICL-PILOT/data/generated/test2/reannotated/bundled_synthetic_children/stage2_sli/pair_sli444_td410_rep06_SLI_bundle.cha,data/generated/test2/reannotated/bundled_synthetic_children/stage2_sli/pair_sli444_td410_rep06_SLI_bundle.cha,69,3,3,2,0.028986,0,0.000000,1,0.014493,0,0.000000
pair_sli444_td410_rep07_SLI_bundle,/Users/shamiraventurini/PycharmProjects/ICL-PILOT/data/generated/test2/reannotated/bundled_synthetic_children/stage2_sli/pair_sli444_td410_rep07_SLI_bundle.cha,data/generated/test2/reannotated/bundled_synthetic_children/stage2_sli/pair_sli444_td410_rep07_SLI_bundle.cha,77,13,16,12,0.155844,2,0.025974,0,0.000000,0,0.000000
pair_sli444_td410_rep08_SLI_bundle,/Users/shamiraventurini/PycharmProjects/ICL-PILOT/data/generated/test2/reannotated/bundled_synthetic_children/stage2_sli/pair_sli444_td410_rep08_SLI_bundle.cha,data/generated/test2/reannotated/bundled_synthetic_children/stage2_sli/pair_sli444_td410_rep08_SLI_bundle.cha,60,13,15,11,0.183333,1,0.016667,1,0.016667,0,0.000000
pair_sli444_td410_rep09_SLI_bundle,/Users/shamiraventurini/PycharmProjects/ICL-PILOT/data/generated/test2/reannotated/bundled_synthetic_children/stage2_sli/pair_sli444_td410_rep09_SLI_bundle.cha,data/generated/test2/reannotated/bundled_synthetic_children/stage2_sli/pair_sli444_td410_rep09_SLI_bundle.cha,100,9,9,8,0.080000,0,0.000000,1,0.010000,0,0.000000
pair_sli444_td410_rep10_SLI_bundle,/Users/shamiraventurini/PycharmProjects/ICL-PILOT/data/generated/test2/reannotated/bundled_synthetic_children/stage2_sli/pair_sli444_td410_rep10_SLI_bundle.cha,data/generated/test2/reannotated/bundled_synthetic_children/stage2_sli/pair_sli444_td410_rep10_SLI_bundle.cha,61,8,8,8,0.131148,0,0.000000,0,0.000000,0,0.000000
pair_sli474_td459_rep01_SLI_bundle,/Users/shamiraventurini/PycharmProjects/ICL-PILOT/data/generated/test2/reannotated/bundled_synthetic_children/stage2_sli/pair_sli474_td459_rep01_SLI_bundle.cha,data/generated/test2/reannotated/bundled_synthetic_children/stage2_sli/pair_sli474_td459_rep01_SLI_bundle.cha,64,32,43,37,0.578125,0,0.000000,3,0.046875,0,0.000000
pair_sli474_td459_rep02_SLI_bundle,/Users/shamiraventurini/PycharmProjects/ICL-PILOT/data/generated/test2/reannotated/bundled_synthetic_children/stage2_sli/pair_sli474_td459_rep02_SLI_bundle.cha,data/generated/test2/reannotated/bundled_synthetic_children/stage2_sli/pair_sli474_td459_rep02_SLI_bundle.cha,62,27,38,28,0.451613,2,0.032258,6,0.096774,0,0.000000
pair_sli474_td459_rep03_SLI_bundle,/Users/shamiraventurini/PycharmProjects/ICL-PILOT/data/generated/test2/reannotated/bundled_synthetic_children/stage2_sli/pair_sli474_td459_rep03_SLI_bundle.cha,data/generated/test2/reannotated/bundled_synthetic_children/stage2_sli/pair_sli474_td459_rep03_SLI_bundle.cha,78,27,29,25,0.320513,0,0.000000,0,0.000000,0,0.000000
pair_sli474_td459_rep04_SLI_bundle,/Users/shamiraventurini/PycharmProjects/ICL-PILOT/data/generated/test2/reannotated/bundled_synthetic_children/stage2_sli/pair_sli474_td459_rep04_SLI_bundle.cha,data/generated/test2/reannotated/bundled_synthetic_children/stage2_sli/pair_sli474_td459_rep04_SLI_bundle.cha,61,31,35,33,0.540984,1,0.016393,0,0.000000,0,0.000000
pair_sli474_td459_rep05_SLI_bundle,/Users/shamiraventurini/PycharmProjects/ICL-PILOT/data/generated/test2/reannotated/bundled_synthetic_children/stage2_sli/pair_sli474_td459_rep05_SLI_bundle.cha,data/generated/test2/reannotated/bundled_synthetic_children/stage2_sli/pair_sli474_td459_rep05_SLI_bundle.cha,68,16,21,19,0.279412,0,0.000000,0,0.000000,0,0.000000
pair_sli474_td459_rep06_SLI_bundle,/Users/shamiraventurini/PycharmProjects/ICL-PILOT/data/generated/test2/reannotated/bundled_synthetic_children/stage2_sli/pair_sli474_td459_rep06_SLI_bundle.cha,data/generated/test2/reannotated/bundled_synthetic_children/stage2_sli/pair_sli474_td459_rep06_SLI_bundle.cha,55,23,28,26,0.472727,1,0.018182,0,0.000000,0,0.000000
pair_sli474_td459_rep07_SLI_bundle,/Users/shamiraventurini/PycharmProjects/ICL-PILOT/data/generated/test2/reannotated/bundled_synthetic_children/stage2_sli/pair_sli474_td459_rep07_SLI_bundle.cha,data/generated/test2/reannotated/bundled_synthetic_children/stage2_sli/pair_sli474_td459_rep07_SLI_bundle.cha,62,18,21,19,0.306452,0,0.000000,0,0.000000,0,0.000000
pair_sli474_td459_rep08_SLI_bundle,/Users/shamiraventurini/PycharmProjects/ICL-PILOT/data/generated/test2/reannotated/bundled_synthetic_children/stage2_sli/pair_sli474_td459_rep08_SLI_bundle.cha,data/generated/test2/reannotated/bundled_synthetic_children/stage2_sli/pair_sli474_td459_rep08_SLI_bundle.cha,62,25,28,25,0.403226,1,0.016129,0,0.000000,0,0.000000
pair_sli474_td459_rep09_SLI_bundle,/Users/shamiraventurini/PycharmProjects/ICL-PILOT/data/generated/test2/reannotated/bundled_synthetic_children/stage2_sli/pair_sli474_td459_rep09_SLI_bundle.cha,data/generated/test2/reannotated/bundled_synthetic_children/stage2_sli/pair_sli474_td459_rep09_SLI_bundle.cha,90,6,6,6,0.066667,0,0.000000,0,0.000000,0,0.000000
pair_sli474_td459_rep10_SLI_bundle,/Users/shamiraventurini/PycharmProjects/ICL-PILOT/data/generated/test2/reannotated/bundled_synthetic_children/stage2_sli/pair_sli474_td459_rep10_SLI_bundle.cha,data/generated/test2/reannotated/bundled_synthetic_children/stage2_sli/pair_sli474_td459_rep10_SLI_bundle.cha,59,29,32,31,0.525424,0,0.000000,0,0.000000,0,0.000000
pair_sli475_td417_rep01_SLI_bundle,/Users/shamiraventurini/PycharmProjects/ICL-PILOT/data/generated/test2/reannotated/bundled_synthetic_children/stage2_sli/pair_sli475_td417_rep01_SLI_bundle.cha,data/generated/test2/reannotated/bundled_synthetic_children/stage2_sli/pair_sli475_td417_rep01_SLI_bundle.cha,78,9,10,8,0.102564,1,0.012821,1,0.012821,0,0.000000
pair_sli475_td417_rep02_SLI_bundle,/Users/shamiraventurini/PycharmProjects/ICL-PILOT/data/generated/test2/reannotated/bundled_synthetic_children/stage2_sli/pair_sli475_td417_rep02_SLI_bundle.cha,data/generated/test2/reannotated/bundled_synthetic_children/stage2_sli/pair_sli475_td417_rep02_SLI_bundle.cha,73,3,3,3,0.041096,0,0.000000,0,0.000000,0,0.000000
pair_sli475_td417_rep03_SLI_bundle,/Users/shamiraventurini/PycharmProjects/ICL-PILOT/data/generated/test2/reannotated/bundled_synthetic_children/stage2_sli/pair_sli475_td417_rep03_SLI_bundle.cha,data/generated/test2/reannotated/bundled_synthetic_children/stage2_sli/pair_sli475_td417_rep03_SLI_bundle.cha,89,4,4,4,0.044944,0,0.000000,0,0.000000,0,0.000000
pair_sli475_td417_rep04_SLI_bundle,/Users/shamiraventurini/PycharmProjects/ICL-PILOT/data/generated/test2/reannotated/bundled_synthetic_children/stage2_sli/pair_sli475_td417_rep04_SLI_bundle.cha,data/generated/test2/reannotated/bundled_synthetic_children/stage2_sli/pair_sli475_td417_rep04_SLI_bundle.cha,69,2,3,3,0.043478,0,0.000000,0,0.000000,0,0.000000
pair_sli475_td417_rep05_SLI_bundle,/Users/shamiraventurini/PycharmProjects/ICL-PILOT/data/generated/test2/reannotated/bundled_synthetic_children/stage2_sli/pair_sli475_td417_rep05_SLI_bundle.cha,data/generated/test2/reannotated/bundled_synthetic_children/stage2_sli/pair_sli475_td417_rep05_SLI_bundle.cha,84,9,9,7,0.083333,0,0.000000,0,0.000000,0,0.000000
pair_sli475_td417_rep06_SLI_bundle,/Users/shamiraventurini/PycharmProjects/ICL-PILOT/data/generated/test2/reannotated/bundled_synthetic_children/stage2_sli/pair_sli475_td417_rep06_SLI_bundle.cha,data/generated/test2/reannotated/bundled_synthetic_children/stage2_sli/pair_sli475_td417_rep06_SLI_bundle.cha,63,0,0,0,0.000000,0,0.000000,0,0.000000,0,0.000000
pair_sli475_td417_rep07_SLI_bundle,/Users/shamiraventurini/PycharmProjects/ICL-PILOT/data/generated/test2/reannotated/bundled_synthetic_children/stage2_sli/pair_sli475_td417_rep07_SLI_bundle.cha,data/generated/test2/reannotated/bundled_synthetic_children/stage2_sli/pair_sli475_td417_rep07_SLI_bundle.cha,99,7,7,7,0.070707,0,0.000000,0,0.000000,0,0.000000
pair_sli475_td417_rep08_SLI_bundle,/Users/shamiraventurini/PycharmProjects/ICL-PILOT/data/generated/test2/reannotated/bundled_synthetic_children/stage2_sli/pair_sli475_td417_rep08_SLI_bundle.cha,data/generated/test2/reannotated/bundled_synthetic_children/stage2_sli/pair_sli475_td417_rep08_SLI_bundle.cha,82,6,6,5,0.060976,0,0.000000,1,0.012195,0,0.000000
pair_sli475_td417_rep09_SLI_bundle,/Users/shamiraventurini/PycharmProjects/ICL-PILOT/data/generated/test2/reannotated/bundled_synthetic_children/stage2_sli/pair_sli475_td417_rep09_SLI_bundle.cha,data/generated/test2/reannotated/bundled_synthetic_children/stage2_sli/pair_sli475_td417_rep09_SLI_bundle.cha,81,3,3,2,0.024691,0,0.000000,0,0.000000,0,0.000000
pair_sli475_td417_rep10_SLI_bundle,/Users/shamiraventurini/PycharmProjects/ICL-PILOT/data/generated/test2/reannotated/bundled_synthetic_children/stage2_sli/pair_sli475_td417_rep10_SLI_bundle.cha,data/generated/test2/reannotated/bundled_synthetic_children/stage2_sli/pair_sli475_td417_rep10_SLI_bundle.cha,84,8,9,7,0.083333,0,0.000000,0,0.000000,0,0.000000
pair_sli476_td460_rep01_SLI_bundle,/Users/shamiraventurini/PycharmProjects/ICL-PILOT/data/generated/test2/reannotated/bundled_synthetic_children/stage2_sli/pair_sli476_td460_rep01_SLI_bundle.cha,data/generated/test2/reannotated/bundled_synthetic_children/stage2_sli/pair_sli476_td460_rep01_SLI_bundle.cha,66,0,0,0,0.000000,0,0.000000,0,0.000000,0,0.000000
pair_sli476_td460_rep02_SLI_bundle,/Users/shamiraventurini/PycharmProjects/ICL-PILOT/data/generated/test2/reannotated/bundled_synthetic_children/stage2_sli/pair_sli476_td460_rep02_SLI_bundle.cha,data/generated/test2/reannotated/bundled_synthetic_children/stage2_sli/pair_sli476_td460_rep02_SLI_bundle.cha,84,13,13,7,0.083333,0,0.000000,0,0.000000,2,0.023810
pair_sli476_td460_rep03_SLI_bundle,/Users/shamiraventurini/PycharmProjects/ICL-PILOT/data/generated/test2/reannotated/bundled_synthetic_children/stage2_sli/pair_sli476_td460_rep03_SLI_bundle.cha,data/generated/test2/reannotated/bundled_synthetic_children/stage2_sli/pair_sli476_td460_rep03_SLI_bundle.cha,60,4,4,3,0.050000,0,0.000000,0,0.000000,0,0.000000
pair_sli476_td460_rep04_SLI_bundle,/Users/shamiraventurini/PycharmProjects/ICL-PILOT/data/generated/test2/reannotated/bundled_synthetic_children/stage2_sli/pair_sli476_td460_rep04_SLI_bundle.cha,data/generated/test2/reannotated/bundled_synthetic_children/stage2_sli/pair_sli476_td460_rep04_SLI_bundle.cha,79,21,23,16,0.202532,0,0.000000,0,0.000000,0,0.000000
pair_sli476_td460_rep05_SLI_bundle,/Users/shamiraventurini/PycharmProjects/ICL-PILOT/data/generated/test2/reannotated/bundled_synthetic_children/stage2_sli/pair_sli476_td460_rep05_SLI_bundle.cha,data/generated/test2/reannotated/bundled_synthetic_children/stage2_sli/pair_sli476_td460_rep05_SLI_bundle.cha,60,4,4,3,0.050000,0,0.000000,0,0.000000,0,0.000000
pair_sli476_td460_rep06_SLI_bundle,/Users/shamiraventurini/PycharmProjects/ICL-PILOT/data/generated/test2/reannotated/bundled_synthetic_children/stage2_sli/pair_sli476_td460_rep06_SLI_bundle.cha,data/generated/test2/reannotated/bundled_synthetic_children/stage2_sli/pair_sli476_td460_rep06_SLI_bundle.cha,82,21,21,18,0.219512,1,0.012195,0,0.000000,2,0.024390
pair_sli476_td460_rep07_SLI_bundle,/Users/shamiraventurini/PycharmProjects/ICL-PILOT/data/generated/test2/reannotated/bundled_synthetic_children/stage2_sli/pair_sli476_td460_rep07_SLI_bundle.cha,data/generated/test2/reannotated/bundled_synthetic_children/stage2_sli/pair_sli476_td460_rep07_SLI_bundle.cha,62,5,6,2,0.032258,0,0.000000,0,0.000000,1,0.016129
pair_sli476_td460_rep08_SLI_bundle,/Users/shamiraventurini/PycharmProjects/ICL-PILOT/data/generated/test2/reannotated/bundled_synthetic_children/stage2_sli/pair_sli476_td460_rep08_SLI_bundle.cha,data/generated/test2/reannotated/bundled_synthetic_children/stage2_sli/pair_sli476_td460_rep08_SLI_bundle.cha,74,15,15,12,0.162162,0,0.000000,0,0.000000,2,0.027027
pair_sli476_td460_rep09_SLI_bundle,/Users/shamiraventurini/PycharmProjects/ICL-PILOT/data/generated/test2/reannotated/bundled_synthetic_children/stage2_sli/pair_sli476_td460_rep09_SLI_bundle.cha,data/generated/test2/reannotated/bundled_synthetic_children/stage2_sli/pair_sli476_td460_rep09_SLI_bundle.cha,74,3,3,1,0.013514,0,0.000000,0,0.000000,0,0.000000
pair_sli476_td460_rep10_SLI_bundle,/Users/shamiraventurini/PycharmProjects/ICL-PILOT/data/generated/test2/reannotated/bundled_synthetic_children/stage2_sli/pair_sli476_td460_rep10_SLI_bundle.cha,data/generated/test2/reannotated/bundled_synthetic_children/stage2_sli/pair_sli476_td460_rep10_SLI_bundle.cha,89,2,2,1,0.011236,0,0.000000,0,0.000000,0,0.000000
pair_sli477_td415_rep01_SLI_bundle,/Users/shamiraventurini/PycharmProjects/ICL-PILOT/data/generated/test2/reannotated/bundled_synthetic_children/stage2_sli/pair_sli477_td415_rep01_SLI_bundle.cha,data/generated/test2/reannotated/bundled_synthetic_children/stage2_sli/pair_sli477_td415_rep01_SLI_bundle.cha,53,18,18,17,0.320755,0,0.000000,1,0.018868,0,0.000000
pair_sli477_td415_rep02_SLI_bundle,/Users/shamiraventurini/PycharmProjects/ICL-PILOT/data/generated/test2/reannotated/bundled_synthetic_children/stage2_sli/pair_sli477_td415_rep02_SLI_bundle.cha,data/generated/test2/reannotated/bundled_synthetic_children/stage2_sli/pair_sli477_td415_rep02_SLI_bundle.cha,77,26,26,21,0.272727,0,0.000000,4,0.051948,0,0.000000
pair_sli477_td415_rep03_SLI_bundle,/Users/shamiraventurini/PycharmProjects/ICL-PILOT/data/generated/test2/reannotated/bundled_synthetic_children/stage2_sli/pair_sli477_td415_rep03_SLI_bundle.cha,data/generated/test2/reannotated/bundled_synthetic_children/stage2_sli/pair_sli477_td415_rep03_SLI_bundle.cha,71,19,20,18,0.253521,0,0.000000,1,0.014085,0,0.000000
pair_sli477_td415_rep04_SLI_bundle,/Users/shamiraventurini/PycharmProjects/ICL-PILOT/data/generated/test2/reannotated/bundled_synthetic_children/stage2_sli/pair_sli477_td415_rep04_SLI_bundle.cha,data/generated/test2/reannotated/bundled_synthetic_children/stage2_sli/pair_sli477_td415_rep04_SLI_bundle.cha,65,28,29,29,0.446154,0,0.000000,0,0.000000,0,0.000000
pair_sli477_td415_rep05_SLI_bundle,/Users/shamiraventurini/PycharmProjects/ICL-PILOT/data/generated/test2/reannotated/bundled_synthetic_children/stage2_sli/pair_sli477_td415_rep05_SLI_bundle.cha,data/generated/test2/reannotated/bundled_synthetic_children/stage2_sli/pair_sli477_td415_rep05_SLI_bundle.cha,66,23,24,20,0.303030,0,0.000000,4,0.060606,0,0.000000
pair_sli477_td415_rep06_SLI_bundle,/Users/shamiraventurini/PycharmProjects/ICL-PILOT/data/generated/test2/reannotated/bundled_synthetic_children/stage2_sli/pair_sli477_td415_rep06_SLI_bundle.cha,data/generated/test2/reannotated/bundled_synthetic_children/stage2_sli/pair_sli477_td415_rep06_SLI_bundle.cha,85,22,22,20,0.235294,0,0.000000,1,0.011765,0,0.000000
pair_sli477_td415_rep07_SLI_bundle,/Users/shamiraventurini/PycharmProjects/ICL-PILOT/data/generated/test2/reannotated/bundled_synthetic_children/stage2_sli/pair_sli477_td415_rep07_SLI_bundle.cha,data/generated/test2/reannotated/bundled_synthetic_children/stage2_sli/pair_sli477_td415_rep07_SLI_bundle.cha,91,38,41,34,0.373626,1,0.010989,2,0.021978,0,0.000000
pair_sli477_td415_rep08_SLI_bundle,/Users/shamiraventurini/PycharmProjects/ICL-PILOT/data/generated/test2/reannotated/bundled_synthetic_children/stage2_sli/pair_sli477_td415_rep08_SLI_bundle.cha,data/generated/test2/reannotated/bundled_synthetic_children/stage2_sli/pair_sli477_td415_rep08_SLI_bundle.cha,65,16,17,16,0.246154,0,0.000000,0,0.000000,1,0.015385
pair_sli477_td415_rep09_SLI_bundle,/Users/shamiraventurini/PycharmProjects/ICL-PILOT/data/generated/test2/reannotated/bundled_synthetic_children/stage2_sli/pair_sli477_td415_rep09_SLI_bundle.cha,data/generated/test2/reannotated/bundled_synthetic_children/stage2_sli/pair_sli477_td415_rep09_SLI_bundle.cha,69,27,29,24,0.347826,0,0.000000,1,0.014493,0,0.000000
pair_sli477_td415_rep10_SLI_bundle,/Users/shamiraventurini/PycharmProjects/ICL-PILOT/data/generated/test2/reannotated/bundled_synthetic_children/stage2_sli/pair_sli477_td415_rep10_SLI_bundle.cha,data/generated/test2/reannotated/bundled_synthetic_children/stage2_sli/pair_sli477_td415_rep10_SLI_bundle.cha,74,21,22,21,0.283784,1,0.013514,0,0.000000,0,0.000000
pair_sli478_td419_rep01_SLI_bundle,/Users/shamiraventurini/PycharmProjects/ICL-PILOT/data/generated/test2/reannotated/bundled_synthetic_children/stage2_sli/pair_sli478_td419_rep01_SLI_bundle.cha,data/generated/test2/reannotated/bundled_synthetic_children/stage2_sli/pair_sli478_td419_rep01_SLI_bundle.cha,61,6,7,2,0.032787,0,0.000000,0,0.000000,1,0.016393
pair_sli478_td419_rep02_SLI_bundle,/Users/shamiraventurini/PycharmProjects/ICL-PILOT/data/generated/test2/reannotated/bundled_synthetic_children/stage2_sli/pair_sli478_td419_rep02_SLI_bundle.cha,data/generated/test2/reannotated/bundled_synthetic_children/stage2_sli/pair_sli478_td419_rep02_SLI_bundle.cha,72,16,17,14,0.194444,0,0.000000,3,0.041667,0,0.000000
pair_sli478_td419_rep03_SLI_bundle,/Users/shamiraventurini/PycharmProjects/ICL-PILOT/data/generated/test2/reannotated/bundled_synthetic_children/stage2_sli/pair_sli478_td419_rep03_SLI_bundle.cha,data/generated/test2/reannotated/bundled_synthetic_children/stage2_sli/pair_sli478_td419_rep03_SLI_bundle.cha,79,7,7,7,0.088608,0,0.000000,0,0.000000,0,0.000000
pair_sli478_td419_rep04_SLI_bundle,/Users/shamiraventurini/PycharmProjects/ICL-PILOT/data/generated/test2/reannotated/bundled_synthetic_children/stage2_sli/pair_sli478_td419_rep04_SLI_bundle.cha,data/generated/test2/reannotated/bundled_synthetic_children/stage2_sli/pair_sli478_td419_rep04_SLI_bundle.cha,60,12,12,9,0.150000,0,0.000000,0,0.000000,2,0.033333
pair_sli478_td419_rep05_SLI_bundle,/Users/shamiraventurini/PycharmProjects/ICL-PILOT/data/generated/test2/reannotated/bundled_synthetic_children/stage2_sli/pair_sli478_td419_rep05_SLI_bundle.cha,data/generated/test2/reannotated/bundled_synthetic_children/stage2_sli/pair_sli478_td419_rep05_SLI_bundle.cha,69,3,3,1,0.014493,1,0.014493,0,0.000000,0,0.000000
pair_sli478_td419_rep06_SLI_bundle,/Users/shamiraventurini/PycharmProjects/ICL-PILOT/data/generated/test2/reannotated/bundled_synthetic_children/stage2_sli/pair_sli478_td419_rep06_SLI_bundle.cha,data/generated/test2/reannotated/bundled_synthetic_children/stage2_sli/pair_sli478_td419_rep06_SLI_bundle.cha,62,2,2,2,0.032258,0,0.000000,0,0.000000,0,0.000000
pair_sli478_td419_rep07_SLI_bundle,/Users/shamiraventurini/PycharmProjects/ICL-PILOT/data/generated/test2/reannotated/bundled_synthetic_children/stage2_sli/pair_sli478_td419_rep07_SLI_bundle.cha,data/generated/test2/reannotated/bundled_synthetic_children/stage2_sli/pair_sli478_td419_rep07_SLI_bundle.cha,74,8,9,8,0.108108,0,0.000000,0,0.000000,1,0.013514
pair_sli478_td419_rep08_SLI_bundle,/Users/shamiraventurini/PycharmProjects/ICL-PILOT/data/generated/test2/reannotated/bundled_synthetic_children/stage2_sli/pair_sli478_td419_rep08_SLI_bundle.cha,data/generated/test2/reannotated/bundled_synthetic_children/stage2_sli/pair_sli478_td419_rep08_SLI_bundle.cha,56,10,12,6,0.107143,0,0.000000,3,0.053571,1,0.017857
pair_sli478_td419_rep09_SLI_bundle,/Users/shamiraventurini/PycharmProjects/ICL-PILOT/data/generated/test2/reannotated/bundled_synthetic_children/stage2_sli/pair_sli478_td419_rep09_SLI_bundle.cha,data/generated/test2/reannotated/bundled_synthetic_children/stage2_sli/pair_sli478_td419_rep09_SLI_bundle.cha,62,1,1,0,0.000000,0,0.000000,0,0.000000,1,0.016129
pair_sli478_td419_rep10_SLI_bundle,/Users/shamiraventurini/PycharmProjects/ICL-PILOT/data/generated/test2/reannotated/bundled_synthetic_children/stage2_sli/pair_sli478_td419_rep10_SLI_bundle.cha,data/generated/test2/reannotated/bundled_synthetic_children/stage2_sli/pair_sli478_td419_rep10_SLI_bundle.cha,65,11,11,9,0.138462,0,0.000000,2,0.030769,0,0.000000
pair_sli479_td471_rep01_SLI_bundle,/Users/shamiraventurini/PycharmProjects/ICL-PILOT/data/generated/test2/reannotated/bundled_synthetic_children/stage2_sli/pair_sli479_td471_rep01_SLI_bundle.cha,data/generated/test2/reannotated/bundled_synthetic_children/stage2_sli/pair_sli479_td471_rep01_SLI_bundle.cha,74,9,9,9,0.121622,0,0.000000,0,0.000000,0,0.000000
pair_sli479_td471_rep02_SLI_bundle,/Users/shamiraventurini/PycharmProjects/ICL-PILOT/data/generated/test2/reannotated/bundled_synthetic_children/stage2_sli/pair_sli479_td471_rep02_SLI_bundle.cha,data/generated/test2/reannotated/bundled_synthetic_children/stage2_sli/pair_sli479_td471_rep02_SLI_bundle.cha,53,11,13,10,0.188679,1,0.018868,0,0.000000,0,0.000000
pair_sli479_td471_rep03_SLI_bundle,/Users/shamiraventurini/PycharmProjects/ICL-PILOT/data/generated/test2/reannotated/bundled_synthetic_children/stage2_sli/pair_sli479_td471_rep03_SLI_bundle.cha,data/generated/test2/reannotated/bundled_synthetic_children/stage2_sli/pair_sli479_td471_rep03_SLI_bundle.cha,64,8,9,8,0.125000,0,0.000000,1,0.015625,0,0.000000
pair_sli479_td471_rep04_SLI_bundle,/Users/shamiraventurini/PycharmProjects/ICL-PILOT/data/generated/test2/reannotated/bundled_synthetic_children/stage2_sli/pair_sli479_td471_rep04_SLI_bundle.cha,data/generated/test2/reannotated/bundled_synthetic_children/stage2_sli/pair_sli479_td471_rep04_SLI_bundle.cha,70,17,18,14,0.200000,0,0.000000,1,0.014286,2,0.028571
pair_sli479_td471_rep05_SLI_bundle,/Users/shamiraventurini/PycharmProjects/ICL-PILOT/data/generated/test2/reannotated/bundled_synthetic_children/stage2_sli/pair_sli479_td471_rep05_SLI_bundle.cha,data/generated/test2/reannotated/bundled_synthetic_children/stage2_sli/pair_sli479_td471_rep05_SLI_bundle.cha,57,6,6,3,0.052632,0,0.000000,1,0.017544,0,0.000000
pair_sli479_td471_rep06_SLI_bundle,/Users/shamiraventurini/PycharmProjects/ICL-PILOT/data/generated/test2/reannotated/bundled_synthetic_children/stage2_sli/pair_sli479_td471_rep06_SLI_bundle.cha,data/generated/test2/reannotated/bundled_synthetic_children/stage2_sli/pair_sli479_td471_rep06_SLI_bundle.cha,64,20,23,18,0.281250,1,0.015625,1,0.015625,0,0.000000
pair_sli479_td471_rep07_SLI_bundle,/Users/shamiraventurini/PycharmProjects/ICL-PILOT/data/generated/test2/reannotated/bundled_synthetic_children/stage2_sli/pair_sli479_td471_rep07_SLI_bundle.cha,data/generated/test2/reannotated/bundled_synthetic_children/stage2_sli/pair_sli479_td471_rep07_SLI_bundle.cha,59,7,9,8,0.135593,0,0.000000,1,0.016949,0,0.000000
pair_sli479_td471_rep08_SLI_bundle,/Users/shamiraventurini/PycharmProjects/ICL-PILOT/data/generated/test2/reannotated/bundled_synthetic_children/stage2_sli/pair_sli479_td471_rep08_SLI_bundle.cha,data/generated/test2/reannotated/bundled_synthetic_children/stage2_sli/pair_sli479_td471_rep08_SLI_bundle.cha,65,15,19,13,0.200000,0,0.000000,1,0.015385,2,0.030769
pair_sli479_td471_rep09_SLI_bundle,/Users/shamiraventurini/PycharmProjects/ICL-PILOT/data/generated/test2/reannotated/bundled_synthetic_children/stage2_sli/pair_sli479_td471_rep09_SLI_bundle.cha,data/generated/test2/reannotated/bundled_synthetic_children/stage2_sli/pair_sli479_td471_rep09_SLI_bundle.cha,52,0,0,0,0.000000,0,0.000000,0,0.000000,0,0.000000
pair_sli479_td471_rep10_SLI_bundle,/Users/shamiraventurini/PycharmProjects/ICL-PILOT/data/generated/test2/reannotated/bundled_synthetic_children/stage2_sli/pair_sli479_td471_rep10_SLI_bundle.cha,data/generated/test2/reannotated/bundled_synthetic_children/stage2_sli/pair_sli479_td471_rep10_SLI_bundle.cha,66,20,23,16,0.242424,2,0.030303,0,0.000000,2,0.030303
pair_sli480_td450_rep01_SLI_bundle,/Users/shamiraventurini/PycharmProjects/ICL-PILOT/data/generated/test2/reannotated/bundled_synthetic_children/stage2_sli/pair_sli480_td450_rep01_SLI_bundle.cha,data/generated/test2/reannotated/bundled_synthetic_children/stage2_sli/pair_sli480_td450_rep01_SLI_bundle.cha,65,23,26,23,0.353846,0,0.000000,0,0.000000,0,0.000000
pair_sli480_td450_rep02_SLI_bundle,/Users/shamiraventurini/PycharmProjects/ICL-PILOT/data/generated/test2/reannotated/bundled_synthetic_children/stage2_sli/pair_sli480_td450_rep02_SLI_bundle.cha,data/generated/test2/reannotated/bundled_synthetic_children/stage2_sli/pair_sli480_td450_rep02_SLI_bundle.cha,86,26,28,27,0.313953,0,0.000000,1,0.011628,0,0.000000
pair_sli480_td450_rep03_SLI_bundle,/Users/shamiraventurini/PycharmProjects/ICL-PILOT/data/generated/test2/reannotated/bundled_synthetic_children/stage2_sli/pair_sli480_td450_rep03_SLI_bundle.cha,data/generated/test2/reannotated/bundled_synthetic_children/stage2_sli/pair_sli480_td450_rep03_SLI_bundle.cha,70,23,24,20,0.285714,0,0.000000,3,0.042857,0,0.000000
pair_sli480_td450_rep04_SLI_bundle,/Users/shamiraventurini/PycharmProjects/ICL-PILOT/data/generated/test2/reannotated/bundled_synthetic_children/stage2_sli/pair_sli480_td450_rep04_SLI_bundle.cha,data/generated/test2/reannotated/bundled_synthetic_children/stage2_sli/pair_sli480_td450_rep04_SLI_bundle.cha,86,19,20,20,0.232558,0,0.000000,0,0.000000,0,0.000000
pair_sli480_td450_rep05_SLI_bundle,/Users/shamiraventurini/PycharmProjects/ICL-PILOT/data/generated/test2/reannotated/bundled_synthetic_children/stage2_sli/pair_sli480_td450_rep05_SLI_bundle.cha,data/generated/test2/reannotated/bundled_synthetic_children/stage2_sli/pair_sli480_td450_rep05_SLI_bundle.cha,88,24,27,20,0.227273,1,0.011364,0,0.000000,1,0.011364
pair_sli480_td450_rep06_SLI_bundle,/Users/shamiraventurini/PycharmProjects/ICL-PILOT/data/generated/test2/reannotated/bundled_synthetic_children/stage2_sli/pair_sli480_td450_rep06_SLI_bundle.cha,data/generated/test2/reannotated/bundled_synthetic_children/stage2_sli/pair_sli480_td450_rep06_SLI_bundle.cha,88,33,36,29,0.329545,0,0.000000,6,0.068182,0,0.000000
pair_sli480_td450_rep07_SLI_bundle,/Users/shamiraventurini/PycharmProjects/ICL-PILOT/data/generated/test2/reannotated/bundled_synthetic_children/stage2_sli/pair_sli480_td450_rep07_SLI_bundle.cha,data/generated/test2/reannotated/bundled_synthetic_children/stage2_sli/pair_sli480_td450_rep07_SLI_bundle.cha,68,30,32,30,0.441176,1,0.014706,0,0.000000,0,0.000000
pair_sli480_td450_rep08_SLI_bundle,/Users/shamiraventurini/PycharmProjects/ICL-PILOT/data/generated/test2/reannotated/bundled_synthetic_children/stage2_sli/pair_sli480_td450_rep08_SLI_bundle.cha,data/generated/test2/reannotated/bundled_synthetic_children/stage2_sli/pair_sli480_td450_rep08_SLI_bundle.cha,77,29,30,27,0.350649,0,0.000000,1,0.012987,0,0.000000
pair_sli480_td450_rep09_SLI_bundle,/Users/shamiraventurini/PycharmProjects/ICL-PILOT/data/generated/test2/reannotated/bundled_synthetic_children/stage2_sli/pair_sli480_td450_rep09_SLI_bundle.cha,data/generated/test2/reannotated/bundled_synthetic_children/stage2_sli/pair_sli480_td450_rep09_SLI_bundle.cha,86,34,39,32,0.372093,0,0.000000,0,0.000000,0,0.000000
pair_sli480_td450_rep10_SLI_bundle,/Users/shamiraventurini/PycharmProjects/ICL-PILOT/data/generated/test2/reannotated/bundled_synthetic_children/stage2_sli/pair_sli480_td450_rep10_SLI_bundle.cha,data/generated/test2/reannotated/bundled_synthetic_children/stage2_sli/pair_sli480_td450_rep10_SLI_bundle.cha,75,35,41,38,0.506667,1,0.013333,0,0.000000,0,0.000000
pair_sli482_td466_rep01_SLI_bundle,/Users/shamiraventurini/PycharmProjects/ICL-PILOT/data/generated/test2/reannotated/bundled_synthetic_children/stage2_sli/pair_sli482_td466_rep01_SLI_bundle.cha,data/generated/test2/reannotated/bundled_synthetic_children/stage2_sli/pair_sli482_td466_rep01_SLI_bundle.cha,60,18,18,10,0.166667,0,0.000000,3,0.050000,0,0.000000
pair_sli482_td466_rep02_SLI_bundle,/Users/shamiraventurini/PycharmProjects/ICL-PILOT/data/generated/test2/reannotated/bundled_synthetic_children/stage2_sli/pair_sli482_td466_rep02_SLI_bundle.cha,data/generated/test2/reannotated/bundled_synthetic_children/stage2_sli/pair_sli482_td466_rep02_SLI_bundle.cha,57,22,22,18,0.315789,0,0.000000,2,0.035088,0,0.000000
pair_sli482_td466_rep03_SLI_bundle,/Users/shamiraventurini/PycharmProjects/ICL-PILOT/data/generated/test2/reannotated/bundled_synthetic_children/stage2_sli/pair_sli482_td466_rep03_SLI_bundle.cha,data/generated/test2/reannotated/bundled_synthetic_children/stage2_sli/pair_sli482_td466_rep03_SLI_bundle.cha,57,18,21,17,0.298246,0,0.000000,3,0.052632,0,0.000000
pair_sli482_td466_rep04_SLI_bundle,/Users/shamiraventurini/PycharmProjects/ICL-PILOT/data/generated/test2/reannotated/bundled_synthetic_children/stage2_sli/pair_sli482_td466_rep04_SLI_bundle.cha,data/generated/test2/reannotated/bundled_synthetic_children/stage2_sli/pair_sli482_td466_rep04_SLI_bundle.cha,57,28,30,23,0.403509,1,0.017544,3,0.052632,0,0.000000
pair_sli482_td466_rep05_SLI_bundle,/Users/shamiraventurini/PycharmProjects/ICL-PILOT/data/generated/test2/reannotated/bundled_synthetic_children/stage2_sli/pair_sli482_td466_rep05_SLI_bundle.cha,data/generated/test2/reannotated/bundled_synthetic_children/stage2_sli/pair_sli482_td466_rep05_SLI_bundle.cha,59,23,24,22,0.372881,0,0.000000,2,0.033898,0,0.000000
pair_sli482_td466_rep06_SLI_bundle,/Users/shamiraventurini/PycharmProjects/ICL-PILOT/data/generated/test2/reannotated/bundled_synthetic_children/stage2_sli/pair_sli482_td466_rep06_SLI_bundle.cha,data/generated/test2/reannotated/bundled_synthetic_children/stage2_sli/pair_sli482_td466_rep06_SLI_bundle.cha,61,30,38,26,0.426230,0,0.000000,8,0.131148,1,0.016393
pair_sli482_td466_rep07_SLI_bundle,/Users/shamiraventurini/PycharmProjects/ICL-PILOT/data/generated/test2/reannotated/bundled_synthetic_children/stage2_sli/pair_sli482_td466_rep07_SLI_bundle.cha,data/generated/test2/reannotated/bundled_synthetic_children/stage2_sli/pair_sli482_td466_rep07_SLI_bundle.cha,72,22,26,22,0.305556,0,0.000000,2,0.027778,0,0.000000
pair_sli482_td466_rep08_SLI_bundle,/Users/shamiraventurini/PycharmProjects/ICL-PILOT/data/generated/test2/reannotated/bundled_synthetic_children/stage2_sli/pair_sli482_td466_rep08_SLI_bundle.cha,data/generated/test2/reannotated/bundled_synthetic_children/stage2_sli/pair_sli482_td466_rep08_SLI_bundle.cha,64,24,28,17,0.265625,0,0.000000,3,0.046875,0,0.000000
pair_sli482_td466_rep09_SLI_bundle,/Users/shamiraventurini/PycharmProjects/ICL-PILOT/data/generated/test2/reannotated/bundled_synthetic_children/stage2_sli/pair_sli482_td466_rep09_SLI_bundle.cha,data/generated/test2/reannotated/bundled_synthetic_children/stage2_sli/pair_sli482_td466_rep09_SLI_bundle.cha,66,25,29,22,0.333333,0,0.000000,6,0.090909,0,0.000000
pair_sli482_td466_rep10_SLI_bundle,/Users/shamiraventurini/PycharmProjects/ICL-PILOT/data/generated/test2/reannotated/bundled_synthetic_children/stage2_sli/pair_sli482_td466_rep10_SLI_bundle.cha,data/generated/test2/reannotated/bundled_synthetic_children/stage2_sli/pair_sli482_td466_rep10_SLI_bundle.cha,61,29,35,28,0.459016,0,0.000000,3,0.049180,0,0.000000
