File_ID,error_source,error_relpath,chi_utterances,chi_utterances_with_error_code,error_total_annotations,error_morphology_total,error_syntax_total,error_phonology_total,error_other_total,err_m_c_03s_c_a,err_m_c_0_apos_s,err_m_c_0ed,err_m_c_0ing,err_m_c_0s_c_a,err_m_c_allo,err_m_c_base_c_ed,err_m_c_base_c_en,err_m_c_eq_ed,err_m_c_eq_s,err_m_c_irr_c_ed,err_m_c_irr_c_s,err_m_c_plus_3s,err_m_c_plus_3s_c_a,err_m_c_plus_ed,err_m_c_plus_ing,err_m_c_plus_ing_to,err_m_c_plus_plus_ed,err_m_c_plus_plus_ed_c_i,err_m_c_plus_s_c_a,err_m_c_sub_c_ed,err_m_c_sub_c_en,err_m_c_vsg_c_a,err_m_c_vun_c_a,err_s_c_r_c_der,err_s_c_r_c_gc_c_det,err_s_c_r_c_gc_c_pro,err_s_c_r_c_prep
pair_sli413_td439_rep01_TD_bundle,/Users/shamiraventurini/PycharmProjects/ICL-PILOT/data/generated/test2/reannotated/bundled_synthetic_children/stage1_td/pair_sli413_td439_rep01_TD_bundle.cha,data/generated/test2/reannotated/bundled_synthetic_children/stage1_td/pair_sli413_td439_rep01_TD_bundle.cha,64,1,1,1,0,0,0,0,0,0,0,0,0,0,0,0,0,0,0,0,0,0,0,0,0,0,1,0,0,0,0,0,0,0,0
pair_sli413_td439_rep02_TD_bundle,/Users/shamiraventurini/PycharmProjects/ICL-PILOT/data/generated/test2/reannotated/bundled_synthetic_children/stage1_td/pair_sli413_td439_rep02_TD_bundle.cha,data/generated/test2/reannotated/bundled_synthetic_children/stage1_td/pair_sli413_td439_rep02_TD_bundle.cha,76,1,1,0,1,0,0,0,0,0,0,0,0,0,0,0,0,0,0,0,0,0,0,0,0,0,0,0,0,0,0,0,0,1,0
pair_sli413_td439_rep03_TD_bundle,/Users/shamiraventurini/PycharmProjects/ICL-PILOT/data/generated/test2/reannotated/bundled_synthetic_children/stage1_td/pair_sli413_td439_rep03_TD_bundle.cha,data/generated/test2/reannotated/bundled_synthetic_children/stage1_td/pair_sli413_td439_rep03_TD_bundle.cha,61,2,2,1,1,0,0,1,0,0,0,0,0,0,0,0,0,0,0,0,0,0,0,0,0,0,0,0,0,0,0,0,0,1,0
pair_sli413_td439_rep04_TD_bundle,/Users/shamiraventurini/PycharmProjects/ICL-PILOT/data/generated/test2/reannotated/bundled_synthetic_children/stage1_td/pair_sli413_td439_rep04_TD_bundle.cha,data/generated/test2/reannotated/bundled_synthetic_children/stage1_td/pair_sli413_td439_rep04_TD_bundle.cha,70,0,0,0,0,0,0,0,0,0,0,0,0,0,0,0,0,0,0,0,0,0,0,0,0,0,0,0,0,0,0,0,0,0,0
pair_sli413_td439_rep05_TD_bundle,/Users/shamiraventurini/PycharmProjects/ICL-PILOT/data/generated/test2/reannotated/bundled_synthetic_children/stage1_td/pair_sli413_td439_rep05_TD_bundle.cha,data/generated/test2/reannotated/bundled_synthetic_children/stage1_td/pair_sli413_td439_rep05_TD_bundle.cha,76,2,2,0,2,0,0,0,0,0,0,0,0,0,0,0,0,0,0,0,0,0,0,0,0,0,0,0,0,0,0,0,1,1,0
pair_sli413_td439_rep06_TD_bundle,/Users/shamiraventurini/PycharmProjects/ICL-PILOT/data/generated/test2/reannotated/bundled_synthetic_children/stage1_td/pair_sli413_td439_rep06_TD_bundle.cha,data/generated/test2/reannotated/bundled_synthetic_children/stage1_td/pair_sli413_td439_rep06_TD_bundle.cha,69,0,0,0,0,0,0,0,0,0,0,0,0,0,0,0,0,0,0,0,0,0,0,0,0,0,0,0,0,0,0,0,0,0,0
pair_sli413_td439_rep07_TD_bundle,/Users/shamiraventurini/PycharmProjects/ICL-PILOT/data/generated/test2/reannotated/bundled_synthetic_children/stage1_td/pair_sli413_td439_rep07_TD_bundle.cha,data/generated/test2/reannotated/bundled_synthetic_children/stage1_td/pair_sli413_td439_rep07_TD_bundle.cha,74,1,1,0,1,0,0,0,0,0,0,0,0,0,0,0,0,0,0,0,0,0,0,0,0,0,0,0,0,0,0,0,0,1,0
pair_sli413_td439_rep08_TD_bundle,/Users/shamiraventurini/PycharmProjects/ICL-PILOT/data/generated/test2/reannotated/bundled_synthetic_children/stage1_td/pair_sli413_td439_rep08_TD_bundle.cha,data/generated/test2/reannotated/bundled_synthetic_children/stage1_td/pair_sli413_td439_rep08_TD_bundle.cha,81,0,0,0,0,0,0,0,0,0,0,0,0,0,0,0,0,0,0,0,0,0,0,0,0,0,0,0,0,0,0,0,0,0,0
pair_sli413_td439_rep09_TD_bundle,/Users/shamiraventurini/PycharmProjects/ICL-PILOT/data/generated/test2/reannotated/bundled_synthetic_children/stage1_td/pair_sli413_td439_rep09_TD_bundle.cha,data/generated/test2/reannotated/bundled_synthetic_children/stage1_td/pair_sli413_td439_rep09_TD_bundle.cha,75,2,2,2,0,0,0,1,0,0,0,0,0,0,0,1,0,0,0,0,0,0,0,0,0,0,0,0,0,0,0,0,0,0,0
pair_sli413_td439_rep10_TD_bundle,/Users/shamiraventurini/PycharmProjects/ICL-PILOT/data/generated/test2/reannotated/bundled_synthetic_children/stage1_td/pair_sli413_td439_rep10_TD_bundle.cha,data/generated/test2/reannotated/bundled_synthetic_children/stage1_td/pair_sli413_td439_rep10_TD_bundle.cha,85,14,15,12,3,0,0,9,0,0,2,0,0,0,0,0,0,0,0,0,0,0,1,0,0,0,0,0,0,0,0,0,0,3,0
pair_sli427_td406_rep01_TD_bundle,/Users/shamiraventurini/PycharmProjects/ICL-PILOT/data/generated/test2/reannotated/bundled_synthetic_children/stage1_td/pair_sli427_td406_rep01_TD_bundle.cha,data/generated/test2/reannotated/bundled_synthetic_children/stage1_td/pair_sli427_td406_rep01_TD_bundle.cha,70,20,21,19,2,0,0,16,0,0,1,0,0,0,0,0,0,0,0,0,0,0,1,0,0,0,0,0,0,0,1,0,0,2,0
pair_sli427_td406_rep02_TD_bundle,/Users/shamiraventurini/PycharmProjects/ICL-PILOT/data/generated/test2/reannotated/bundled_synthetic_children/stage1_td/pair_sli427_td406_rep02_TD_bundle.cha,data/generated/test2/reannotated/bundled_synthetic_children/stage1_td/pair_sli427_td406_rep02_TD_bundle.cha,59,2,2,0,2,0,0,0,0,0,0,0,0,0,0,0,0,0,0,0,0,0,0,0,0,0,0,0,0,0,0,0,0,2,0
pair_sli427_td406_rep03_TD_bundle,/Users/shamiraventurini/PycharmProjects/ICL-PILOT/data/generated/test2/reannotated/bundled_synthetic_children/stage1_td/pair_sli427_td406_rep03_TD_bundle.cha,data/generated/test2/reannotated/bundled_synthetic_children/stage1_td/pair_sli427_td406_rep03_TD_bundle.cha,85,11,11,9,2,0,0,6,0,0,0,0,0,0,0,0,0,0,0,0,0,0,1,0,0,0,0,0,0,1,1,0,0,1,1
pair_sli427_td406_rep04_TD_bundle,/Users/shamiraventurini/PycharmProjects/ICL-PILOT/data/generated/test2/reannotated/bundled_synthetic_children/stage1_td/pair_sli427_td406_rep04_TD_bundle.cha,data/generated/test2/reannotated/bundled_synthetic_children/stage1_td/pair_sli427_td406_rep04_TD_bundle.cha,75,6,6,5,1,0,0,4,0,0,0,0,0,0,0,0,0,0,0,0,0,0,0,0,0,0,0,0,0,1,0,0,0,1,0
pair_sli427_td406_rep05_TD_bundle,/Users/shamiraventurini/PycharmProjects/ICL-PILOT/data/generated/test2/reannotated/bundled_synthetic_children/stage1_td/pair_sli427_td406_rep05_TD_bundle.cha,data/generated/test2/reannotated/bundled_synthetic_children/stage1_td/pair_sli427_td406_rep05_TD_bundle.cha,86,13,13,11,2,0,0,6,0,0,0,0,0,0,0,1,1,0,0,0,0,0,0,0,0,0,0,0,1,0,2,0,1,1,0
pair_sli427_td406_rep06_TD_bundle,/Users/shamiraventurini/PycharmProjects/ICL-PILOT/data/generated/test2/reannotated/bundled_synthetic_children/stage1_td/pair_sli427_td406_rep06_TD_bundle.cha,data/generated/test2/reannotated/bundled_synthetic_children/stage1_td/pair_sli427_td406_rep06_TD_bundle.cha,81,3,3,2,1,0,0,1,0,0,0,0,0,0,0,0,0,0,0,0,0,0,0,0,0,0,0,0,0,1,0,0,0,1,0
pair_sli427_td406_rep07_TD_bundle,/Users/shamiraventurini/PycharmProjects/ICL-PILOT/data/generated/test2/reannotated/bundled_synthetic_children/stage1_td/pair_sli427_td406_rep07_TD_bundle.cha,data/generated/test2/reannotated/bundled_synthetic_children/stage1_td/pair_sli427_td406_rep07_TD_bundle.cha,74,10,10,8,2,0,0,6,0,1,0,0,0,0,0,0,0,1,0,0,0,0,0,0,0,0,0,0,0,0,0,0,0,2,0
pair_sli427_td406_rep08_TD_bundle,/Users/shamiraventurini/PycharmProjects/ICL-PILOT/data/generated/test2/reannotated/bundled_synthetic_children/stage1_td/pair_sli427_td406_rep08_TD_bundle.cha,data/generated/test2/reannotated/bundled_synthetic_children/stage1_td/pair_sli427_td406_rep08_TD_bundle.cha,69,7,7,7,0,0,0,3,0,0,1,0,0,0,0,0,0,0,0,0,0,0,0,0,0,0,0,0,0,3,0,0,0,0,0
pair_sli427_td406_rep09_TD_bundle,/Users/shamiraventurini/PycharmProjects/ICL-PILOT/data/generated/test2/reannotated/bundled_synthetic_children/stage1_td/pair_sli427_td406_rep09_TD_bundle.cha,data/generated/test2/reannotated/bundled_synthetic_children/stage1_td/pair_sli427_td406_rep09_TD_bundle.cha,72,13,14,12,2,0,0,11,0,0,0,0,0,0,0,0,0,0,0,0,0,0,0,0,0,0,0,0,0,1,0,0,0,2,0
pair_sli427_td406_rep10_TD_bundle,/Users/shamiraventurini/PycharmProjects/ICL-PILOT/data/generated/test2/reannotated/bundled_synthetic_children/stage1_td/pair_sli427_td406_rep10_TD_bundle.cha,data/generated/test2/reannotated/bundled_synthetic_children/stage1_td/pair_sli427_td406_rep10_TD_bundle.cha,64,16,18,9,9,0,0,5,0,0,0,0,1,0,0,0,0,0,0,0,0,0,0,0,0,0,0,0,0,3,0,0,0,9,0
pair_sli444_td410_rep01_TD_bundle,/Users/shamiraventurini/PycharmProjects/ICL-PILOT/data/generated/test2/reannotated/bundled_synthetic_children/stage1_td/pair_sli444_td410_rep01_TD_bundle.cha,data/generated/test2/reannotated/bundled_synthetic_children/stage1_td/pair_sli444_td410_rep01_TD_bundle.cha,73,2,2,2,0,0,0,0,0,0,1,0,1,0,0,0,0,0,0,0,0,0,0,0,0,0,0,0,0,0,0,0,0,0,0
pair_sli444_td410_rep02_TD_bundle,/Users/shamiraventurini/PycharmProjects/ICL-PILOT/data/generated/test2/reannotated/bundled_synthetic_children/stage1_td/pair_sli444_td410_rep02_TD_bundle.cha,data/generated/test2/reannotated/bundled_synthetic_children/stage1_td/pair_sli444_td410_rep02_TD_bundle.cha,64,4,4,4,0,0,0,3,0,0,1,0,0,0,0,0,0,0,0,0,0,0,0,0,0,0,0,0,0,0,0,0,0,0,0
pair_sli444_td410_rep03_TD_bundle,/Users/shamiraventurini/PycharmProjects/ICL-PILOT/data/generated/test2/reannotated/bundled_synthetic_children/stage1_td/pair_sli444_td410_rep03_TD_bundle.cha,data/generated/test2/reannotated/bundled_synthetic_children/stage1_td/pair_sli444_td410_rep03_TD_bundle.cha,65,7,8,8,0,0,0,6,0,0,0,0,0,2,0,0,0,0,0,0,0,0,0,0,0,0,0,0,0,0,0,0,0,0,0
pair_sli444_td410_rep04_TD_bundle,/Users/shamiraventurini/PycharmProjects/ICL-PILOT/data/generated/test2/reannotated/bundled_synthetic_children/stage1_td/pair_sli444_td410_rep04_TD_bundle.cha,data/generated/test2/reannotated/bundled_synthetic_children/stage1_td/pair_sli444_td410_rep04_TD_bundle.cha,77,7,8,6,2,0,0,4,0,0,0,0,1,0,0,0,0,0,0,0,0,0,0,0,0,0,0,0,0,1,0,0,0,2,0
pair_sli444_td410_rep05_TD_bundle,/Users/shamiraventurini/PycharmProjects/ICL-PILOT/data/generated/test2/reannotated/bundled_synthetic_children/stage1_td/pair_sli444_td410_rep05_TD_bundle.cha,data/generated/test2/reannotated/bundled_synthetic_children/stage1_td/pair_sli444_td410_rep05_TD_bundle.cha,59,1,1,1,0,0,0,0,0,0,0,0,0,1,0,0,0,0,0,0,0,0,0,0,0,0,0,0,0,0,0,0,0,0,0
pair_sli444_td410_rep06_TD_bundle,/Users/shamiraventurini/PycharmProjects/ICL-PILOT/data/generated/test2/reannotated/bundled_synthetic_children/stage1_td/pair_sli444_td410_rep06_TD_bundle.cha,data/generated/test2/reannotated/bundled_synthetic_children/stage1_td/pair_sli444_td410_rep06_TD_bundle.cha,73,3,3,2,1,0,0,1,0,0,0,0,0,1,0,0,0,0,0,0,0,0,0,0,0,0,0,0,0,0,0,0,0,1,0
pair_sli444_td410_rep07_TD_bundle,/Users/shamiraventurini/PycharmProjects/ICL-PILOT/data/generated/test2/reannotated/bundled_synthetic_children/stage1_td/pair_sli444_td410_rep07_TD_bundle.cha,data/generated/test2/reannotated/bundled_synthetic_children/stage1_td/pair_sli444_td410_rep07_TD_bundle.cha,75,3,3,2,1,0,0,1,0,0,0,0,1,0,0,0,0,0,0,0,0,0,0,0,0,0,0,0,0,0,0,0,1,0,0
pair_sli444_td410_rep08_TD_bundle,/Users/shamiraventurini/PycharmProjects/ICL-PILOT/data/generated/test2/reannotated/bundled_synthetic_children/stage1_td/pair_sli444_td410_rep08_TD_bundle.cha,data/generated/test2/reannotated/bundled_synthetic_children/stage1_td/pair_sli444_td410_rep08_TD_bundle.cha,71,12,14,12,2,0,0,2,0,0,2,0,0,0,0,0,0,1,0,0,0,0,0,0,0,0,1,0,0,5,1,0,1,1,0
pair_sli444_td410_rep09_TD_bundle,/Users/shamiraventurini/PycharmProjects/ICL-PILOT/data/generated/test2/reannotated/bundled_synthetic_children/stage1_td/pair_sli444_td410_rep09_TD_bundle.cha,data/generated/test2/reannotated/bundled_synthetic_children/stage1_td/pair_sli444_td410_rep09_TD_bundle.cha,82,8,8,7,1,0,0,4,0,0,0,0,0,2,0,0,0,0,0,0,0,0,0,0,0,0,0,0,0,1,0,0,0,1,0
pair_sli444_td410_rep10_TD_bundle,/Users/shamiraventurini/PycharmProjects/ICL-PILOT/data/generated/test2/reannotated/bundled_synthetic_children/stage1_td/pair_sli444_td410_rep10_TD_bundle.cha,data/generated/test2/reannotated/bundled_synthetic_children/stage1_td/pair_sli444_td410_rep10_TD_bundle.cha,63,8,8,8,0,0,0,8,0,0,0,0,0,0,0,0,0,0,0,0,0,0,0,0,0,0,0,0,0,0,0,0,0,0,0
pair_sli474_td459_rep01_TD_bundle,/Users/shamiraventurini/PycharmProjects/ICL-PILOT/data/generated/test2/reannotated/bundled_synthetic_children/stage1_td/pair_sli474_td459_rep01_TD_bundle.cha,data/generated/test2/reannotated/bundled_synthetic_children/stage1_td/pair_sli474_td459_rep01_TD_bundle.cha,58,3,4,4,0,0,0,1,0,0,0,0,1,1,0,0,0,0,0,0,0,0,0,0,0,0,1,0,0,0,0,0,0,0,0
pair_sli474_td459_rep02_TD_bundle,/Users/shamiraventurini/PycharmProjects/ICL-PILOT/data/generated/test2/reannotated/bundled_synthetic_children/stage1_td/pair_sli474_td459_rep02_TD_bundle.cha,data/generated/test2/reannotated/bundled_synthetic_children/stage1_td/pair_sli474_td459_rep02_TD_bundle.cha,58,1,1,1,0,0,0,0,0,0,0,0,1,0,0,0,0,0,0,0,0,0,0,0,0,0,0,0,0,0,0,0,0,0,0
pair_sli474_td459_rep03_TD_bundle,/Users/shamiraventurini/PycharmProjects/ICL-PILOT/data/generated/test2/reannotated/bundled_synthetic_children/stage1_td/pair_sli474_td459_rep03_TD_bundle.cha,data/generated/test2/reannotated/bundled_synthetic_children/stage1_td/pair_sli474_td459_rep03_TD_bundle.cha,63,5,5,4,1,0,0,2,0,1,0,0,1,0,0,0,0,0,0,0,0,0,0,0,0,0,0,0,0,0,0,0,1,0,0
pair_sli474_td459_rep04_TD_bundle,/Users/shamiraventurini/PycharmProjects/ICL-PILOT/data/generated/test2/reannotated/bundled_synthetic_children/stage1_td/pair_sli474_td459_rep04_TD_bundle.cha,data/generated/test2/reannotated/bundled_synthetic_children/stage1_td/pair_sli474_td459_rep04_TD_bundle.cha,59,1,1,1,0,0,0,0,0,0,0,0,0,0,0,0,1,0,0,0,0,0,0,0,0,0,0,0,0,0,0,0,0,0,0
pair_sli474_td459_rep05_TD_bundle,/Users/shamiraventurini/PycharmProjects/ICL-PILOT/data/generated/test2/reannotated/bundled_synthetic_children/stage1_td/pair_sli474_td459_rep05_TD_bundle.cha,data/generated/test2/reannotated/bundled_synthetic_children/stage1_td/pair_sli474_td459_rep05_TD_bundle.cha,62,5,6,5,1,0,0,2,0,0,0,0,1,1,0,0,0,0,0,0,0,0,0,0,0,0,0,0,0,1,0,0,0,1,0
pair_sli474_td459_rep06_TD_bundle,/Users/shamiraventurini/PycharmProjects/ICL-PILOT/data/generated/test2/reannotated/bundled_synthetic_children/stage1_td/pair_sli474_td459_rep06_TD_bundle.cha,data/generated/test2/reannotated/bundled_synthetic_children/stage1_td/pair_sli474_td459_rep06_TD_bundle.cha,58,1,1,1,0,0,0,0,0,0,0,0,0,1,0,0,0,0,0,0,0,0,0,0,0,0,0,0,0,0,0,0,0,0,0
pair_sli474_td459_rep07_TD_bundle,/Users/shamiraventurini/PycharmProjects/ICL-PILOT/data/generated/test2/reannotated/bundled_synthetic_children/stage1_td/pair_sli474_td459_rep07_TD_bundle.cha,data/generated/test2/reannotated/bundled_synthetic_children/stage1_td/pair_sli474_td459_rep07_TD_bundle.cha,53,3,3,3,0,0,0,0,0,0,0,0,1,0,0,0,0,0,0,0,0,0,0,0,0,0,0,0,0,2,0,0,0,0,0
pair_sli474_td459_rep08_TD_bundle,/Users/shamiraventurini/PycharmProjects/ICL-PILOT/data/generated/test2/reannotated/bundled_synthetic_children/stage1_td/pair_sli474_td459_rep08_TD_bundle.cha,data/generated/test2/reannotated/bundled_synthetic_children/stage1_td/pair_sli474_td459_rep08_TD_bundle.cha,64,2,2,2,0,0,0,0,0,0,0,0,0,1,0,0,0,0,0,0,1,0,0,0,0,0,0,0,0,0,0,0,0,0,0
pair_sli474_td459_rep09_TD_bundle,/Users/shamiraventurini/PycharmProjects/ICL-PILOT/data/generated/test2/reannotated/bundled_synthetic_children/stage1_td/pair_sli474_td459_rep09_TD_bundle.cha,data/generated/test2/reannotated/bundled_synthetic_children/stage1_td/pair_sli474_td459_rep09_TD_bundle.cha,66,0,0,0,0,0,0,0,0,0,0,0,0,0,0,0,0,0,0,0,0,0,0,0,0,0,0,0,0,0,0,0,0,0,0
pair_sli474_td459_rep10_TD_bundle,/Users/shamiraventurini/PycharmProjects/ICL-PILOT/data/generated/test2/reannotated/bundled_synthetic_children/stage1_td/pair_sli474_td459_rep10_TD_bundle.cha,data/generated/test2/reannotated/bundled_synthetic_children/stage1_td/pair_sli474_td459_rep10_TD_bundle.cha,62,2,2,2,0,0,0,1,0,0,0,0,1,0,0,0,0,0,0,0,0,0,0,0,0,0,0,0,0,0,0,0,0,0,0
pair_sli475_td417_rep01_TD_bundle,/Users/shamiraventurini/PycharmProjects/ICL-PILOT/data/generated/test2/reannotated/bundled_synthetic_children/stage1_td/pair_sli475_td417_rep01_TD_bundle.cha,data/generated/test2/reannotated/bundled_synthetic_children/stage1_td/pair_sli475_td417_rep01_TD_bundle.cha,69,2,2,0,2,0,0,0,0,0,0,0,0,0,0,0,0,0,0,0,0,0,0,0,0,0,0,0,0,0,0,0,1,1,0
pair_sli475_td417_rep02_TD_bundle,/Users/shamiraventurini/PycharmProjects/ICL-PILOT/data/generated/test2/reannotated/bundled_synthetic_children/stage1_td/pair_sli475_td417_rep02_TD_bundle.cha,data/generated/test2/reannotated/bundled_synthetic_children/stage1_td/pair_sli475_td417_rep02_TD_bundle.cha,64,1,1,0,1,0,0,0,0,0,0,0,0,0,0,0,0,0,0,0,0,0,0,0,0,0,0,0,0,0,0,0,0,1,0
pair_sli475_td417_rep03_TD_bundle,/Users/shamiraventurini/PycharmProjects/ICL-PILOT/data/generated/test2/reannotated/bundled_synthetic_children/stage1_td/pair_sli475_td417_rep03_TD_bundle.cha,data/generated/test2/reannotated/bundled_synthetic_children/stage1_td/pair_sli475_td417_rep03_TD_bundle.cha,77,7,8,6,2,0,0,0,0,1,0,0,0,0,0,0,0,0,0,0,0,0,0,0,0,0,0,0,0,5,0,0,0,2,0
pair_sli475_td417_rep04_TD_bundle,/Users/shamiraventurini/PycharmProjects/ICL-PILOT/data/generated/test2/reannotated/bundled_synthetic_children/stage1_td/pair_sli475_td417_rep04_TD_bundle.cha,data/generated/test2/reannotated/bundled_synthetic_children/stage1_td/pair_sli475_td417_rep04_TD_bundle.cha,71,0,0,0,0,0,0,0,0,0,0,0,0,0,0,0,0,0,0,0,0,0,0,0,0,0,0,0,0,0,0,0,0,0,0
pair_sli475_td417_rep05_TD_bundle,/Users/shamiraventurini/PycharmProjects/ICL-PILOT/data/generated/test2/reannotated/bundled_synthetic_children/stage1_td/pair_sli475_td417_rep05_TD_bundle.cha,data/generated/test2/reannotated/bundled_synthetic_children/stage1_td/pair_sli475_td417_rep05_TD_bundle.cha,67,1,1,1,0,0,0,0,0,0,0,0,1,0,0,0,0,0,0,0,0,0,0,0,0,0,0,0,0,0,0,0,0,0,0
pair_sli475_td417_rep06_TD_bundle,/Users/shamiraventurini/PycharmProjects/ICL-PILOT/data/generated/test2/reannotated/bundled_synthetic_children/stage1_td/pair_sli475_td417_rep06_TD_bundle.cha,data/generated/test2/reannotated/bundled_synthetic_children/stage1_td/pair_sli475_td417_rep06_TD_bundle.cha,64,2,2,1,1,0,0,0,0,0,0,0,1,0,0,0,0,0,0,0,0,0,0,0,0,0,0,0,0,0,0,0,0,1,0
pair_sli475_td417_rep07_TD_bundle,/Users/shamiraventurini/PycharmProjects/ICL-PILOT/data/generated/test2/reannotated/bundled_synthetic_children/stage1_td/pair_sli475_td417_rep07_TD_bundle.cha,data/generated/test2/reannotated/bundled_synthetic_children/stage1_td/pair_sli475_td417_rep07_TD_bundle.cha,70,2,2,1,1,0,0,0,0,0,0,0,1,0,0,0,0,0,0,0,0,0,0,0,0,0,0,0,0,0,0,0,0,1,0
pair_sli475_td417_rep08_TD_bundle,/Users/shamiraventurini/PycharmProjects/ICL-PILOT/data/generated/test2/reannotated/bundled_synthetic_children/stage1_td/pair_sli475_td417_rep08_TD_bundle.cha,data/generated/test2/reannotated/bundled_synthetic_children/stage1_td/pair_sli475_td417_rep08_TD_bundle.cha,82,1,1,0,1,0,0,0,0,0,0,0,0,0,0,0,0,0,0,0,0,0,0,0,0,0,0,0,0,0,0,0,0,1,0
pair_sli475_td417_rep09_TD_bundle,/Users/shamiraventurini/PycharmProjects/ICL-PILOT/data/generated/test2/reannotated/bundled_synthetic_children/stage1_td/pair_sli475_td417_rep09_TD_bundle.cha,data/generated/test2/reannotated/bundled_synthetic_children/stage1_td/pair_sli475_td417_rep09_TD_bundle.cha,66,1,1,1,0,0,0,0,0,0,0,0,0,0,0,0,1,0,0,0,0,0,0,0,0,0,0,0,0,0,0,0,0,0,0
pair_sli475_td417_rep10_TD_bundle,/Users/shamiraventurini/PycharmProjects/ICL-PILOT/data/generated/test2/reannotated/bundled_synthetic_children/stage1_td/pair_sli475_td417_rep10_TD_bundle.cha,data/generated/test2/reannotated/bundled_synthetic_children/stage1_td/pair_sli475_td417_rep10_TD_bundle.cha,67,1,1,1,0,0,0,0,0,0,0,0,0,0,0,0,1,0,0,0,0,0,0,0,0,0,0,0,0,0,0,0,0,0,0
pair_sli476_td460_rep01_TD_bundle,/Users/shamiraventurini/PycharmProjects/ICL-PILOT/data/generated/test2/reannotated/bundled_synthetic_children/stage1_td/pair_sli476_td460_rep01_TD_bundle.cha,data/generated/test2/reannotated/bundled_synthetic_children/stage1_td/pair_sli476_td460_rep01_TD_bundle.cha,62,0,0,0,0,0,0,0,0,0,0,0,0,0,0,0,0,0,0,0,0,0,0,0,0,0,0,0,0,0,0,0,0,0,0
pair_sli476_td460_rep02_TD_bundle,/Users/shamiraventurini/PycharmProjects/ICL-PILOT/data/generated/test2/reannotated/bundled_synthetic_children/stage1_td/pair_sli476_td460_rep02_TD_bundle.cha,data/generated/test2/reannotated/bundled_synthetic_children/stage1_td/pair_sli476_td460_rep02_TD_bundle.cha,75,1,1,1,0,0,0,0,0,0,0,0,1,0,0,0,0,0,0,0,0,0,0,0,0,0,0,0,0,0,0,0,0,0,0
pair_sli476_td460_rep03_TD_bundle,/Users/shamiraventurini/PycharmProjects/ICL-PILOT/data/generated/test2/reannotated/bundled_synthetic_children/stage1_td/pair_sli476_td460_rep03_TD_bundle.cha,data/generated/test2/reannotated/bundled_synthetic_children/stage1_td/pair_sli476_td460_rep03_TD_bundle.cha,56,1,1,1,0,0,0,0,0,0,0,0,0,0,0,0,0,0,0,0,0,0,0,0,0,0,0,0,0,1,0,0,0,0,0
pair_sli476_td460_rep04_TD_bundle,/Users/shamiraventurini/PycharmProjects/ICL-PILOT/data/generated/test2/reannotated/bundled_synthetic_children/stage1_td/pair_sli476_td460_rep04_TD_bundle.cha,data/generated/test2/reannotated/bundled_synthetic_children/stage1_td/pair_sli476_td460_rep04_TD_bundle.cha,85,1,1,1,0,0,0,0,0,0,0,0,0,0,0,0,0,0,0,0,0,0,1,0,0,0,0,0,0,0,0,0,0,0,0
pair_sli476_td460_rep05_TD_bundle,/Users/shamiraventurini/PycharmProjects/ICL-PILOT/data/generated/test2/reannotated/bundled_synthetic_children/stage1_td/pair_sli476_td460_rep05_TD_bundle.cha,data/generated/test2/reannotated/bundled_synthetic_children/stage1_td/pair_sli476_td460_rep05_TD_bundle.cha,64,2,2,2,0,0,0,0,0,0,0,0,0,0,0,0,0,0,0,0,0,0,0,0,0,0,0,0,0,2,0,0,0,0,0
pair_sli476_td460_rep06_TD_bundle,/Users/shamiraventurini/PycharmProjects/ICL-PILOT/data/generated/test2/reannotated/bundled_synthetic_children/stage1_td/pair_sli476_td460_rep06_TD_bundle.cha,data/generated/test2/reannotated/bundled_synthetic_children/stage1_td/pair_sli476_td460_rep06_TD_bundle.cha,70,3,3,3,0,0,0,2,0,0,0,0,0,0,0,0,0,0,0,0,0,0,0,0,0,0,0,0,0,1,0,0,0,0,0
pair_sli476_td460_rep07_TD_bundle,/Users/shamiraventurini/PycharmProjects/ICL-PILOT/data/generated/test2/reannotated/bundled_synthetic_children/stage1_td/pair_sli476_td460_rep07_TD_bundle.cha,data/generated/test2/reannotated/bundled_synthetic_children/stage1_td/pair_sli476_td460_rep07_TD_bundle.cha,66,0,0,0,0,0,0,0,0,0,0,0,0,0,0,0,0,0,0,0,0,0,0,0,0,0,0,0,0,0,0,0,0,0,0
pair_sli476_td460_rep08_TD_bundle,/Users/shamiraventurini/PycharmProjects/ICL-PILOT/data/generated/test2/reannotated/bundled_synthetic_children/stage1_td/pair_sli476_td460_rep08_TD_bundle.cha,data/generated/test2/reannotated/bundled_synthetic_children/stage1_td/pair_sli476_td460_rep08_TD_bundle.cha,64,0,0,0,0,0,0,0,0,0,0,0,0,0,0,0,0,0,0,0,0,0,0,0,0,0,0,0,0,0,0,0,0,0,0
pair_sli476_td460_rep09_TD_bundle,/Users/shamiraventurini/PycharmProjects/ICL-PILOT/data/generated/test2/reannotated/bundled_synthetic_children/stage1_td/pair_sli476_td460_rep09_TD_bundle.cha,data/generated/test2/reannotated/bundled_synthetic_children/stage1_td/pair_sli476_td460_rep09_TD_bundle.cha,61,3,3,2,1,0,0,1,0,0,0,0,0,0,0,0,0,0,0,0,0,0,1,0,0,0,0,0,0,0,0,1,0,0,0
pair_sli476_td460_rep10_TD_bundle,/Users/shamiraventurini/PycharmProjects/ICL-PILOT/data/generated/test2/reannotated/bundled_synthetic_children/stage1_td/pair_sli476_td460_rep10_TD_bundle.cha,data/generated/test2/reannotated/bundled_synthetic_children/stage1_td/pair_sli476_td460_rep10_TD_bundle.cha,77,1,1,0,1,0,0,0,0,0,0,0,0,0,0,0,0,0,0,0,0,0,0,0,0,0,0,0,0,0,0,0,1,0,0
pair_sli477_td415_rep01_TD_bundle,/Users/shamiraventurini/PycharmProjects/ICL-PILOT/data/generated/test2/reannotated/bundled_synthetic_children/stage1_td/pair_sli477_td415_rep01_TD_bundle.cha,data/generated/test2/reannotated/bundled_synthetic_children/stage1_td/pair_sli477_td415_rep01_TD_bundle.cha,53,19,22,21,1,0,0,20,0,0,0,0,1,0,0,0,0,0,0,0,0,0,0,0,0,0,0,0,0,0,0,0,0,1,0
pair_sli477_td415_rep02_TD_bundle,/Users/shamiraventurini/PycharmProjects/ICL-PILOT/data/generated/test2/reannotated/bundled_synthetic_children/stage1_td/pair_sli477_td415_rep02_TD_bundle.cha,data/generated/test2/reannotated/bundled_synthetic_children/stage1_td/pair_sli477_td415_rep02_TD_bundle.cha,56,10,11,8,3,0,0,6,0,0,1,0,0,0,0,0,0,0,0,0,0,0,0,0,0,0,0,0,0,0,1,0,0,1,2
pair_sli477_td415_rep03_TD_bundle,/Users/shamiraventurini/PycharmProjects/ICL-PILOT/data/generated/test2/reannotated/bundled_synthetic_children/stage1_td/pair_sli477_td415_rep03_TD_bundle.cha,data/generated/test2/reannotated/bundled_synthetic_children/stage1_td/pair_sli477_td415_rep03_TD_bundle.cha,71,18,18,16,2,0,0,14,0,0,0,0,0,0,0,0,0,0,0,0,0,0,0,0,0,0,0,0,0,1,1,1,0,1,0
pair_sli477_td415_rep04_TD_bundle,/Users/shamiraventurini/PycharmProjects/ICL-PILOT/data/generated/test2/reannotated/bundled_synthetic_children/stage1_td/pair_sli477_td415_rep04_TD_bundle.cha,data/generated/test2/reannotated/bundled_synthetic_children/stage1_td/pair_sli477_td415_rep04_TD_bundle.cha,69,24,26,26,0,0,0,22,0,0,0,1,0,1,0,0,0,0,0,0,0,0,0,0,0,0,0,0,0,2,0,0,0,0,0
pair_sli477_td415_rep05_TD_bundle,/Users/shamiraventurini/PycharmProjects/ICL-PILOT/data/generated/test2/reannotated/bundled_synthetic_children/stage1_td/pair_sli477_td415_rep05_TD_bundle.cha,data/generated/test2/reannotated/bundled_synthetic_children/stage1_td/pair_sli477_td415_rep05_TD_bundle.cha,66,21,23,20,3,0,0,18,0,0,0,1,0,0,0,0,0,0,0,0,0,0,0,0,0,0,0,0,0,0,1,0,0,3,0
pair_sli477_td415_rep06_TD_bundle,/Users/shamiraventurini/PycharmProjects/ICL-PILOT/data/generated/test2/reannotated/bundled_synthetic_children/stage1_td/pair_sli477_td415_rep06_TD_bundle.cha,data/generated/test2/reannotated/bundled_synthetic_children/stage1_td/pair_sli477_td415_rep06_TD_bundle.cha,60,9,9,7,2,0,0,7,0,0,0,0,0,0,0,0,0,0,0,0,0,0,0,0,0,0,0,0,0,0,0,0,1,1,0
pair_sli477_td415_rep07_TD_bundle,/Users/shamiraventurini/PycharmProjects/ICL-PILOT/data/generated/test2/reannotated/bundled_synthetic_children/stage1_td/pair_sli477_td415_rep07_TD_bundle.cha,data/generated/test2/reannotated/bundled_synthetic_children/stage1_td/pair_sli477_td415_rep07_TD_bundle.cha,85,28,30,30,0,0,0,23,0,0,3,0,0,0,0,0,0,0,0,0,0,0,0,0,0,0,0,0,0,4,0,0,0,0,0
pair_sli477_td415_rep08_TD_bundle,/Users/shamiraventurini/PycharmProjects/ICL-PILOT/data/generated/test2/reannotated/bundled_synthetic_children/stage1_td/pair_sli477_td415_rep08_TD_bundle.cha,data/generated/test2/reannotated/bundled_synthetic_children/stage1_td/pair_sli477_td415_rep08_TD_bundle.cha,64,16,17,17,0,0,0,15,0,0,0,1,0,0,0,0,0,0,0,0,1,0,0,0,0,0,0,0,0,0,0,0,0,0,0
pair_sli477_td415_rep09_TD_bundle,/Users/shamiraventurini/PycharmProjects/ICL-PILOT/data/generated/test2/reannotated/bundled_synthetic_children/stage1_td/pair_sli477_td415_rep09_TD_bundle.cha,data/generated/test2/reannotated/bundled_synthetic_children/stage1_td/pair_sli477_td415_rep09_TD_bundle.cha,70,30,31,30,1,0,0,22,0,0,4,1,0,0,0,0,0,0,0,0,0,0,0,0,0,0,0,0,1,0,2,0,0,1,0
pair_sli477_td415_rep10_TD_bundle,/Users/shamiraventurini/PycharmProjects/ICL-PILOT/data/generated/test2/reannotated/bundled_synthetic_children/stage1_td/pair_sli477_td415_rep10_TD_bundle.cha,data/generated/test2/reannotated/bundled_synthetic_children/stage1_td/pair_sli477_td415_rep10_TD_bundle.cha,57,16,17,16,1,0,0,15,0,0,0,0,0,0,0,0,0,0,0,0,0,0,0,0,0,0,0,0,0,0,1,0,1,0,0
pair_sli478_td419_rep01_TD_bundle,/Users/shamiraventurini/PycharmProjects/ICL-PILOT/data/generated/test2/reannotated/bundled_synthetic_children/stage1_td/pair_sli478_td419_rep01_TD_bundle.cha,data/generated/test2/reannotated/bundled_synthetic_children/stage1_td/pair_sli478_td419_rep01_TD_bundle.cha,56,1,1,1,0,0,0,0,0,0,1,0,0,0,0,0,0,0,0,0,0,0,0,0,0,0,0,0,0,0,0,0,0,0,0
pair_sli478_td419_rep02_TD_bundle,/Users/shamiraventurini/PycharmProjects/ICL-PILOT/data/generated/test2/reannotated/bundled_synthetic_children/stage1_td/pair_sli478_td419_rep02_TD_bundle.cha,data/generated/test2/reannotated/bundled_synthetic_children/stage1_td/pair_sli478_td419_rep02_TD_bundle.cha,78,13,13,10,3,0,0,10,0,0,0,0,0,0,0,0,0,0,0,0,0,0,0,0,0,0,0,0,0,0,0,0,0,3,0
pair_sli478_td419_rep03_TD_bundle,/Users/shamiraventurini/PycharmProjects/ICL-PILOT/data/generated/test2/reannotated/bundled_synthetic_children/stage1_td/pair_sli478_td419_rep03_TD_bundle.cha,data/generated/test2/reannotated/bundled_synthetic_children/stage1_td/pair_sli478_td419_rep03_TD_bundle.cha,59,4,4,4,0,0,0,0,0,0,0,0,0,0,0,0,0,0,0,0,0,0,0,0,0,0,0,0,0,4,0,0,0,0,0
pair_sli478_td419_rep04_TD_bundle,/Users/shamiraventurini/PycharmProjects/ICL-PILOT/data/generated/test2/reannotated/bundled_synthetic_children/stage1_td/pair_sli478_td419_rep04_TD_bundle.cha,data/generated/test2/reannotated/bundled_synthetic_children/stage1_td/pair_sli478_td419_rep04_TD_bundle.cha,65,1,1,1,0,0,0,0,0,0,0,0,0,1,0,0,0,0,0,0,0,0,0,0,0,0,0,0,0,0,0,0,0,0,0
pair_sli478_td419_rep05_TD_bundle,/Users/shamiraventurini/PycharmProjects/ICL-PILOT/data/generated/test2/reannotated/bundled_synthetic_children/stage1_td/pair_sli478_td419_rep05_TD_bundle.cha,data/generated/test2/reannotated/bundled_synthetic_children/stage1_td/pair_sli478_td419_rep05_TD_bundle.cha,63,1,1,1,0,0,0,0,0,0,0,0,0,0,0,0,0,0,0,0,0,0,0,0,0,0,0,0,0,1,0,0,0,0,0
pair_sli478_td419_rep06_TD_bundle,/Users/shamiraventurini/PycharmProjects/ICL-PILOT/data/generated/test2/reannotated/bundled_synthetic_children/stage1_td/pair_sli478_td419_rep06_TD_bundle.cha,data/generated/test2/reannotated/bundled_synthetic_children/stage1_td/pair_sli478_td419_rep06_TD_bundle.cha,70,1,1,1,0,0,0,1,0,0,0,0,0,0,0,0,0,0,0,0,0,0,0,0,0,0,0,0,0,0,0,0,0,0,0
pair_sli478_td419_rep07_TD_bundle,/Users/shamiraventurini/PycharmProjects/ICL-PILOT/data/generated/test2/reannotated/bundled_synthetic_children/stage1_td/pair_sli478_td419_rep07_TD_bundle.cha,data/generated/test2/reannotated/bundled_synthetic_children/stage1_td/pair_sli478_td419_rep07_TD_bundle.cha,55,8,8,8,0,0,0,5,0,0,0,0,0,0,0,1,0,0,0,0,0,0,0,0,0,0,0,0,0,2,0,0,0,0,0
pair_sli478_td419_rep08_TD_bundle,/Users/shamiraventurini/PycharmProjects/ICL-PILOT/data/generated/test2/reannotated/bundled_synthetic_children/stage1_td/pair_sli478_td419_rep08_TD_bundle.cha,data/generated/test2/reannotated/bundled_synthetic_children/stage1_td/pair_sli478_td419_rep08_TD_bundle.cha,60,4,4,0,4,0,0,0,0,0,0,0,0,0,0,0,0,0,0,0,0,0,0,0,0,0,0,0,0,0,0,0,1,3,0
pair_sli478_td419_rep09_TD_bundle,/Users/shamiraventurini/PycharmProjects/ICL-PILOT/data/generated/test2/reannotated/bundled_synthetic_children/stage1_td/pair_sli478_td419_rep09_TD_bundle.cha,data/generated/test2/reannotated/bundled_synthetic_children/stage1_td/pair_sli478_td419_rep09_TD_bundle.cha,66,0,0,0,0,0,0,0,0,0,0,0,0,0,0,0,0,0,0,0,0,0,0,0,0,0,0,0,0,0,0,0,0,0,0
pair_sli478_td419_rep10_TD_bundle,/Users/shamiraventurini/PycharmProjects/ICL-PILOT/data/generated/test2/reannotated/bundled_synthetic_children/stage1_td/pair_sli478_td419_rep10_TD_bundle.cha,data/generated/test2/reannotated/bundled_synthetic_children/stage1_td/pair_sli478_td419_rep10_TD_bundle.cha,69,2,2,1,1,0,0,0,0,0,0,0,0,0,0,0,0,0,1,0,0,0,0,0,0,0,0,0,0,0,0,0,0,1,0
pair_sli479_td471_rep01_TD_bundle,/Users/shamiraventurini/PycharmProjects/ICL-PILOT/data/generated/test2/reannotated/bundled_synthetic_children/stage1_td/pair_sli479_td471_rep01_TD_bundle.cha,data/generated/test2/reannotated/bundled_synthetic_children/stage1_td/pair_sli479_td471_rep01_TD_bundle.cha,71,0,0,0,0,0,0,0,0,0,0,0,0,0,0,0,0,0,0,0,0,0,0,0,0,0,0,0,0,0,0,0,0,0,0
pair_sli479_td471_rep02_TD_bundle,/Users/shamiraventurini/PycharmProjects/ICL-PILOT/data/generated/test2/reannotated/bundled_synthetic_children/stage1_td/pair_sli479_td471_rep02_TD_bundle.cha,data/generated/test2/reannotated/bundled_synthetic_children/stage1_td/pair_sli479_td471_rep02_TD_bundle.cha,58,1,1,0,1,0,0,0,0,0,0,0,0,0,0,0,0,0,0,0,0,0,0,0,0,0,0,0,0,0,0,0,1,0,0
pair_sli479_td471_rep03_TD_bundle,/Users/shamiraventurini/PycharmProjects/ICL-PILOT/data/generated/test2/reannotated/bundled_synthetic_children/stage1_td/pair_sli479_td471_rep03_TD_bundle.cha,data/generated/test2/reannotated/bundled_synthetic_children/stage1_td/pair_sli479_td471_rep03_TD_bundle.cha,66,2,2,1,1,0,0,0,0,0,0,0,0,1,0,0,0,0,0,0,0,0,0,0,0,0,0,0,0,0,0,0,0,1,0
pair_sli479_td471_rep04_TD_bundle,/Users/shamiraventurini/PycharmProjects/ICL-PILOT/data/generated/test2/reannotated/bundled_synthetic_children/stage1_td/pair_sli479_td471_rep04_TD_bundle.cha,data/generated/test2/reannotated/bundled_synthetic_children/stage1_td/pair_sli479_td471_rep04_TD_bundle.cha,65,8,8,8,0,0,0,5,0,0,0,0,0,0,0,0,0,0,0,0,0,0,0,0,0,0,0,0,0,3,0,0,0,0,0
pair_sli479_td471_rep05_TD_bundle,/Users/shamiraventurini/PycharmProjects/ICL-PILOT/data/generated/test2/reannotated/bundled_synthetic_children/stage1_td/pair_sli479_td471_rep05_TD_bundle.cha,data/generated/test2/reannotated/bundled_synthetic_children/stage1_td/pair_sli479_td471_rep05_TD_bundle.cha,58,2,2,0,2,0,0,0,0,0,0,0,0,0,0,0,0,0,0,0,0,0,0,0,0,0,0,0,0,0,0,0,0,2,0
pair_sli479_td471_rep06_TD_bundle,/Users/shamiraventurini/PycharmProjects/ICL-PILOT/data/generated/test2/reannotated/bundled_synthetic_children/stage1_td/pair_sli479_td471_rep06_TD_bundle.cha,data/generated/test2/reannotated/bundled_synthetic_children/stage1_td/pair_sli479_td471_rep06_TD_bundle.cha,64,1,1,0,1,0,0,0,0,0,0,0,0,0,0,0,0,0,0,0,0,0,0,0,0,0,0,0,0,0,0,0,0,1,0
pair_sli479_td471_rep07_TD_bundle,/Users/shamiraventurini/PycharmProjects/ICL-PILOT/data/generated/test2/reannotated/bundled_synthetic_children/stage1_td/pair_sli479_td471_rep07_TD_bundle.cha,data/generated/test2/reannotated/bundled_synthetic_children/stage1_td/pair_sli479_td471_rep07_TD_bundle.cha,64,1,1,1,0,0,0,0,0,0,0,0,0,1,0,0,0,0,0,0,0,0,0,0,0,0,0,0,0,0,0,0,0,0,0
pair_sli479_td471_rep08_TD_bundle,/Users/shamiraventurini/PycharmProjects/ICL-PILOT/data/generated/test2/reannotated/bundled_synthetic_children/stage1_td/pair_sli479_td471_rep08_TD_bundle.cha,data/generated/test2/reannotated/bundled_synthetic_children/stage1_td/pair_sli479_td471_rep08_TD_bundle.cha,56,1,1,1,0,0,0,0,0,0,0,0,0,1,0,0,0,0,0,0,0,0,0,0,0,0,0,0,0,0,0,0,0,0,0
pair_sli479_td471_rep09_TD_bundle,/Users/shamiraventurini/PycharmProjects/ICL-PILOT/data/generated/test2/reannotated/bundled_synthetic_children/stage1_td/pair_sli479_td471_rep09_TD_bundle.cha,data/generated/test2/reannotated/bundled_synthetic_children/stage1_td/pair_sli479_td471_rep09_TD_bundle.cha,56,0,0,0,0,0,0,0,0,0,0,0,0,0,0,0,0,0,0,0,0,0,0,0,0,0,0,0,0,0,0,0,0,0,0
pair_sli479_td471_rep10_TD_bundle,/Users/shamiraventurini/PycharmProjects/ICL-PILOT/data/generated/test2/reannotated/bundled_synthetic_children/stage1_td/pair_sli479_td471_rep10_TD_bundle.cha,data/generated/test2/reannotated/bundled_synthetic_children/stage1_td/pair_sli479_td471_rep10_TD_bundle.cha,70,2,2,1,1,0,0,0,1,0,0,0,0,0,0,0,0,0,0,0,0,0,0,0,0,0,0,0,0,0,0,0,1,0,0
pair_sli480_td450_rep01_TD_bundle,/Users/shamiraventurini/PycharmProjects/ICL-PILOT/data/generated/test2/reannotated/bundled_synthetic_children/stage1_td/pair_sli480_td450_rep01_TD_bundle.cha,data/generated/test2/reannotated/bundled_synthetic_children/stage1_td/pair_sli480_td450_rep01_TD_bundle.cha,64,14,15,14,1,0,0,11,0,0,0,0,0,0,0,0,0,0,0,0,0,1,0,0,0,0,0,0,0,2,0,0,1,0,0
pair_sli480_td450_rep02_TD_bundle,/Users/shamiraventurini/PycharmProjects/ICL-PILOT/data/generated/test2/reannotated/bundled_synthetic_children/stage1_td/pair_sli480_td450_rep02_TD_bundle.cha,data/generated/test2/reannotated/bundled_synthetic_children/stage1_td/pair_sli480_td450_rep02_TD_bundle.cha,56,10,10,9,1,0,0,9,0,0,0,0,0,0,0,0,0,0,0,0,0,0,0,0,0,0,0,0,0,0,0,0,0,1,0
pair_sli480_td450_rep03_TD_bundle,/Users/shamiraventurini/PycharmProjects/ICL-PILOT/data/generated/test2/reannotated/bundled_synthetic_children/stage1_td/pair_sli480_td450_rep03_TD_bundle.cha,data/generated/test2/reannotated/bundled_synthetic_children/stage1_td/pair_sli480_td450_rep03_TD_bundle.cha,67,15,15,11,4,0,0,7,0,0,0,0,0,0,0,0,0,0,0,0,0,0,0,0,0,0,1,0,0,0,3,0,1,3,0
pair_sli480_td450_rep04_TD_bundle,/Users/shamiraventurini/PycharmProjects/ICL-PILOT/data/generated/test2/reannotated/bundled_synthetic_children/stage1_td/pair_sli480_td450_rep04_TD_bundle.cha,data/generated/test2/reannotated/bundled_synthetic_children/stage1_td/pair_sli480_td450_rep04_TD_bundle.cha,53,6,6,6,0,0,0,5,0,0,0,0,0,1,0,0,0,0,0,0,0,0,0,0,0,0,0,0,0,0,0,0,0,0,0
pair_sli480_td450_rep05_TD_bundle,/Users/shamiraventurini/PycharmProjects/ICL-PILOT/data/generated/test2/reannotated/bundled_synthetic_children/stage1_td/pair_sli480_td450_rep05_TD_bundle.cha,data/generated/test2/reannotated/bundled_synthetic_children/stage1_td/pair_sli480_td450_rep05_TD_bundle.cha,68,12,13,13,0,0,0,0,0,1,6,0,0,0,0,3,0,0,0,0,1,0,0,0,0,0,0,0,0,2,0,0,0,0,0
pair_sli480_td450_rep06_TD_bundle,/Users/shamiraventurini/PycharmProjects/ICL-PILOT/data/generated/test2/reannotated/bundled_synthetic_children/stage1_td/pair_sli480_td450_rep06_TD_bundle.cha,data/generated/test2/reannotated/bundled_synthetic_children/stage1_td/pair_sli480_td450_rep06_TD_bundle.cha,62,16,17,16,1,0,0,16,0,0,0,0,0,0,0,0,0,0,0,0,0,0,0,0,0,0,0,0,0,0,0,0,1,0,0
pair_sli480_td450_rep07_TD_bundle,/Users/shamiraventurini/PycharmProjects/ICL-PILOT/data/generated/test2/reannotated/bundled_synthetic_children/stage1_td/pair_sli480_td450_rep07_TD_bundle.cha,data/generated/test2/reannotated/bundled_synthetic_children/stage1_td/pair_sli480_td450_rep07_TD_bundle.cha,58,5,5,5,0,0,0,1,0,0,0,0,0,0,0,0,0,0,0,0,0,0,0,0,0,0,0,0,0,3,1,0,0,0,0
pair_sli480_td450_rep08_TD_bundle,/Users/shamiraventurini/PycharmProjects/ICL-PILOT/data/generated/test2/reannotated/bundled_synthetic_children/stage1_td/pair_sli480_td450_rep08_TD_bundle.cha,data/generated/test2/reannotated/bundled_synthetic_children/stage1_td/pair_sli480_td450_rep08_TD_bundle.cha,56,2,2,0,2,0,0,0,0,0,0,0,0,0,0,0,0,0,0,0,0,0,0,0,0,0,0,0,0,0,0,0,1,1,0
pair_sli480_td450_rep09_TD_bundle,/Users/shamiraventurini/PycharmProjects/ICL-PILOT/data/generated/test2/reannotated/bundled_synthetic_children/stage1_td/pair_sli480_td450_rep09_TD_bundle.cha,data/generated/test2/reannotated/bundled_synthetic_children/stage1_td/pair_sli480_td450_rep09_TD_bundle.cha,68,13,13,9,4,0,0,7,0,0,0,0,0,0,0,0,0,0,0,0,0,0,0,0,0,0,0,0,2,0,0,4,0,0,0
pair_sli480_td450_rep10_TD_bundle,/Users/shamiraventurini/PycharmProjects/ICL-PILOT/data/generated/test2/reannotated/bundled_synthetic_children/stage1_td/pair_sli480_td450_rep10_TD_bundle.cha,data/generated/test2/reannotated/bundled_synthetic_children/stage1_td/pair_sli480_td450_rep10_TD_bundle.cha,71,6,6,6,0,0,0,6,0,0,0,0,0,0,0,0,0,0,0,0,0,0,0,0,0,0,0,0,0,0,0,0,0,0,0
pair_sli482_td466_rep01_TD_bundle,/Users/shamiraventurini/PycharmProjects/ICL-PILOT/data/generated/test2/reannotated/bundled_synthetic_children/stage1_td/pair_sli482_td466_rep01_TD_bundle.cha,data/generated/test2/reannotated/bundled_synthetic_children/stage1_td/pair_sli482_td466_rep01_TD_bundle.cha,63,19,19,14,5,0,0,9,0,0,3,0,0,0,0,0,0,0,1,0,0,0,0,0,0,0,1,0,0,0,0,1,0,4,0
pair_sli482_td466_rep02_TD_bundle,/Users/shamiraventurini/PycharmProjects/ICL-PILOT/data/generated/test2/reannotated/bundled_synthetic_children/stage1_td/pair_sli482_td466_rep02_TD_bundle.cha,data/generated/test2/reannotated/bundled_synthetic_children/stage1_td/pair_sli482_td466_rep02_TD_bundle.cha,53,14,15,14,1,0,0,12,0,0,0,0,0,1,0,0,0,0,0,0,0,0,0,0,0,0,1,0,0,0,0,1,0,0,0
pair_sli482_td466_rep03_TD_bundle,/Users/shamiraventurini/PycharmProjects/ICL-PILOT/data/generated/test2/reannotated/bundled_synthetic_children/stage1_td/pair_sli482_td466_rep03_TD_bundle.cha,data/generated/test2/reannotated/bundled_synthetic_children/stage1_td/pair_sli482_td466_rep03_TD_bundle.cha,67,7,7,3,4,0,0,1,0,0,0,0,1,0,0,0,0,0,0,0,0,0,0,0,0,0,0,0,0,1,0,0,2,2,0
pair_sli482_td466_rep04_TD_bundle,/Users/shamiraventurini/PycharmProjects/ICL-PILOT/data/generated/test2/reannotated/bundled_synthetic_children/stage1_td/pair_sli482_td466_rep04_TD_bundle.cha,data/generated/test2/reannotated/bundled_synthetic_children/stage1_td/pair_sli482_td466_rep04_TD_bundle.cha,58,11,14,13,1,0,0,11,0,1,0,0,0,0,0,0,0,0,0,0,0,0,0,0,0,0,1,0,0,0,0,0,0,1,0
pair_sli482_td466_rep05_TD_bundle,/Users/shamiraventurini/PycharmProjects/ICL-PILOT/data/generated/test2/reannotated/bundled_synthetic_children/stage1_td/pair_sli482_td466_rep05_TD_bundle.cha,data/generated/test2/reannotated/bundled_synthetic_children/stage1_td/pair_sli482_td466_rep05_TD_bundle.cha,72,15,17,15,2,0,0,13,0,0,0,1,0,0,0,0,0,0,0,0,0,0,0,0,0,0,0,0,0,1,0,0,0,2,0
pair_sli482_td466_rep06_TD_bundle,/Users/shamiraventurini/PycharmProjects/ICL-PILOT/data/generated/test2/reannotated/bundled_synthetic_children/stage1_td/pair_sli482_td466_rep06_TD_bundle.cha,data/generated/test2/reannotated/bundled_synthetic_children/stage1_td/pair_sli482_td466_rep06_TD_bundle.cha,54,13,14,14,0,0,0,9,0,0,0,0,0,0,0,1,0,0,0,0,0,0,0,0,0,0,0,0,0,3,1,0,0,0,0
pair_sli482_td466_rep07_TD_bundle,/Users/shamiraventurini/PycharmProjects/ICL-PILOT/data/generated/test2/reannotated/bundled_synthetic_children/stage1_td/pair_sli482_td466_rep07_TD_bundle.cha,data/generated/test2/reannotated/bundled_synthetic_children/stage1_td/pair_sli482_td466_rep07_TD_bundle.cha,73,9,9,9,0,0,0,5,0,0,0,0,1,1,0,0,0,0,0,0,0,0,0,0,0,0,0,0,0,2,0,0,0,0,0
pair_sli482_td466_rep08_TD_bundle,/Users/shamiraventurini/PycharmProjects/ICL-PILOT/data/generated/test2/reannotated/bundled_synthetic_children/stage1_td/pair_sli482_td466_rep08_TD_bundle.cha,data/generated/test2/reannotated/bundled_synthetic_children/stage1_td/pair_sli482_td466_rep08_TD_bundle.cha,61,12,12,10,2,0,0,6,0,0,0,1,2,0,0,0,0,0,0,0,0,0,0,0,0,0,0,0,0,1,0,2,0,0,0
pair_sli482_td466_rep09_TD_bundle,/Users/shamiraventurini/PycharmProjects/ICL-PILOT/data/generated/test2/reannotated/bundled_synthetic_children/stage1_td/pair_sli482_td466_rep09_TD_bundle.cha,data/generated/test2/reannotated/bundled_synthetic_children/stage1_td/pair_sli482_td466_rep09_TD_bundle.cha,63,18,21,15,6,0,0,12,0,1,0,0,0,0,0,0,0,0,0,0,0,0,0,0,0,0,1,0,0,1,0,0,0,6,0
pair_sli482_td466_rep10_TD_bundle,/Users/shamiraventurini/PycharmProjects/ICL-PILOT/data/generated/test2/reannotated/bundled_synthetic_children/stage1_td/pair_sli482_td466_rep10_TD_bundle.cha,data/generated/test2/reannotated/bundled_synthetic_children/stage1_td/pair_sli482_td466_rep10_TD_bundle.cha,59,12,12,12,0,0,0,9,0,0,0,0,0,0,0,0,0,0,0,0,0,0,0,0,0,0,1,0,0,1,1,0,0,0,0
pair_sli413_td439_rep01_SLI_bundle,/Users/shamiraventurini/PycharmProjects/ICL-PILOT/data/generated/test2/reannotated/bundled_synthetic_children/stage2_sli/pair_sli413_td439_rep01_SLI_bundle.cha,data/generated/test2/reannotated/bundled_synthetic_children/stage2_sli/pair_sli413_td439_rep01_SLI_bundle.cha,70,17,18,18,0,0,0,13,0,1,1,0,0,2,0,0,0,0,0,0,0,0,0,0,0,0,0,0,0,1,0,0,0,0,0
pair_sli413_td439_rep02_SLI_bundle,/Users/shamiraventurini/PycharmProjects/ICL-PILOT/data/generated/test2/reannotated/bundled_synthetic_children/stage2_sli/pair_sli413_td439_rep02_SLI_bundle.cha,data/generated/test2/reannotated/bundled_synthetic_children/stage2_sli/pair_sli413_td439_rep02_SLI_bundle.cha,73,10,12,11,1,0,0,10,0,0,0,0,0,0,0,0,0,0,0,0,0,0,0,0,0,0,0,0,0,1,0,1,0,0,0
pair_sli413_td439_rep03_SLI_bundle,/Users/shamiraventurini/PycharmProjects/ICL-PILOT/data/generated/test2/reannotated/bundled_synthetic_children/stage2_sli/pair_sli413_td439_rep03_SLI_bundle.cha,data/generated/test2/reannotated/bundled_synthetic_children/stage2_sli/pair_sli413_td439_rep03_SLI_bundle.cha,61,19,22,21,1,0,0,16,0,2,0,0,0,2,0,0,0,0,0,0,0,0,0,0,0,0,0,0,0,1,0,0,0,1,0
pair_sli413_td439_rep04_SLI_bundle,/Users/shamiraventurini/PycharmProjects/ICL-PILOT/data/generated/test2/reannotated/bundled_synthetic_children/stage2_sli/pair_sli413_td439_rep04_SLI_bundle.cha,data/generated/test2/reannotated/bundled_synthetic_children/stage2_sli/pair_sli413_td439_rep04_SLI_bundle.cha,73,16,17,17,0,0,0,15,0,1,0,0,0,0,0,0,0,0,0,0,0,0,0,0,0,0,0,0,0,1,0,0,0,0,0
pair_sli413_td439_rep05_SLI_bundle,/Users/shamiraventurini/PycharmProjects/ICL-PILOT/data/generated/test2/reannotated/bundled_synthetic_children/stage2_sli/pair_sli413_td439_rep05_SLI_bundle.cha,data/generated/test2/reannotated/bundled_synthetic_children/stage2_sli/pair_sli413_td439_rep05_SLI_bundle.cha,69,17,17,17,0,0,0,16,0,0,0,1,0,0,0,0,0,0,0,0,0,0,0,0,0,0,0,0,0,0,0,0,0,0,0
pair_sli413_td439_rep06_SLI_bundle,/Users/shamiraventurini/PycharmProjects/ICL-PILOT/data/generated/test2/reannotated/bundled_synthetic_children/stage2_sli/pair_sli413_td439_rep06_SLI_bundle.cha,data/generated/test2/reannotated/bundled_synthetic_children/stage2_sli/pair_sli413_td439_rep06_SLI_bundle.cha,70,19,25,23,2,0,0,23,0,0,0,0,0,0,0,0,0,0,0,0,0,0,0,0,0,0,0,0,0,0,0,0,0,0,2
pair_sli413_td439_rep07_SLI_bundle,/Users/shamiraventurini/PycharmProjects/ICL-PILOT/data/generated/test2/reannotated/bundled_synthetic_children/stage2_sli/pair_sli413_td439_rep07_SLI_bundle.cha,data/generated/test2/reannotated/bundled_synthetic_children/stage2_sli/pair_sli413_td439_rep07_SLI_bundle.cha,78,16,18,16,2,0,0,15,0,0,0,0,0,0,0,0,0,0,0,0,0,0,0,0,0,0,0,0,0,0,1,1,0,1,0
pair_sli413_td439_rep08_SLI_bundle,/Users/shamiraventurini/PycharmProjects/ICL-PILOT/data/generated/test2/reannotated/bundled_synthetic_children/stage2_sli/pair_sli413_td439_rep08_SLI_bundle.cha,data/generated/test2/reannotated/bundled_synthetic_children/stage2_sli/pair_sli413_td439_rep08_SLI_bundle.cha,68,19,21,20,1,0,0,17,0,0,0,0,0,2,0,0,0,0,0,0,0,0,1,0,0,0,0,0,0,0,0,1,0,0,0
pair_sli413_td439_rep09_SLI_bundle,/Users/shamiraventurini/PycharmProjects/ICL-PILOT/data/generated/test2/reannotated/bundled_synthetic_children/stage2_sli/pair_sli413_td439_rep09_SLI_bundle.cha,data/generated/test2/reannotated/bundled_synthetic_children/stage2_sli/pair_sli413_td439_rep09_SLI_bundle.cha,71,15,18,14,4,0,0,14,0,0,0,0,0,0,0,0,0,0,0,0,0,0,0,0,0,0,0,0,0,0,0,1,1,1,1
pair_sli413_td439_rep10_SLI_bundle,/Users/shamiraventurini/PycharmProjects/ICL-PILOT/data/generated/test2/reannotated/bundled_synthetic_children/stage2_sli/pair_sli413_td439_rep10_SLI_bundle.cha,data/generated/test2/reannotated/bundled_synthetic_children/stage2_sli/pair_sli413_td439_rep10_SLI_bundle.cha,74,30,34,32,2,0,0,29,0,0,1,1,0,0,0,0,0,0,0,0,0,0,1,0,0,0,0,0,0,0,0,0,0,2,0
pair_sli427_td406_rep01_SLI_bundle,/Users/shamiraventurini/PycharmProjects/ICL-PILOT/data/generated/test2/reannotated/bundled_synthetic_children/stage2_sli/pair_sli427_td406_rep01_SLI_bundle.cha,data/generated/test2/reannotated/bundled_synthetic_children/stage2_sli/pair_sli427_td406_rep01_SLI_bundle.cha,69,29,31,30,1,0,0,23,0,1,1,0,0,1,1,0,0,0,0,0,0,0,0,0,0,0,0,0,0,2,1,0,0,1,0
pair_sli427_td406_rep02_SLI_bundle,/Users/shamiraventurini/PycharmProjects/ICL-PILOT/data/generated/test2/reannotated/bundled_synthetic_children/stage2_sli/pair_sli427_td406_rep02_SLI_bundle.cha,data/generated/test2/reannotated/bundled_synthetic_children/stage2_sli/pair_sli427_td406_rep02_SLI_bundle.cha,68,11,14,10,4,0,0,10,0,0,0,0,0,0,0,0,0,0,0,0,0,0,0,0,0,0,0,0,0,0,0,1,0,3,0
pair_sli427_td406_rep03_SLI_bundle,/Users/shamiraventurini/PycharmProjects/ICL-PILOT/data/generated/test2/reannotated/bundled_synthetic_children/stage2_sli/pair_sli427_td406_rep03_SLI_bundle.cha,data/generated/test2/reannotated/bundled_synthetic_children/stage2_sli/pair_sli427_td406_rep03_SLI_bundle.cha,104,17,20,17,3,0,0,14,0,0,2,0,0,0,0,0,0,0,0,0,0,0,0,0,0,0,0,0,0,1,0,0,0,2,1
pair_sli427_td406_rep04_SLI_bundle,/Users/shamiraventurini/PycharmProjects/ICL-PILOT/data/generated/test2/reannotated/bundled_synthetic_children/stage2_sli/pair_sli427_td406_rep04_SLI_bundle.cha,data/generated/test2/reannotated/bundled_synthetic_children/stage2_sli/pair_sli427_td406_rep04_SLI_bundle.cha,76,19,19,18,1,0,0,15,0,0,1,0,0,0,0,0,0,0,0,0,0,0,0,0,0,0,0,0,0,2,0,0,0,1,0
pair_sli427_td406_rep05_SLI_bundle,/Users/shamiraventurini/PycharmProjects/ICL-PILOT/data/generated/test2/reannotated/bundled_synthetic_children/stage2_sli/pair_sli427_td406_rep05_SLI_bundle.cha,data/generated/test2/reannotated/bundled_synthetic_children/stage2_sli/pair_sli427_td406_rep05_SLI_bundle.cha,90,28,30,27,3,0,0,20,0,0,0,0,0,1,0,1,0,0,0,0,0,0,0,0,0,0,0,0,1,1,3,1,1,1,0
pair_sli427_td406_rep06_SLI_bundle,/Users/shamiraventurini/PycharmProjects/ICL-PILOT/data/generated/test2/reannotated/bundled_synthetic_children/stage2_sli/pair_sli427_td406_rep06_SLI_bundle.cha,data/generated/test2/reannotated/bundled_synthetic_children/stage2_sli/pair_sli427_td406_rep06_SLI_bundle.cha,91,20,22,20,2,0,0,15,0,0,0,0,0,0,0,0,0,0,0,0,0,0,0,0,0,0,1,0,0,3,1,0,1,1,0
pair_sli427_td406_rep07_SLI_bundle,/Users/shamiraventurini/PycharmProjects/ICL-PILOT/data/generated/test2/reannotated/bundled_synthetic_children/stage2_sli/pair_sli427_td406_rep07_SLI_bundle.cha,data/generated/test2/reannotated/bundled_synthetic_children/stage2_sli/pair_sli427_td406_rep07_SLI_bundle.cha,67,23,23,21,2,0,0,16,0,0,2,0,0,0,0,0,0,1,0,0,0,0,0,0,0,0,0,0,0,1,1,0,0,2,0
pair_sli427_td406_rep08_SLI_bundle,/Users/shamiraventurini/PycharmProjects/ICL-PILOT/data/generated/test2/reannotated/bundled_synthetic_children/stage2_sli/pair_sli427_td406_rep08_SLI_bundle.cha,data/generated/test2/reannotated/bundled_synthetic_children/stage2_sli/pair_sli427_td406_rep08_SLI_bundle.cha,88,27,27,25,2,0,0,14,0,1,0,0,0,1,0,0,0,0,0,0,0,0,1,0,1,0,0,0,0,5,2,0,0,2,0
pair_sli427_td406_rep09_SLI_bundle,/Users/shamiraventurini/PycharmProjects/ICL-PILOT/data/generated/test2/reannotated/bundled_synthetic_children/stage2_sli/pair_sli427_td406_rep09_SLI_bundle.cha,data/generated/test2/reannotated/bundled_synthetic_children/stage2_sli/pair_sli427_td406_rep09_SLI_bundle.cha,74,35,37,35,2,0,0,22,0,0,5,0,0,2,0,0,0,0,0,0,0,0,0,0,0,0,0,0,0,5,1,0,0,2,0
pair_sli427_td406_rep10_SLI_bundle,/Users/shamiraventurini/PycharmProjects/ICL-PILOT/data/generated/test2/reannotated/bundled_synthetic_children/stage2_sli/pair_sli427_td406_rep10_SLI_bundle.cha,data/generated/test2/reannotated/bundled_synthetic_children/stage2_sli/pair_sli427_td406_rep10_SLI_bundle.cha,85,18,18,8,10,0,0,6,0,0,0,0,0,0,0,0,0,0,0,0,0,0,0,0,0,0,0,0,0,2,0,0,0,10,0
pair_sli444_td410_rep01_SLI_bundle,/Users/shamiraventurini/PycharmProjects/ICL-PILOT/data/generated/test2/reannotated/bundled_synthetic_children/stage2_sli/pair_sli444_td410_rep01_SLI_bundle.cha,data/generated/test2/reannotated/bundled_synthetic_children/stage2_sli/pair_sli444_td410_rep01_SLI_bundle.cha,91,16,20,20,0,0,0,2,0,0,0,10,5,0,0,0,0,0,0,2,0,0,0,0,0,0,1,0,0,0,0,0,0,0,0
pair_sli444_td410_rep02_SLI_bundle,/Users/shamiraventurini/PycharmProjects/ICL-PILOT/data/generated/test2/reannotated/bundled_synthetic_children/stage2_sli/pair_sli444_td410_rep02_SLI_bundle.cha,data/generated/test2/reannotated/bundled_synthetic_children/stage2_sli/pair_sli444_td410_rep02_SLI_bundle.cha,60,10,11,11,0,0,0,11,0,0,0,0,0,0,0,0,0,0,0,0,0,0,0,0,0,0,0,0,0,0,0,0,0,0,0
pair_sli444_td410_rep03_SLI_bundle,/Users/shamiraventurini/PycharmProjects/ICL-PILOT/data/generated/test2/reannotated/bundled_synthetic_children/stage2_sli/pair_sli444_td410_rep03_SLI_bundle.cha,data/generated/test2/reannotated/bundled_synthetic_children/stage2_sli/pair_sli444_td410_rep03_SLI_bundle.cha,86,17,22,22,0,0,0,12,0,0,0,4,2,0,0,0,0,0,0,1,0,0,0,0,0,0,0,0,0,2,1,0,0,0,0
pair_sli444_td410_rep04_SLI_bundle,/Users/shamiraventurini/PycharmProjects/ICL-PILOT/data/generated/test2/reannotated/bundled_synthetic_children/stage2_sli/pair_sli444_td410_rep04_SLI_bundle.cha,data/generated/test2/reannotated/bundled_synthetic_children/stage2_sli/pair_sli444_td410_rep04_SLI_bundle.cha,62,10,10,9,1,0,0,9,0,0,0,0,0,0,0,0,0,0,0,0,0,0,0,0,0,0,0,0,0,0,0,0,0,1,0
pair_sli444_td410_rep05_SLI_bundle,/Users/shamiraventurini/PycharmProjects/ICL-PILOT/data/generated/test2/reannotated/bundled_synthetic_children/stage2_sli/pair_sli444_td410_rep05_SLI_bundle.cha,data/generated/test2/reannotated/bundled_synthetic_children/stage2_sli/pair_sli444_td410_rep05_SLI_bundle.cha,84,3,3,3,0,0,0,2,0,0,0,0,0,1,0,0,0,0,0,0,0,0,0,0,0,0,0,0,0,0,0,0,0,0,0
pair_sli444_td410_rep06_SLI_bundle,/Users/shamiraventurini/PycharmProjects/ICL-PILOT/data/generated/test2/reannotated/bundled_synthetic_children/stage2_sli/pair_sli444_td410_rep06_SLI_bundle.cha,data/generated/test2/reannotated/bundled_synthetic_children/stage2_sli/pair_sli444_td410_rep06_SLI_bundle.cha,69,3,3,2,1,0,0,1,0,0,0,0,0,1,0,0,0,0,0,0,0,0,0,0,0,0,0,0,0,0,0,0,0,1,0
pair_sli444_td410_rep07_SLI_bundle,/Users/shamiraventurini/PycharmProjects/ICL-PILOT/data/generated/test2/reannotated/bundled_synthetic_children/stage2_sli/pair_sli444_td410_rep07_SLI_bundle.cha,data/generated/test2/reannotated/bundled_synthetic_children/stage2_sli/pair_sli444_td410_rep07_SLI_bundle.cha,77,13,16,14,2,0,0,9,0,0,0,2,1,0,0,0,0,0,0,0,0,0,1,0,0,0,0,0,0,1,0,0,2,0,0
pair_sli444_td410_rep08_SLI_bundle,/Users/shamiraventurini/PycharmProjects/ICL-PILOT/data/generated/test2/reannotated/bundled_synthetic_children/stage2_sli/pair_sli444_td410_rep08_SLI_bundle.cha,data/generated/test2/reannotated/bundled_synthetic_children/stage2_sli/pair_sli444_td410_rep08_SLI_bundle.cha,60,13,15,13,2,0,0,5,0,0,2,0,0,0,0,0,0,0,0,0,0,0,0,0,0,0,0,0,0,5,1,0,1,1,0
pair_sli444_td410_rep09_SLI_bundle,/Users/shamiraventurini/PycharmProjects/ICL-PILOT/data/generated/test2/reannotated/bundled_synthetic_children/stage2_sli/pair_sli444_td410_rep09_SLI_bundle.cha,data/generated/test2/reannotated/bundled_synthetic_children/stage2_sli/pair_sli444_td410_rep09_SLI_bundle.cha,100,9,9,8,1,0,0,8,0,0,0,0,0,0,0,0,0,0,0,0,0,0,0,0,0,0,0,0,0,0,0,0,0,1,0
pair_sli444_td410_rep10_SLI_bundle,/Users/shamiraventurini/PycharmProjects/ICL-PILOT/data/generated/test2/reannotated/bundled_synthetic_children/stage2_sli/pair_sli444_td410_rep10_SLI_bundle.cha,data/generated/test2/reannotated/bundled_synthetic_children/stage2_sli/pair_sli444_td410_rep10_SLI_bundle.cha,61,8,8,8,0,0,0,7,0,0,0,0,0,0,0,0,0,0,0,0,0,0,0,0,0,0,0,0,0,1,0,0,0,0,0
pair_sli474_td459_rep01_SLI_bundle,/Users/shamiraventurini/PycharmProjects/ICL-PILOT/data/generated/test2/reannotated/bundled_synthetic_children/stage2_sli/pair_sli474_td459_rep01_SLI_bundle.cha,data/generated/test2/reannotated/bundled_synthetic_children/stage2_sli/pair_sli474_td459_rep01_SLI_bundle.cha,64,32,43,40,3,0,0,34,0,0,3,0,0,1,0,0,0,0,0,0,0,0,0,0,0,0,0,0,0,1,1,0,0,3,0
pair_sli474_td459_rep02_SLI_bundle,/Users/shamiraventurini/PycharmProjects/ICL-PILOT/data/generated/test2/reannotated/bundled_synthetic_children/stage2_sli/pair_sli474_td459_rep02_SLI_bundle.cha,data/generated/test2/reannotated/bundled_synthetic_children/stage2_sli/pair_sli474_td459_rep02_SLI_bundle.cha,62,27,38,30,8,0,0,23,0,0,1,0,0,0,0,0,0,0,0,0,0,0,1,0,0,0,0,0,0,0,5,0,2,6,0
pair_sli474_td459_rep03_SLI_bundle,/Users/shamiraventurini/PycharmProjects/ICL-PILOT/data/generated/test2/reannotated/bundled_synthetic_children/stage2_sli/pair_sli474_td459_rep03_SLI_bundle.cha,data/generated/test2/reannotated/bundled_synthetic_children/stage2_sli/pair_sli474_td459_rep03_SLI_bundle.cha,78,27,29,27,2,0,0,21,0,0,1,1,1,0,0,0,0,0,0,0,0,0,0,0,0,0,0,0,0,3,0,2,0,0,0
pair_sli474_td459_rep04_SLI_bundle,/Users/shamiraventurini/PycharmProjects/ICL-PILOT/data/generated/test2/reannotated/bundled_synthetic_children/stage2_sli/pair_sli474_td459_rep04_SLI_bundle.cha,data/generated/test2/reannotated/bundled_synthetic_children/stage2_sli/pair_sli474_td459_rep04_SLI_bundle.cha,61,31,35,34,1,0,0,31,0,0,1,0,0,0,0,0,0,0,0,0,0,0,0,0,0,0,0,0,0,2,0,0,1,0,0
pair_sli474_td459_rep05_SLI_bundle,/Users/shamiraventurini/PycharmProjects/ICL-PILOT/data/generated/test2/reannotated/bundled_synthetic_children/stage2_sli/pair_sli474_td459_rep05_SLI_bundle.cha,data/generated/test2/reannotated/bundled_synthetic_children/stage2_sli/pair_sli474_td459_rep05_SLI_bundle.cha,68,16,21,21,0,0,0,14,0,0,1,1,1,0,0,0,0,0,0,0,0,0,0,0,0,0,0,0,0,4,0,0,0,0,0
pair_sli474_td459_rep06_SLI_bundle,/Users/shamiraventurini/PycharmProjects/ICL-PILOT/data/generated/test2/reannotated/bundled_synthetic_children/stage2_sli/pair_sli474_td459_rep06_SLI_bundle.cha,data/generated/test2/reannotated/bundled_synthetic_children/stage2_sli/pair_sli474_td459_rep06_SLI_bundle.cha,55,23,28,27,1,0,0,18,0,0,1,1,0,4,0,0,0,0,0,0,0,0,0,0,0,0,0,0,0,0,3,0,1,0,0
pair_sli474_td459_rep07_SLI_bundle,/Users/shamiraventurini/PycharmProjects/ICL-PILOT/data/generated/test2/reannotated/bundled_synthetic_children/stage2_sli/pair_sli474_td459_rep07_SLI_bundle.cha,data/generated/test2/reannotated/bundled_synthetic_children/stage2_sli/pair_sli474_td459_rep07_SLI_bundle.cha,62,18,21,21,0,0,0,10,0,1,1,0,1,4,0,0,0,0,0,0,0,0,0,0,0,0,0,0,0,3,1,0,0,0,0
pair_sli474_td459_rep08_SLI_bundle,/Users/shamiraventurini/PycharmProjects/ICL-PILOT/data/generated/test2/reannotated/bundled_synthetic_children/stage2_sli/pair_sli474_td459_rep08_SLI_bundle.cha,data/generated/test2/reannotated/bundled_synthetic_children/stage2_sli/pair_sli474_td459_rep08_SLI_bundle.cha,62,25,28,27,1,0,0,18,0,1,1,1,0,2,0,0,0,1,0,0,0,0,0,0,0,0,0,0,0,1,2,0,1,0,0
pair_sli474_td459_rep09_SLI_bundle,/Users/shamiraventurini/PycharmProjects/ICL-PILOT/data/generated/test2/reannotated/bundled_synthetic_children/stage2_sli/pair_sli474_td459_rep09_SLI_bundle.cha,data/generated/test2/reannotated/bundled_synthetic_children/stage2_sli/pair_sli474_td459_rep09_SLI_bundle.cha,90,6,6,6,0,0,0,5,0,0,0,0,0,0,0,0,0,0,0,0,0,0,0,0,0,0,0,0,0,1,0,0,0,0,0
pair_sli474_td459_rep10_SLI_bundle,/Users/shamiraventurini/PycharmProjects/ICL-PILOT/data/generated/test2/reannotated/bundled_synthetic_children/stage2_sli/pair_sli474_td459_rep10_SLI_bundle.cha,data/generated/test2/reannotated/bundled_synthetic_children/stage2_sli/pair_sli474_td459_rep10_SLI_bundle.cha,59,29,32,32,0,0,0,24,0,0,1,0,0,2,0,0,0,0,0,0,0,0,0,0,0,0,0,0,0,1,4,0,0,0,0
pair_sli475_td417_rep01_SLI_bundle,/Users/shamiraventurini/PycharmProjects/ICL-PILOT/data/generated/test2/reannotated/bundled_synthetic_children/stage2_sli/pair_sli475_td417_rep01_SLI_bundle.cha,data/generated/test2/reannotated/bundled_synthetic_children/stage2_sli/pair_sli475_td417_rep01_SLI_bundle.cha,78,9,10,8,2,0,0,3,0,0,0,0,0,0,0,0,0,0,0,0,0,0,0,0,0,0,0,0,0,5,0,0,1,1,0
pair_sli475_td417_rep02_SLI_bundle,/Users/shamiraventurini/PycharmProjects/ICL-PILOT/data/generated/test2/reannotated/bundled_synthetic_children/stage2_sli/pair_sli475_td417_rep02_SLI_bundle.cha,data/generated/test2/reannotated/bundled_synthetic_children/stage2_sli/pair_sli475_td417_rep02_SLI_bundle.cha,73,3,3,3,0,0,0,2,0,0,0,0,0,0,0,0,0,0,0,0,0,0,0,0,0,0,0,0,0,1,0,0,0,0,0
pair_sli475_td417_rep03_SLI_bundle,/Users/shamiraventurini/PycharmProjects/ICL-PILOT/data/generated/test2/reannotated/bundled_synthetic_children/stage2_sli/pair_sli475_td417_rep03_SLI_bundle.cha,data/generated/test2/reannotated/bundled_synthetic_children/stage2_sli/pair_sli475_td417_rep03_SLI_bundle.cha,89,4,4,4,0,0,0,1,0,0,0,0,0,0,0,0,0,0,0,0,0,0,0,0,0,0,0,0,0,3,0,0,0,0,0
pair_sli475_td417_rep04_SLI_bundle,/Users/shamiraventurini/PycharmProjects/ICL-PILOT/data/generated/test2/reannotated/bundled_synthetic_children/stage2_sli/pair_sli475_td417_rep04_SLI_bundle.cha,data/generated/test2/reannotated/bundled_synthetic_children/stage2_sli/pair_sli475_td417_rep04_SLI_bundle.cha,69,2,3,3,0,0,0,3,0,0,0,0,0,0,0,0,0,0,0,0,0,0,0,0,0,0,0,0,0,0,0,0,0,0,0
pair_sli475_td417_rep05_SLI_bundle,/Users/shamiraventurini/PycharmProjects/ICL-PILOT/data/generated/test2/reannotated/bundled_synthetic_children/stage2_sli/pair_sli475_td417_rep05_SLI_bundle.cha,data/generated/test2/reannotated/bundled_synthetic_children/stage2_sli/pair_sli475_td417_rep05_SLI_bundle.cha,84,9,9,9,0,0,0,0,0,0,1,0,1,0,0,0,0,0,0,0,0,0,0,0,0,0,0,0,0,7,0,0,0,0,0
pair_sli475_td417_rep06_SLI_bundle,/Users/shamiraventurini/PycharmProjects/ICL-PILOT/data/generated/test2/reannotated/bundled_synthetic_children/stage2_sli/pair_sli475_td417_rep06_SLI_bundle.cha,data/generated/test2/reannotated/bundled_synthetic_children/stage2_sli/pair_sli475_td417_rep06_SLI_bundle.cha,63,0,0,0,0,0,0,0,0,0,0,0,0,0,0,0,0,0,0,0,0,0,0,0,0,0,0,0,0,0,0,0,0,0,0
pair_sli475_td417_rep07_SLI_bundle,/Users/shamiraventurini/PycharmProjects/ICL-PILOT/data/generated/test2/reannotated/bundled_synthetic_children/stage2_sli/pair_sli475_td417_rep07_SLI_bundle.cha,data/generated/test2/reannotated/bundled_synthetic_children/stage2_sli/pair_sli475_td417_rep07_SLI_bundle.cha,99,7,7,7,0,0,0,4,0,0,0,0,0,0,0,0,0,0,0,0,0,0,0,0,0,0,0,0,0,3,0,0,0,0,0
pair_sli475_td417_rep08_SLI_bundle,/Users/shamiraventurini/PycharmProjects/ICL-PILOT/data/generated/test2/reannotated/bundled_synthetic_children/stage2_sli/pair_sli475_td417_rep08_SLI_bundle.cha,data/generated/test2/reannotated/bundled_synthetic_children/stage2_sli/pair_sli475_td417_rep08_SLI_bundle.cha,82,6,6,5,1,0,0,3,0,0,0,0,0,0,0,0,0,0,0,0,0,0,0,0,0,0,0,0,0,2,0,0,0,1,0
pair_sli475_td417_rep09_SLI_bundle,/Users/shamiraventurini/PycharmProjects/ICL-PILOT/data/generated/test2/reannotated/bundled_synthetic_children/stage2_sli/pair_sli475_td417_rep09_SLI_bundle.cha,data/generated/test2/reannotated/bundled_synthetic_children/stage2_sli/pair_sli475_td417_rep09_SLI_bundle.cha,81,3,3,3,0,0,0,1,0,0,0,0,1,0,0,0,0,0,0,0,0,0,0,0,0,0,0,0,0,1,0,0,0,0,0
pair_sli475_td417_rep10_SLI_bundle,/Users/shamiraventurini/PycharmProjects/ICL-PILOT/data/generated/test2/reannotated/bundled_synthetic_children/stage2_sli/pair_sli475_td417_rep10_SLI_bundle.cha,data/generated/test2/reannotated/bundled_synthetic_children/stage2_sli/pair_sli475_td417_rep10_SLI_bundle.cha,84,8,9,8,1,0,0,5,0,0,0,0,1,0,0,0,0,0,0,0,0,0,0,0,0,0,0,0,0,2,0,0,0,0,1
pair_sli476_td460_rep01_SLI_bundle,/Users/shamiraventurini/PycharmProjects/ICL-PILOT/data/generated/test2/reannotated/bundled_synthetic_children/stage2_sli/pair_sli476_td460_rep01_SLI_bundle.cha,data/generated/test2/reannotated/bundled_synthetic_children/stage2_sli/pair_sli476_td460_rep01_SLI_bundle.cha,66,0,0,0,0,0,0,0,0,0,0,0,0,0,0,0,0,0,0,0,0,0,0,0,0,0,0,0,0,0,0,0,0,0,0
pair_sli476_td460_rep02_SLI_bundle,/Users/shamiraventurini/PycharmProjects/ICL-PILOT/data/generated/test2/reannotated/bundled_synthetic_children/stage2_sli/pair_sli476_td460_rep02_SLI_bundle.cha,data/generated/test2/reannotated/bundled_synthetic_children/stage2_sli/pair_sli476_td460_rep02_SLI_bundle.cha,84,13,13,13,0,0,0,5,0,0,1,0,1,0,0,2,0,0,0,0,0,0,1,1,0,0,0,0,0,2,0,0,0,0,0
pair_sli476_td460_rep03_SLI_bundle,/Users/shamiraventurini/PycharmProjects/ICL-PILOT/data/generated/test2/reannotated/bundled_synthetic_children/stage2_sli/pair_sli476_td460_rep03_SLI_bundle.cha,data/generated/test2/reannotated/bundled_synthetic_children/stage2_sli/pair_sli476_td460_rep03_SLI_bundle.cha,60,4,4,4,0,0,0,1,0,0,1,0,0,0,0,0,0,0,0,0,0,0,0,0,0,0,0,0,0,2,0,0,0,0,0
pair_sli476_td460_rep04_SLI_bundle,/Users/shamiraventurini/PycharmProjects/ICL-PILOT/data/generated/test2/reannotated/bundled_synthetic_children/stage2_sli/pair_sli476_td460_rep04_SLI_bundle.cha,data/generated/test2/reannotated/bundled_synthetic_children/stage2_sli/pair_sli476_td460_rep04_SLI_bundle.cha,79,21,23,23,0,0,0,12,0,0,6,0,0,3,0,0,0,0,0,0,0,0,0,0,0,0,0,0,1,1,0,0,0,0,0
pair_sli476_td460_rep05_SLI_bundle,/Users/shamiraventurini/PycharmProjects/ICL-PILOT/data/generated/test2/reannotated/bundled_synthetic_children/stage2_sli/pair_sli476_td460_rep05_SLI_bundle.cha,data/generated/test2/reannotated/bundled_synthetic_children/stage2_sli/pair_sli476_td460_rep05_SLI_bundle.cha,60,4,4,4,0,0,0,0,0,0,1,0,0,1,0,0,0,0,0,0,0,0,0,0,0,0,0,0,0,2,0,0,0,0,0
pair_sli476_td460_rep06_SLI_bundle,/Users/shamiraventurini/PycharmProjects/ICL-PILOT/data/generated/test2/reannotated/bundled_synthetic_children/stage2_sli/pair_sli476_td460_rep06_SLI_bundle.cha,data/generated/test2/reannotated/bundled_synthetic_children/stage2_sli/pair_sli476_td460_rep06_SLI_bundle.cha,82,21,21,20,1,0,0,11,0,0,0,0,0,1,0,2,0,0,0,0,0,0,0,0,0,0,0,0,0,4,2,0,1,0,0
pair_sli476_td460_rep07_SLI_bundle,/Users/shamiraventurini/PycharmProjects/ICL-PILOT/data/generated/test2/reannotated/bundled_synthetic_children/stage2_sli/pair_sli476_td460_rep07_SLI_bundle.cha,data/generated/test2/reannotated/bundled_synthetic_children/stage2_sli/pair_sli476_td460_rep07_SLI_bundle.cha,62,5,6,5,1,0,0,2,0,0,1,0,1,0,0,0,0,0,0,1,0,0,0,0,0,0,0,0,0,0,0,1,0,0,0
pair_sli476_td460_rep08_SLI_bundle,/Users/shamiraventurini/PycharmProjects/ICL-PILOT/data/generated/test2/reannotated/bundled_synthetic_children/stage2_sli/pair_sli476_td460_rep08_SLI_bundle.cha,data/generated/test2/reannotated/bundled_synthetic_children/stage2_sli/pair_sli476_td460_rep08_SLI_bundle.cha,74,15,15,15,0,0,0,7,0,0,0,0,0,1,0,2,0,0,0,0,0,0,0,0,0,0,1,0,0,4,0,0,0,0,0
pair_sli476_td460_rep09_SLI_bundle,/Users/shamiraventurini/PycharmProjects/ICL-PILOT/data/generated/test2/reannotated/bundled_synthetic_children/stage2_sli/pair_sli476_td460_rep09_SLI_bundle.cha,data/generated/test2/reannotated/bundled_synthetic_children/stage2_sli/pair_sli476_td460_rep09_SLI_bundle.cha,74,3,3,3,0,0,0,1,0,0,1,0,0,0,0,0,0,0,0,0,0,0,0,0,0,0,0,1,0,0,0,0,0,0,0
pair_sli476_td460_rep10_SLI_bundle,/Users/shamiraventurini/PycharmProjects/ICL-PILOT/data/generated/test2/reannotated/bundled_synthetic_children/stage2_sli/pair_sli476_td460_rep10_SLI_bundle.cha,data/generated/test2/reannotated/bundled_synthetic_children/stage2_sli/pair_sli476_td460_rep10_SLI_bundle.cha,89,2,2,2,0,0,0,1,0,0,0,0,0,0,0,0,0,0,0,0,0,0,1,0,0,0,0,0,0,0,0,0,0,0,0
pair_sli477_td415_rep01_SLI_bundle,/Users/shamiraventurini/PycharmProjects/ICL-PILOT/data/generated/test2/reannotated/bundled_synthetic_children/stage2_sli/pair_sli477_td415_rep01_SLI_bundle.cha,data/generated/test2/reannotated/bundled_synthetic_children/stage2_sli/pair_sli477_td415_rep01_SLI_bundle.cha,53,18,18,17,1,0,0,15,0,0,0,0,0,1,0,0,0,0,0,0,0,0,0,0,0,0,0,0,0,0,1,0,0,1,0
pair_sli477_td415_rep02_SLI_bundle,/Users/shamiraventurini/PycharmProjects/ICL-PILOT/data/generated/test2/reannotated/bundled_synthetic_children/stage2_sli/pair_sli477_td415_rep02_SLI_bundle.cha,data/generated/test2/reannotated/bundled_synthetic_children/stage2_sli/pair_sli477_td415_rep02_SLI_bundle.cha,77,26,26,22,4,0,0,15,0,0,1,0,0,1,0,0,0,0,0,0,0,0,0,0,0,0,0,0,0,0,5,0,0,4,0
pair_sli477_td415_rep03_SLI_bundle,/Users/shamiraventurini/PycharmProjects/ICL-PILOT/data/generated/test2/reannotated/bundled_synthetic_children/stage2_sli/pair_sli477_td415_rep03_SLI_bundle.cha,data/generated/test2/reannotated/bundled_synthetic_children/stage2_sli/pair_sli477_td415_rep03_SLI_bundle.cha,71,19,20,18,2,0,0,16,0,0,0,0,0,0,0,0,0,0,0,0,0,0,0,0,0,0,0,0,0,0,2,1,0,1,0
pair_sli477_td415_rep04_SLI_bundle,/Users/shamiraventurini/PycharmProjects/ICL-PILOT/data/generated/test2/reannotated/bundled_synthetic_children/stage2_sli/pair_sli477_td415_rep04_SLI_bundle.cha,data/generated/test2/reannotated/bundled_synthetic_children/stage2_sli/pair_sli477_td415_rep04_SLI_bundle.cha,65,28,29,29,0,0,0,20,0,0,0,0,0,1,0,0,0,0,0,0,0,0,0,0,0,0,0,0,0,5,3,0,0,0,0
pair_sli477_td415_rep05_SLI_bundle,/Users/shamiraventurini/PycharmProjects/ICL-PILOT/data/generated/test2/reannotated/bundled_synthetic_children/stage2_sli/pair_sli477_td415_rep05_SLI_bundle.cha,data/generated/test2/reannotated/bundled_synthetic_children/stage2_sli/pair_sli477_td415_rep05_SLI_bundle.cha,66,23,24,20,4,0,0,19,0,0,0,0,0,0,0,0,0,0,0,0,0,0,0,0,0,0,0,0,0,0,1,0,0,4,0
pair_sli477_td415_rep06_SLI_bundle,/Users/shamiraventurini/PycharmProjects/ICL-PILOT/data/generated/test2/reannotated/bundled_synthetic_children/stage2_sli/pair_sli477_td415_rep06_SLI_bundle.cha,data/generated/test2/reannotated/bundled_synthetic_children/stage2_sli/pair_sli477_td415_rep06_SLI_bundle.cha,85,22,22,21,1,0,0,15,0,0,0,0,0,0,0,0,0,0,0,0,0,0,1,0,0,0,0,0,0,0,5,0,0,1,0
pair_sli477_td415_rep07_SLI_bundle,/Users/shamiraventurini/PycharmProjects/ICL-PILOT/data/generated/test2/reannotated/bundled_synthetic_children/stage2_sli/pair_sli477_td415_rep07_SLI_bundle.cha,data/generated/test2/reannotated/bundled_synthetic_children/stage2_sli/pair_sli477_td415_rep07_SLI_bundle.cha,91,38,41,38,3,0,0,29,0,0,3,1,0,0,0,0,0,0,0,0,0,0,1,0,0,0,0,0,0,3,1,0,1,2,0
pair_sli477_td415_rep08_SLI_bundle,/Users/shamiraventurini/PycharmProjects/ICL-PILOT/data/generated/test2/reannotated/bundled_synthetic_children/stage2_sli/pair_sli477_td415_rep08_SLI_bundle.cha,data/generated/test2/reannotated/bundled_synthetic_children/stage2_sli/pair_sli477_td415_rep08_SLI_bundle.cha,65,16,17,17,0,0,0,15,0,0,0,0,0,0,0,0,0,0,0,0,1,0,0,0,0,0,0,0,0,0,1,0,0,0,0
pair_sli477_td415_rep09_SLI_bundle,/Users/shamiraventurini/PycharmProjects/ICL-PILOT/data/generated/test2/reannotated/bundled_synthetic_children/stage2_sli/pair_sli477_td415_rep09_SLI_bundle.cha,data/generated/test2/reannotated/bundled_synthetic_children/stage2_sli/pair_sli477_td415_rep09_SLI_bundle.cha,69,27,29,28,1,0,0,22,0,0,3,1,0,0,0,0,0,0,0,0,0,0,0,0,0,0,0,0,1,0,1,0,0,1,0
pair_sli477_td415_rep10_SLI_bundle,/Users/shamiraventurini/PycharmProjects/ICL-PILOT/data/generated/test2/reannotated/bundled_synthetic_children/stage2_sli/pair_sli477_td415_rep10_SLI_bundle.cha,data/generated/test2/reannotated/bundled_synthetic_children/stage2_sli/pair_sli477_td415_rep10_SLI_bundle.cha,74,21,22,21,1,0,0,18,0,0,0,0,0,0,0,0,0,0,0,0,0,0,0,0,0,0,0,0,0,0,3,0,1,0,0
pair_sli478_td419_rep01_SLI_bundle,/Users/shamiraventurini/PycharmProjects/ICL-PILOT/data/generated/test2/reannotated/bundled_synthetic_children/stage2_sli/pair_sli478_td419_rep01_SLI_bundle.cha,data/generated/test2/reannotated/bundled_synthetic_children/stage2_sli/pair_sli478_td419_rep01_SLI_bundle.cha,61,6,7,7,0,0,0,0,0,0,2,0,2,0,0,1,0,0,0,0,0,0,0,0,0,0,0,0,0,2,0,0,0,0,0
pair_sli478_td419_rep02_SLI_bundle,/Users/shamiraventurini/PycharmProjects/ICL-PILOT/data/generated/test2/reannotated/bundled_synthetic_children/stage2_sli/pair_sli478_td419_rep02_SLI_bundle.cha,data/generated/test2/reannotated/bundled_synthetic_children/stage2_sli/pair_sli478_td419_rep02_SLI_bundle.cha,72,16,17,14,3,0,0,13,0,0,0,0,0,0,0,0,0,0,0,0,0,0,0,0,0,0,0,0,0,1,0,0,0,3,0
pair_sli478_td419_rep03_SLI_bundle,/Users/shamiraventurini/PycharmProjects/ICL-PILOT/data/generated/test2/reannotated/bundled_synthetic_children/stage2_sli/pair_sli478_td419_rep03_SLI_bundle.cha,data/generated/test2/reannotated/bundled_synthetic_children/stage2_sli/pair_sli478_td419_rep03_SLI_bundle.cha,79,7,7,7,0,0,0,1,0,2,0,0,0,0,0,0,0,0,0,0,0,0,0,0,0,0,0,0,0,4,0,0,0,0,0
pair_sli478_td419_rep04_SLI_bundle,/Users/shamiraventurini/PycharmProjects/ICL-PILOT/data/generated/test2/reannotated/bundled_synthetic_children/stage2_sli/pair_sli478_td419_rep04_SLI_bundle.cha,data/generated/test2/reannotated/bundled_synthetic_children/stage2_sli/pair_sli478_td419_rep04_SLI_bundle.cha,60,12,12,11,1,0,0,8,0,0,0,0,0,1,0,2,0,0,0,0,0,0,0,0,0,0,0,0,0,0,0,1,0,0,0
pair_sli478_td419_rep05_SLI_bundle,/Users/shamiraventurini/PycharmProjects/ICL-PILOT/data/generated/test2/reannotated/bundled_synthetic_children/stage2_sli/pair_sli478_td419_rep05_SLI_bundle.cha,data/generated/test2/reannotated/bundled_synthetic_children/stage2_sli/pair_sli478_td419_rep05_SLI_bundle.cha,69,3,3,2,1,0,0,1,0,0,0,0,1,0,0,0,0,0,0,0,0,0,0,0,0,0,0,0,0,0,0,0,1,0,0
pair_sli478_td419_rep06_SLI_bundle,/Users/shamiraventurini/PycharmProjects/ICL-PILOT/data/generated/test2/reannotated/bundled_synthetic_children/stage2_sli/pair_sli478_td419_rep06_SLI_bundle.cha,data/generated/test2/reannotated/bundled_synthetic_children/stage2_sli/pair_sli478_td419_rep06_SLI_bundle.cha,62,2,2,2,0,0,0,2,0,0,0,0,0,0,0,0,0,0,0,0,0,0,0,0,0,0,0,0,0,0,0,0,0,0,0
pair_sli478_td419_rep07_SLI_bundle,/Users/shamiraventurini/PycharmProjects/ICL-PILOT/data/generated/test2/reannotated/bundled_synthetic_children/stage2_sli/pair_sli478_td419_rep07_SLI_bundle.cha,data/generated/test2/reannotated/bundled_synthetic_children/stage2_sli/pair_sli478_td419_rep07_SLI_bundle.cha,74,8,9,9,0,0,0,6,0,0,0,0,0,0,0,1,0,0,0,0,0,0,0,0,0,0,0,0,0,2,0,0,0,0,0
pair_sli478_td419_rep08_SLI_bundle,/Users/shamiraventurini/PycharmProjects/ICL-PILOT/data/generated/test2/reannotated/bundled_synthetic_children/stage2_sli/pair_sli478_td419_rep08_SLI_bundle.cha,data/generated/test2/reannotated/bundled_synthetic_children/stage2_sli/pair_sli478_td419_rep08_SLI_bundle.cha,56,10,12,9,3,0,0,4,0,0,2,0,0,0,0,1,0,0,0,0,0,0,0,0,0,0,0,0,0,2,0,0,0,3,0
pair_sli478_td419_rep09_SLI_bundle,/Users/shamiraventurini/PycharmProjects/ICL-PILOT/data/generated/test2/reannotated/bundled_synthetic_children/stage2_sli/pair_sli478_td419_rep09_SLI_bundle.cha,data/generated/test2/reannotated/bundled_synthetic_children/stage2_sli/pair_sli478_td419_rep09_SLI_bundle.cha,62,1,1,1,0,0,0,0,0,0,0,0,0,0,0,1,0,0,0,0,0,0,0,0,0,0,0,0,0,0,0,0,0,0,0
pair_sli478_td419_rep10_SLI_bundle,/Users/shamiraventurini/PycharmProjects/ICL-PILOT/data/generated/test2/reannotated/bundled_synthetic_children/stage2_sli/pair_sli478_td419_rep10_SLI_bundle.cha,data/generated/test2/reannotated/bundled_synthetic_children/stage2_sli/pair_sli478_td419_rep10_SLI_bundle.cha,65,11,11,9,2,0,0,8,0,0,0,1,0,0,0,0,0,0,0,0,0,0,0,0,0,0,0,0,0,0,0,0,0,2,0
pair_sli479_td471_rep01_SLI_bundle,/Users/shamiraventurini/PycharmProjects/ICL-PILOT/data/generated/test2/reannotated/bundled_synthetic_children/stage2_sli/pair_sli479_td471_rep01_SLI_bundle.cha,data/generated/test2/reannotated/bundled_synthetic_children/stage2_sli/pair_sli479_td471_rep01_SLI_bundle.cha,74,9,9,9,0,0,0,7,0,0,0,0,0,0,0,0,0,0,0,0,0,0,0,0,0,0,0,0,0,2,0,0,0,0,0
pair_sli479_td471_rep02_SLI_bundle,/Users/shamiraventurini/PycharmProjects/ICL-PILOT/data/generated/test2/reannotated/bundled_synthetic_children/stage2_sli/pair_sli479_td471_rep02_SLI_bundle.cha,data/generated/test2/reannotated/bundled_synthetic_children/stage2_sli/pair_sli479_td471_rep02_SLI_bundle.cha,53,11,13,12,1,0,0,9,0,0,1,0,1,0,0,0,0,0,0,0,0,0,0,0,0,0,0,0,0,0,1,0,1,0,0
pair_sli479_td471_rep03_SLI_bundle,/Users/shamiraventurini/PycharmProjects/ICL-PILOT/data/generated/test2/reannotated/bundled_synthetic_children/stage2_sli/pair_sli479_td471_rep03_SLI_bundle.cha,data/generated/test2/reannotated/bundled_synthetic_children/stage2_sli/pair_sli479_td471_rep03_SLI_bundle.cha,64,8,9,8,1,0,0,6,0,1,0,0,0,0,0,0,0,0,0,0,0,0,0,0,0,0,0,0,0,1,0,0,0,1,0
pair_sli479_td471_rep04_SLI_bundle,/Users/shamiraventurini/PycharmProjects/ICL-PILOT/data/generated/test2/reannotated/bundled_synthetic_children/stage2_sli/pair_sli479_td471_rep04_SLI_bundle.cha,data/generated/test2/reannotated/bundled_synthetic_children/stage2_sli/pair_sli479_td471_rep04_SLI_bundle.cha,70,17,18,17,1,0,0,9,0,1,0,0,1,0,0,0,0,0,0,0,0,0,0,0,0,2,0,0,0,4,0,0,0,1,0
pair_sli479_td471_rep05_SLI_bundle,/Users/shamiraventurini/PycharmProjects/ICL-PILOT/data/generated/test2/reannotated/bundled_synthetic_children/stage2_sli/pair_sli479_td471_rep05_SLI_bundle.cha,data/generated/test2/reannotated/bundled_synthetic_children/stage2_sli/pair_sli479_td471_rep05_SLI_bundle.cha,57,6,6,5,1,0,0,2,0,1,0,0,2,0,0,0,0,0,0,0,0,0,0,0,0,0,0,0,0,0,0,0,0,1,0
pair_sli479_td471_rep06_SLI_bundle,/Users/shamiraventurini/PycharmProjects/ICL-PILOT/data/generated/test2/reannotated/bundled_synthetic_children/stage2_sli/pair_sli479_td471_rep06_SLI_bundle.cha,data/generated/test2/reannotated/bundled_synthetic_children/stage2_sli/pair_sli479_td471_rep06_SLI_bundle.cha,64,20,23,21,2,0,0,12,0,2,3,1,0,1,0,0,0,0,0,0,0,0,0,0,0,0,0,0,0,2,0,0,1,1,0
pair_sli479_td471_rep07_SLI_bundle,/Users/shamiraventurini/PycharmProjects/ICL-PILOT/data/generated/test2/reannotated/bundled_synthetic_children/stage2_sli/pair_sli479_td471_rep07_SLI_bundle.cha,data/generated/test2/reannotated/bundled_synthetic_children/stage2_sli/pair_sli479_td471_rep07_SLI_bundle.cha,59,7,9,8,1,0,0,4,0,1,0,0,0,2,0,0,0,0,0,0,0,0,0,0,0,0,0,0,0,1,0,0,0,1,0
pair_sli479_td471_rep08_SLI_bundle,/Users/shamiraventurini/PycharmProjects/ICL-PILOT/data/generated/test2/reannotated/bundled_synthetic_children/stage2_sli/pair_sli479_td471_rep08_SLI_bundle.cha,data/generated/test2/reannotated/bundled_synthetic_children/stage2_sli/pair_sli479_td471_rep08_SLI_bundle.cha,65,15,19,18,1,0,0,12,0,0,0,0,3,1,0,0,0,0,0,0,0,0,0,0,0,2,0,0,0,0,0,0,0,1,0
pair_sli479_td471_rep09_SLI_bundle,/Users/shamiraventurini/PycharmProjects/ICL-PILOT/data/generated/test2/reannotated/bundled_synthetic_children/stage2_sli/pair_sli479_td471_rep09_SLI_bundle.cha,data/generated/test2/reannotated/bundled_synthetic_children/stage2_sli/pair_sli479_td471_rep09_SLI_bundle.cha,52,0,0,0,0,0,0,0,0,0,0,0,0,0,0,0,0,0,0,0,0,0,0,0,0,0,0,0,0,0,0,0,0,0,0
pair_sli479_td471_rep10_SLI_bundle,/Users/shamiraventurini/PycharmProjects/ICL-PILOT/data/generated/test2/reannotated/bundled_synthetic_children/stage2_sli/pair_sli479_td471_rep10_SLI_bundle.cha,data/generated/test2/reannotated/bundled_synthetic_children/stage2_sli/pair_sli479_td471_rep10_SLI_bundle.cha,66,20,23,21,2,0,0,14,0,0,0,0,3,0,0,0,0,0,0,0,0,0,0,0,0,2,0,0,0,1,1,0,2,0,0
pair_sli480_td450_rep01_SLI_bundle,/Users/shamiraventurini/PycharmProjects/ICL-PILOT/data/generated/test2/reannotated/bundled_synthetic_children/stage2_sli/pair_sli480_td450_rep01_SLI_bundle.cha,data/generated/test2/reannotated/bundled_synthetic_children/stage2_sli/pair_sli480_td450_rep01_SLI_bundle.cha,65,23,26,25,1,0,0,23,0,0,1,0,1,0,0,0,0,0,0,0,0,0,0,0,0,0,0,0,0,0,0,1,0,0,0
pair_sli480_td450_rep02_SLI_bundle,/Users/shamiraventurini/PycharmProjects/ICL-PILOT/data/generated/test2/reannotated/bundled_synthetic_children/stage2_sli/pair_sli480_td450_rep02_SLI_bundle.cha,data/generated/test2/reannotated/bundled_synthetic_children/stage2_sli/pair_sli480_td450_rep02_SLI_bundle.cha,86,26,28,27,1,0,0,21,1,1,0,1,0,3,0,0,0,0,0,0,0,0,0,0,0,0,0,0,0,0,0,0,0,1,0
pair_sli480_td450_rep03_SLI_bundle,/Users/shamiraventurini/PycharmProjects/ICL-PILOT/data/generated/test2/reannotated/bundled_synthetic_children/stage2_sli/pair_sli480_td450_rep03_SLI_bundle.cha,data/generated/test2/reannotated/bundled_synthetic_children/stage2_sli/pair_sli480_td450_rep03_SLI_bundle.cha,70,23,24,21,3,0,0,17,0,0,0,0,1,0,0,0,0,0,0,0,0,0,0,0,0,0,0,0,0,0,3,0,0,3,0
pair_sli480_td450_rep04_SLI_bundle,/Users/shamiraventurini/PycharmProjects/ICL-PILOT/data/generated/test2/reannotated/bundled_synthetic_children/stage2_sli/pair_sli480_td450_rep04_SLI_bundle.cha,data/generated/test2/reannotated/bundled_synthetic_children/stage2_sli/pair_sli480_td450_rep04_SLI_bundle.cha,86,19,20,20,0,0,0,19,0,0,0,0,0,1,0,0,0,0,0,0,0,0,0,0,0,0,0,0,0,0,0,0,0,0,0
pair_sli480_td450_rep05_SLI_bundle,/Users/shamiraventurini/PycharmProjects/ICL-PILOT/data/generated/test2/reannotated/bundled_synthetic_children/stage2_sli/pair_sli480_td450_rep05_SLI_bundle.cha,data/generated/test2/reannotated/bundled_synthetic_children/stage2_sli/pair_sli480_td450_rep05_SLI_bundle.cha,88,24,27,25,2,0,0,14,0,0,4,1,0,3,0,1,0,0,0,0,0,0,0,0,0,0,0,0,0,2,0,0,1,0,1
pair_sli480_td450_rep06_SLI_bundle,/Users/shamiraventurini/PycharmProjects/ICL-PILOT/data/generated/test2/reannotated/bundled_synthetic_children/stage2_sli/pair_sli480_td450_rep06_SLI_bundle.cha,data/generated/test2/reannotated/bundled_synthetic_children/stage2_sli/pair_sli480_td450_rep06_SLI_bundle.cha,88,33,36,30,6,0,0,26,0,0,1,0,0,2,0,0,0,0,0,0,0,0,0,0,0,0,0,0,0,0,1,0,0,6,0
pair_sli480_td450_rep07_SLI_bundle,/Users/shamiraventurini/PycharmProjects/ICL-PILOT/data/generated/test2/reannotated/bundled_synthetic_children/stage2_sli/pair_sli480_td450_rep07_SLI_bundle.cha,data/generated/test2/reannotated/bundled_synthetic_children/stage2_sli/pair_sli480_td450_rep07_SLI_bundle.cha,68,30,32,31,1,0,0,26,1,0,0,1,1,0,0,0,0,0,0,0,0,0,0,0,0,0,0,0,0,0,2,0,1,0,0
pair_sli480_td450_rep08_SLI_bundle,/Users/shamiraventurini/PycharmProjects/ICL-PILOT/data/generated/test2/reannotated/bundled_synthetic_children/stage2_sli/pair_sli480_td450_rep08_SLI_bundle.cha,data/generated/test2/reannotated/bundled_synthetic_children/stage2_sli/pair_sli480_td450_rep08_SLI_bundle.cha,77,29,30,29,1,0,0,17,5,0,2,2,0,2,0,0,0,0,0,0,0,0,0,0,0,0,0,0,0,0,1,0,0,1,0
pair_sli480_td450_rep09_SLI_bundle,/Users/shamiraventurini/PycharmProjects/ICL-PILOT/data/generated/test2/reannotated/bundled_synthetic_children/stage2_sli/pair_sli480_td450_rep09_SLI_bundle.cha,data/generated/test2/reannotated/bundled_synthetic_children/stage2_sli/pair_sli480_td450_rep09_SLI_bundle.cha,86,34,39,35,4,0,0,32,0,0,0,0,0,0,1,0,0,0,0,0,0,0,0,0,0,0,0,0,2,0,0,4,0,0,0
pair_sli480_td450_rep10_SLI_bundle,/Users/shamiraventurini/PycharmProjects/ICL-PILOT/data/generated/test2/reannotated/bundled_synthetic_children/stage2_sli/pair_sli480_td450_rep10_SLI_bundle.cha,data/generated/test2/reannotated/bundled_synthetic_children/stage2_sli/pair_sli480_td450_rep10_SLI_bundle.cha,75,35,41,40,1,0,0,30,0,0,1,0,0,4,0,0,0,1,0,0,0,0,0,0,0,0,0,0,0,3,1,0,1,0,0
pair_sli482_td466_rep01_SLI_bundle,/Users/shamiraventurini/PycharmProjects/ICL-PILOT/data/generated/test2/reannotated/bundled_synthetic_children/stage2_sli/pair_sli482_td466_rep01_SLI_bundle.cha,data/generated/test2/reannotated/bundled_synthetic_children/stage2_sli/pair_sli482_td466_rep01_SLI_bundle.cha,60,18,18,14,4,0,0,10,0,0,3,0,0,0,0,0,0,0,0,0,0,0,0,0,0,0,1,0,0,0,0,1,0,3,0
pair_sli482_td466_rep02_SLI_bundle,/Users/shamiraventurini/PycharmProjects/ICL-PILOT/data/generated/test2/reannotated/bundled_synthetic_children/stage2_sli/pair_sli482_td466_rep02_SLI_bundle.cha,data/generated/test2/reannotated/bundled_synthetic_children/stage2_sli/pair_sli482_td466_rep02_SLI_bundle.cha,57,22,22,19,3,0,0,18,0,0,0,0,0,0,0,0,0,0,0,0,0,0,0,0,0,0,1,0,0,0,0,1,0,2,0
pair_sli482_td466_rep03_SLI_bundle,/Users/shamiraventurini/PycharmProjects/ICL-PILOT/data/generated/test2/reannotated/bundled_synthetic_children/stage2_sli/pair_sli482_td466_rep03_SLI_bundle.cha,data/generated/test2/reannotated/bundled_synthetic_children/stage2_sli/pair_sli482_td466_rep03_SLI_bundle.cha,57,18,21,17,4,0,0,14,0,1,0,0,0,1,0,0,0,0,0,0,0,0,0,0,0,0,0,0,0,1,0,1,0,3,0
pair_sli482_td466_rep04_SLI_bundle,/Users/shamiraventurini/PycharmProjects/ICL-PILOT/data/generated/test2/reannotated/bundled_synthetic_children/stage2_sli/pair_sli482_td466_rep04_SLI_bundle.cha,data/generated/test2/reannotated/bundled_synthetic_children/stage2_sli/pair_sli482_td466_rep04_SLI_bundle.cha,57,28,30,26,4,0,0,23,0,0,2,0,0,0,0,0,0,0,0,0,0,0,0,0,0,0,1,0,0,0,0,0,1,3,0
pair_sli482_td466_rep05_SLI_bundle,/Users/shamiraventurini/PycharmProjects/ICL-PILOT/data/generated/test2/reannotated/bundled_synthetic_children/stage2_sli/pair_sli482_td466_rep05_SLI_bundle.cha,data/generated/test2/reannotated/bundled_synthetic_children/stage2_sli/pair_sli482_td466_rep05_SLI_bundle.cha,59,23,24,22,2,0,0,19,0,0,0,1,0,0,0,0,0,0,0,0,0,0,0,0,0,0,0,0,0,0,2,0,0,2,0
pair_sli482_td466_rep06_SLI_bundle,/Users/shamiraventurini/PycharmProjects/ICL-PILOT/data/generated/test2/reannotated/bundled_synthetic_children/stage2_sli/pair_sli482_td466_rep06_SLI_bundle.cha,data/generated/test2/reannotated/bundled_synthetic_children/stage2_sli/pair_sli482_td466_rep06_SLI_bundle.cha,61,30,38,30,8,0,0,20,0,0,2,0,1,1,0,1,0,0,0,0,0,0,0,0,0,0,0,0,0,3,2,0,0,8,0
pair_sli482_td466_rep07_SLI_bundle,/Users/shamiraventurini/PycharmProjects/ICL-PILOT/data/generated/test2/reannotated/bundled_synthetic_children/stage2_sli/pair_sli482_td466_rep07_SLI_bundle.cha,data/generated/test2/reannotated/bundled_synthetic_children/stage2_sli/pair_sli482_td466_rep07_SLI_bundle.cha,72,22,26,24,2,0,0,18,0,0,2,0,0,1,0,0,0,0,0,0,0,0,0,0,0,0,0,0,0,3,0,0,0,2,0
pair_sli482_td466_rep08_SLI_bundle,/Users/shamiraventurini/PycharmProjects/ICL-PILOT/data/generated/test2/reannotated/bundled_synthetic_children/stage2_sli/pair_sli482_td466_rep08_SLI_bundle.cha,data/generated/test2/reannotated/bundled_synthetic_children/stage2_sli/pair_sli482_td466_rep08_SLI_bundle.cha,64,24,28,24,4,0,0,14,0,0,4,0,2,2,0,0,0,0,1,0,0,0,0,0,0,0,0,0,0,0,1,1,0,3,0
pair_sli482_td466_rep09_SLI_bundle,/Users/shamiraventurini/PycharmProjects/ICL-PILOT/data/generated/test2/reannotated/bundled_synthetic_children/stage2_sli/pair_sli482_td466_rep09_SLI_bundle.cha,data/generated/test2/reannotated/bundled_synthetic_children/stage2_sli/pair_sli482_td466_rep09_SLI_bundle.cha,66,25,29,23,6,0,0,21,0,1,0,0,1,0,0,0,0,0,0,0,0,0,0,0,0,0,0,0,0,0,0,0,0,6,0
pair_sli482_td466_rep10_SLI_bundle,/Users/shamiraventurini/PycharmProjects/ICL-PILOT/data/generated/test2/reannotated/bundled_synthetic_children/stage2_sli/pair_sli482_td466_rep10_SLI_bundle.cha,data/generated/test2/reannotated/bundled_synthetic_children/stage2_sli/pair_sli482_td466_rep10_SLI_bundle.cha,61,29,35,32,3,0,0,25,0,0,2,1,0,0,0,0,0,0,0,0,0,0,1,0,0,0,1,0,0,1,1,0,0,3,0
