File_ID,error_source,error_relpath,overt_past_finite_verbs,bare_past_error_tokens,past_verb_opportunities,past_overgeneralization_errors,past_overgeneralization_errors_per_past_opp
pair_sli413_td439_rep01_TD_bundle,/Users/shamiraventurini/PycharmProjects/ICL-PILOT/data/generated/test2/reannotated/bundled_synthetic_children/stage1_td/pair_sli413_td439_rep01_TD_bundle.cha,data/generated/test2/reannotated/bundled_synthetic_children/stage1_td/pair_sli413_td439_rep01_TD_bundle.cha,56,0,56,0,0.0
pair_sli413_td439_rep02_TD_bundle,/Users/shamiraventurini/PycharmProjects/ICL-PILOT/data/generated/test2/reannotated/bundled_synthetic_children/stage1_td/pair_sli413_td439_rep02_TD_bundle.cha,data/generated/test2/reannotated/bundled_synthetic_children/stage1_td/pair_sli413_td439_rep02_TD_bundle.cha,55,0,55,0,0.0
pair_sli413_td439_rep03_TD_bundle,/Users/shamiraventurini/PycharmProjects/ICL-PILOT/data/generated/test2/reannotated/bundled_synthetic_children/stage1_td/pair_sli413_td439_rep03_TD_bundle.cha,data/generated/test2/reannotated/bundled_synthetic_children/stage1_td/pair_sli413_td439_rep03_TD_bundle.cha,52,0,52,0,0.0
pair_sli413_td439_rep04_TD_bundle,/Users/shamiraventurini/PycharmProjects/ICL-PILOT/data/generated/test2/reannotated/bundled_synthetic_children/stage1_td/pair_sli413_td439_rep04_TD_bundle.cha,data/generated/test2/reannotated/bundled_synthetic_children/stage1_td/pair_sli413_td439_rep04_TD_bundle.cha,42,0,42,0,0.0
pair_sli413_td439_rep05_TD_bundle,/Users/shamiraventurini/PycharmProjects/ICL-PILOT/data/generated/test2/reannotated/bundled_synthetic_children/stage1_td/pair_sli413_td439_rep05_TD_bundle.cha,data/generated/test2/reannotated/bundled_synthetic_children/stage1_td/pair_sli413_td439_rep05_TD_bundle.cha,42,0,42,0,0.0
pair_sli413_td439_rep06_TD_bundle,/Users/shamiraventurini/PycharmProjects/ICL-PILOT/data/generated/test2/reannotated/bundled_synthetic_children/stage1_td/pair_sli413_td439_rep06_TD_bundle.cha,data/generated/test2/reannotated/bundled_synthetic_children/stage1_td/pair_sli413_td439_rep06_TD_bundle.cha,60,0,60,0,0.0
pair_sli413_td439_rep07_TD_bundle,/Users/shamiraventurini/PycharmProjects/ICL-PILOT/data/generated/test2/reannotated/bundled_synthetic_children/stage1_td/pair_sli413_td439_rep07_TD_bundle.cha,data/generated/test2/reannotated/bundled_synthetic_children/stage1_td/pair_sli413_td439_rep07_TD_bundle.cha,64,0,64,0,0.0
pair_sli413_td439_rep08_TD_bundle,/Users/shamiraventurini/PycharmProjects/ICL-PILOT/data/generated/test2/reannotated/bundled_synthetic_children/stage1_td/pair_sli413_td439_rep08_TD_bundle.cha,data/generated/test2/reannotated/bundled_synthetic_children/stage1_td/pair_sli413_td439_rep08_TD_bundle.cha,37,0,37,0,0.0
pair_sli413_td439_rep09_TD_bundle,/Users/shamiraventurini/PycharmProjects/ICL-PILOT/data/generated/test2/reannotated/bundled_synthetic_children/stage1_td/pair_sli413_td439_rep09_TD_bundle.cha,data/generated/test2/reannotated/bundled_synthetic_children/stage1_td/pair_sli413_td439_rep09_TD_bundle.cha,60,0,60,1,0.016666666666666666
pair_sli413_td439_rep10_TD_bundle,/Users/shamiraventurini/PycharmProjects/ICL-PILOT/data/generated/test2/reannotated/bundled_synthetic_children/stage1_td/pair_sli413_td439_rep10_TD_bundle.cha,data/generated/test2/reannotated/bundled_synthetic_children/stage1_td/pair_sli413_td439_rep10_TD_bundle.cha,42,0,42,0,0.0
pair_sli427_td406_rep01_TD_bundle,/Users/shamiraventurini/PycharmProjects/ICL-PILOT/data/generated/test2/reannotated/bundled_synthetic_children/stage1_td/pair_sli427_td406_rep01_TD_bundle.cha,data/generated/test2/reannotated/bundled_synthetic_children/stage1_td/pair_sli427_td406_rep01_TD_bundle.cha,19,0,19,0,0.0
pair_sli427_td406_rep02_TD_bundle,/Users/shamiraventurini/PycharmProjects/ICL-PILOT/data/generated/test2/reannotated/bundled_synthetic_children/stage1_td/pair_sli427_td406_rep02_TD_bundle.cha,data/generated/test2/reannotated/bundled_synthetic_children/stage1_td/pair_sli427_td406_rep02_TD_bundle.cha,35,0,35,0,0.0
pair_sli427_td406_rep03_TD_bundle,/Users/shamiraventurini/PycharmProjects/ICL-PILOT/data/generated/test2/reannotated/bundled_synthetic_children/stage1_td/pair_sli427_td406_rep03_TD_bundle.cha,data/generated/test2/reannotated/bundled_synthetic_children/stage1_td/pair_sli427_td406_rep03_TD_bundle.cha,43,0,43,0,0.0
pair_sli427_td406_rep04_TD_bundle,/Users/shamiraventurini/PycharmProjects/ICL-PILOT/data/generated/test2/reannotated/bundled_synthetic_children/stage1_td/pair_sli427_td406_rep04_TD_bundle.cha,data/generated/test2/reannotated/bundled_synthetic_children/stage1_td/pair_sli427_td406_rep04_TD_bundle.cha,43,0,43,0,0.0
pair_sli427_td406_rep05_TD_bundle,/Users/shamiraventurini/PycharmProjects/ICL-PILOT/data/generated/test2/reannotated/bundled_synthetic_children/stage1_td/pair_sli427_td406_rep05_TD_bundle.cha,data/generated/test2/reannotated/bundled_synthetic_children/stage1_td/pair_sli427_td406_rep05_TD_bundle.cha,32,0,32,1,0.03125
pair_sli427_td406_rep06_TD_bundle,/Users/shamiraventurini/PycharmProjects/ICL-PILOT/data/generated/test2/reannotated/bundled_synthetic_children/stage1_td/pair_sli427_td406_rep06_TD_bundle.cha,data/generated/test2/reannotated/bundled_synthetic_children/stage1_td/pair_sli427_td406_rep06_TD_bundle.cha,48,0,48,0,0.0
pair_sli427_td406_rep07_TD_bundle,/Users/shamiraventurini/PycharmProjects/ICL-PILOT/data/generated/test2/reannotated/bundled_synthetic_children/stage1_td/pair_sli427_td406_rep07_TD_bundle.cha,data/generated/test2/reannotated/bundled_synthetic_children/stage1_td/pair_sli427_td406_rep07_TD_bundle.cha,22,1,23,0,0.0
pair_sli427_td406_rep08_TD_bundle,/Users/shamiraventurini/PycharmProjects/ICL-PILOT/data/generated/test2/reannotated/bundled_synthetic_children/stage1_td/pair_sli427_td406_rep08_TD_bundle.cha,data/generated/test2/reannotated/bundled_synthetic_children/stage1_td/pair_sli427_td406_rep08_TD_bundle.cha,51,0,51,0,0.0
pair_sli427_td406_rep09_TD_bundle,/Users/shamiraventurini/PycharmProjects/ICL-PILOT/data/generated/test2/reannotated/bundled_synthetic_children/stage1_td/pair_sli427_td406_rep09_TD_bundle.cha,data/generated/test2/reannotated/bundled_synthetic_children/stage1_td/pair_sli427_td406_rep09_TD_bundle.cha,35,0,35,0,0.0
pair_sli427_td406_rep10_TD_bundle,/Users/shamiraventurini/PycharmProjects/ICL-PILOT/data/generated/test2/reannotated/bundled_synthetic_children/stage1_td/pair_sli427_td406_rep10_TD_bundle.cha,data/generated/test2/reannotated/bundled_synthetic_children/stage1_td/pair_sli427_td406_rep10_TD_bundle.cha,39,0,39,0,0.0
pair_sli444_td410_rep01_TD_bundle,/Users/shamiraventurini/PycharmProjects/ICL-PILOT/data/generated/test2/reannotated/bundled_synthetic_children/stage1_td/pair_sli444_td410_rep01_TD_bundle.cha,data/generated/test2/reannotated/bundled_synthetic_children/stage1_td/pair_sli444_td410_rep01_TD_bundle.cha,0,0,0,0,0.0
pair_sli444_td410_rep02_TD_bundle,/Users/shamiraventurini/PycharmProjects/ICL-PILOT/data/generated/test2/reannotated/bundled_synthetic_children/stage1_td/pair_sli444_td410_rep02_TD_bundle.cha,data/generated/test2/reannotated/bundled_synthetic_children/stage1_td/pair_sli444_td410_rep02_TD_bundle.cha,21,0,21,0,0.0
pair_sli444_td410_rep03_TD_bundle,/Users/shamiraventurini/PycharmProjects/ICL-PILOT/data/generated/test2/reannotated/bundled_synthetic_children/stage1_td/pair_sli444_td410_rep03_TD_bundle.cha,data/generated/test2/reannotated/bundled_synthetic_children/stage1_td/pair_sli444_td410_rep03_TD_bundle.cha,30,2,32,0,0.0
pair_sli444_td410_rep04_TD_bundle,/Users/shamiraventurini/PycharmProjects/ICL-PILOT/data/generated/test2/reannotated/bundled_synthetic_children/stage1_td/pair_sli444_td410_rep04_TD_bundle.cha,data/generated/test2/reannotated/bundled_synthetic_children/stage1_td/pair_sli444_td410_rep04_TD_bundle.cha,13,0,13,0,0.0
pair_sli444_td410_rep05_TD_bundle,/Users/shamiraventurini/PycharmProjects/ICL-PILOT/data/generated/test2/reannotated/bundled_synthetic_children/stage1_td/pair_sli444_td410_rep05_TD_bundle.cha,data/generated/test2/reannotated/bundled_synthetic_children/stage1_td/pair_sli444_td410_rep05_TD_bundle.cha,23,1,24,0,0.0
pair_sli444_td410_rep06_TD_bundle,/Users/shamiraventurini/PycharmProjects/ICL-PILOT/data/generated/test2/reannotated/bundled_synthetic_children/stage1_td/pair_sli444_td410_rep06_TD_bundle.cha,data/generated/test2/reannotated/bundled_synthetic_children/stage1_td/pair_sli444_td410_rep06_TD_bundle.cha,21,1,22,0,0.0
pair_sli444_td410_rep07_TD_bundle,/Users/shamiraventurini/PycharmProjects/ICL-PILOT/data/generated/test2/reannotated/bundled_synthetic_children/stage1_td/pair_sli444_td410_rep07_TD_bundle.cha,data/generated/test2/reannotated/bundled_synthetic_children/stage1_td/pair_sli444_td410_rep07_TD_bundle.cha,24,0,24,0,0.0
pair_sli444_td410_rep08_TD_bundle,/Users/shamiraventurini/PycharmProjects/ICL-PILOT/data/generated/test2/reannotated/bundled_synthetic_children/stage1_td/pair_sli444_td410_rep08_TD_bundle.cha,data/generated/test2/reannotated/bundled_synthetic_children/stage1_td/pair_sli444_td410_rep08_TD_bundle.cha,8,0,8,0,0.0
pair_sli444_td410_rep09_TD_bundle,/Users/shamiraventurini/PycharmProjects/ICL-PILOT/data/generated/test2/reannotated/bundled_synthetic_children/stage1_td/pair_sli444_td410_rep09_TD_bundle.cha,data/generated/test2/reannotated/bundled_synthetic_children/stage1_td/pair_sli444_td410_rep09_TD_bundle.cha,13,2,15,0,0.0
pair_sli444_td410_rep10_TD_bundle,/Users/shamiraventurini/PycharmProjects/ICL-PILOT/data/generated/test2/reannotated/bundled_synthetic_children/stage1_td/pair_sli444_td410_rep10_TD_bundle.cha,data/generated/test2/reannotated/bundled_synthetic_children/stage1_td/pair_sli444_td410_rep10_TD_bundle.cha,4,0,4,0,0.0
pair_sli474_td459_rep01_TD_bundle,/Users/shamiraventurini/PycharmProjects/ICL-PILOT/data/generated/test2/reannotated/bundled_synthetic_children/stage1_td/pair_sli474_td459_rep01_TD_bundle.cha,data/generated/test2/reannotated/bundled_synthetic_children/stage1_td/pair_sli474_td459_rep01_TD_bundle.cha,59,1,60,0,0.0
pair_sli474_td459_rep02_TD_bundle,/Users/shamiraventurini/PycharmProjects/ICL-PILOT/data/generated/test2/reannotated/bundled_synthetic_children/stage1_td/pair_sli474_td459_rep02_TD_bundle.cha,data/generated/test2/reannotated/bundled_synthetic_children/stage1_td/pair_sli474_td459_rep02_TD_bundle.cha,47,0,47,0,0.0
pair_sli474_td459_rep03_TD_bundle,/Users/shamiraventurini/PycharmProjects/ICL-PILOT/data/generated/test2/reannotated/bundled_synthetic_children/stage1_td/pair_sli474_td459_rep03_TD_bundle.cha,data/generated/test2/reannotated/bundled_synthetic_children/stage1_td/pair_sli474_td459_rep03_TD_bundle.cha,59,1,60,0,0.0
pair_sli474_td459_rep04_TD_bundle,/Users/shamiraventurini/PycharmProjects/ICL-PILOT/data/generated/test2/reannotated/bundled_synthetic_children/stage1_td/pair_sli474_td459_rep04_TD_bundle.cha,data/generated/test2/reannotated/bundled_synthetic_children/stage1_td/pair_sli474_td459_rep04_TD_bundle.cha,55,0,55,0,0.0
pair_sli474_td459_rep05_TD_bundle,/Users/shamiraventurini/PycharmProjects/ICL-PILOT/data/generated/test2/reannotated/bundled_synthetic_children/stage1_td/pair_sli474_td459_rep05_TD_bundle.cha,data/generated/test2/reannotated/bundled_synthetic_children/stage1_td/pair_sli474_td459_rep05_TD_bundle.cha,52,1,53,0,0.0
pair_sli474_td459_rep06_TD_bundle,/Users/shamiraventurini/PycharmProjects/ICL-PILOT/data/generated/test2/reannotated/bundled_synthetic_children/stage1_td/pair_sli474_td459_rep06_TD_bundle.cha,data/generated/test2/reannotated/bundled_synthetic_children/stage1_td/pair_sli474_td459_rep06_TD_bundle.cha,55,1,56,0,0.0
pair_sli474_td459_rep07_TD_bundle,/Users/shamiraventurini/PycharmProjects/ICL-PILOT/data/generated/test2/reannotated/bundled_synthetic_children/stage1_td/pair_sli474_td459_rep07_TD_bundle.cha,data/generated/test2/reannotated/bundled_synthetic_children/stage1_td/pair_sli474_td459_rep07_TD_bundle.cha,50,0,50,0,0.0
pair_sli474_td459_rep08_TD_bundle,/Users/shamiraventurini/PycharmProjects/ICL-PILOT/data/generated/test2/reannotated/bundled_synthetic_children/stage1_td/pair_sli474_td459_rep08_TD_bundle.cha,data/generated/test2/reannotated/bundled_synthetic_children/stage1_td/pair_sli474_td459_rep08_TD_bundle.cha,37,1,38,0,0.0
pair_sli474_td459_rep09_TD_bundle,/Users/shamiraventurini/PycharmProjects/ICL-PILOT/data/generated/test2/reannotated/bundled_synthetic_children/stage1_td/pair_sli474_td459_rep09_TD_bundle.cha,data/generated/test2/reannotated/bundled_synthetic_children/stage1_td/pair_sli474_td459_rep09_TD_bundle.cha,66,0,66,0,0.0
pair_sli474_td459_rep10_TD_bundle,/Users/shamiraventurini/PycharmProjects/ICL-PILOT/data/generated/test2/reannotated/bundled_synthetic_children/stage1_td/pair_sli474_td459_rep10_TD_bundle.cha,data/generated/test2/reannotated/bundled_synthetic_children/stage1_td/pair_sli474_td459_rep10_TD_bundle.cha,51,0,51,0,0.0
pair_sli475_td417_rep01_TD_bundle,/Users/shamiraventurini/PycharmProjects/ICL-PILOT/data/generated/test2/reannotated/bundled_synthetic_children/stage1_td/pair_sli475_td417_rep01_TD_bundle.cha,data/generated/test2/reannotated/bundled_synthetic_children/stage1_td/pair_sli475_td417_rep01_TD_bundle.cha,45,0,45,0,0.0
pair_sli475_td417_rep02_TD_bundle,/Users/shamiraventurini/PycharmProjects/ICL-PILOT/data/generated/test2/reannotated/bundled_synthetic_children/stage1_td/pair_sli475_td417_rep02_TD_bundle.cha,data/generated/test2/reannotated/bundled_synthetic_children/stage1_td/pair_sli475_td417_rep02_TD_bundle.cha,51,0,51,0,0.0
pair_sli475_td417_rep03_TD_bundle,/Users/shamiraventurini/PycharmProjects/ICL-PILOT/data/generated/test2/reannotated/bundled_synthetic_children/stage1_td/pair_sli475_td417_rep03_TD_bundle.cha,data/generated/test2/reannotated/bundled_synthetic_children/stage1_td/pair_sli475_td417_rep03_TD_bundle.cha,44,1,45,0,0.0
pair_sli475_td417_rep04_TD_bundle,/Users/shamiraventurini/PycharmProjects/ICL-PILOT/data/generated/test2/reannotated/bundled_synthetic_children/stage1_td/pair_sli475_td417_rep04_TD_bundle.cha,data/generated/test2/reannotated/bundled_synthetic_children/stage1_td/pair_sli475_td417_rep04_TD_bundle.cha,35,0,35,0,0.0
pair_sli475_td417_rep05_TD_bundle,/Users/shamiraventurini/PycharmProjects/ICL-PILOT/data/generated/test2/reannotated/bundled_synthetic_children/stage1_td/pair_sli475_td417_rep05_TD_bundle.cha,data/generated/test2/reannotated/bundled_synthetic_children/stage1_td/pair_sli475_td417_rep05_TD_bundle.cha,49,0,49,0,0.0
pair_sli475_td417_rep06_TD_bundle,/Users/shamiraventurini/PycharmProjects/ICL-PILOT/data/generated/test2/reannotated/bundled_synthetic_children/stage1_td/pair_sli475_td417_rep06_TD_bundle.cha,data/generated/test2/reannotated/bundled_synthetic_children/stage1_td/pair_sli475_td417_rep06_TD_bundle.cha,36,0,36,0,0.0
pair_sli475_td417_rep07_TD_bundle,/Users/shamiraventurini/PycharmProjects/ICL-PILOT/data/generated/test2/reannotated/bundled_synthetic_children/stage1_td/pair_sli475_td417_rep07_TD_bundle.cha,data/generated/test2/reannotated/bundled_synthetic_children/stage1_td/pair_sli475_td417_rep07_TD_bundle.cha,51,0,51,0,0.0
pair_sli475_td417_rep08_TD_bundle,/Users/shamiraventurini/PycharmProjects/ICL-PILOT/data/generated/test2/reannotated/bundled_synthetic_children/stage1_td/pair_sli475_td417_rep08_TD_bundle.cha,data/generated/test2/reannotated/bundled_synthetic_children/stage1_td/pair_sli475_td417_rep08_TD_bundle.cha,68,0,68,0,0.0
pair_sli475_td417_rep09_TD_bundle,/Users/shamiraventurini/PycharmProjects/ICL-PILOT/data/generated/test2/reannotated/bundled_synthetic_children/stage1_td/pair_sli475_td417_rep09_TD_bundle.cha,data/generated/test2/reannotated/bundled_synthetic_children/stage1_td/pair_sli475_td417_rep09_TD_bundle.cha,51,0,51,0,0.0
pair_sli475_td417_rep10_TD_bundle,/Users/shamiraventurini/PycharmProjects/ICL-PILOT/data/generated/test2/reannotated/bundled_synthetic_children/stage1_td/pair_sli475_td417_rep10_TD_bundle.cha,data/generated/test2/reannotated/bundled_synthetic_children/stage1_td/pair_sli475_td417_rep10_TD_bundle.cha,59,0,59,0,0.0
pair_sli476_td460_rep01_TD_bundle,/Users/shamiraventurini/PycharmProjects/ICL-PILOT/data/generated/test2/reannotated/bundled_synthetic_children/stage1_td/pair_sli476_td460_rep01_TD_bundle.cha,data/generated/test2/reannotated/bundled_synthetic_children/stage1_td/pair_sli476_td460_rep01_TD_bundle.cha,10,0,10,0,0.0
pair_sli476_td460_rep02_TD_bundle,/Users/shamiraventurini/PycharmProjects/ICL-PILOT/data/generated/test2/reannotated/bundled_synthetic_children/stage1_td/pair_sli476_td460_rep02_TD_bundle.cha,data/generated/test2/reannotated/bundled_synthetic_children/stage1_td/pair_sli476_td460_rep02_TD_bundle.cha,7,0,7,0,0.0
pair_sli476_td460_rep03_TD_bundle,/Users/shamiraventurini/PycharmProjects/ICL-PILOT/data/generated/test2/reannotated/bundled_synthetic_children/stage1_td/pair_sli476_td460_rep03_TD_bundle.cha,data/generated/test2/reannotated/bundled_synthetic_children/stage1_td/pair_sli476_td460_rep03_TD_bundle.cha,10,0,10,0,0.0
pair_sli476_td460_rep04_TD_bundle,/Users/shamiraventurini/PycharmProjects/ICL-PILOT/data/generated/test2/reannotated/bundled_synthetic_children/stage1_td/pair_sli476_td460_rep04_TD_bundle.cha,data/generated/test2/reannotated/bundled_synthetic_children/stage1_td/pair_sli476_td460_rep04_TD_bundle.cha,19,0,19,0,0.0
pair_sli476_td460_rep05_TD_bundle,/Users/shamiraventurini/PycharmProjects/ICL-PILOT/data/generated/test2/reannotated/bundled_synthetic_children/stage1_td/pair_sli476_td460_rep05_TD_bundle.cha,data/generated/test2/reannotated/bundled_synthetic_children/stage1_td/pair_sli476_td460_rep05_TD_bundle.cha,17,0,17,0,0.0
pair_sli476_td460_rep06_TD_bundle,/Users/shamiraventurini/PycharmProjects/ICL-PILOT/data/generated/test2/reannotated/bundled_synthetic_children/stage1_td/pair_sli476_td460_rep06_TD_bundle.cha,data/generated/test2/reannotated/bundled_synthetic_children/stage1_td/pair_sli476_td460_rep06_TD_bundle.cha,36,0,36,0,0.0
pair_sli476_td460_rep07_TD_bundle,/Users/shamiraventurini/PycharmProjects/ICL-PILOT/data/generated/test2/reannotated/bundled_synthetic_children/stage1_td/pair_sli476_td460_rep07_TD_bundle.cha,data/generated/test2/reannotated/bundled_synthetic_children/stage1_td/pair_sli476_td460_rep07_TD_bundle.cha,21,0,21,0,0.0
pair_sli476_td460_rep08_TD_bundle,/Users/shamiraventurini/PycharmProjects/ICL-PILOT/data/generated/test2/reannotated/bundled_synthetic_children/stage1_td/pair_sli476_td460_rep08_TD_bundle.cha,data/generated/test2/reannotated/bundled_synthetic_children/stage1_td/pair_sli476_td460_rep08_TD_bundle.cha,8,0,8,0,0.0
pair_sli476_td460_rep09_TD_bundle,/Users/shamiraventurini/PycharmProjects/ICL-PILOT/data/generated/test2/reannotated/bundled_synthetic_children/stage1_td/pair_sli476_td460_rep09_TD_bundle.cha,data/generated/test2/reannotated/bundled_synthetic_children/stage1_td/pair_sli476_td460_rep09_TD_bundle.cha,7,0,7,0,0.0
pair_sli476_td460_rep10_TD_bundle,/Users/shamiraventurini/PycharmProjects/ICL-PILOT/data/generated/test2/reannotated/bundled_synthetic_children/stage1_td/pair_sli476_td460_rep10_TD_bundle.cha,data/generated/test2/reannotated/bundled_synthetic_children/stage1_td/pair_sli476_td460_rep10_TD_bundle.cha,6,0,6,0,0.0
pair_sli477_td415_rep01_TD_bundle,/Users/shamiraventurini/PycharmProjects/ICL-PILOT/data/generated/test2/reannotated/bundled_synthetic_children/stage1_td/pair_sli477_td415_rep01_TD_bundle.cha,data/generated/test2/reannotated/bundled_synthetic_children/stage1_td/pair_sli477_td415_rep01_TD_bundle.cha,10,0,10,0,0.0
pair_sli477_td415_rep02_TD_bundle,/Users/shamiraventurini/PycharmProjects/ICL-PILOT/data/generated/test2/reannotated/bundled_synthetic_children/stage1_td/pair_sli477_td415_rep02_TD_bundle.cha,data/generated/test2/reannotated/bundled_synthetic_children/stage1_td/pair_sli477_td415_rep02_TD_bundle.cha,25,0,25,0,0.0
pair_sli477_td415_rep03_TD_bundle,/Users/shamiraventurini/PycharmProjects/ICL-PILOT/data/generated/test2/reannotated/bundled_synthetic_children/stage1_td/pair_sli477_td415_rep03_TD_bundle.cha,data/generated/test2/reannotated/bundled_synthetic_children/stage1_td/pair_sli477_td415_rep03_TD_bundle.cha,1,0,1,0,0.0
pair_sli477_td415_rep04_TD_bundle,/Users/shamiraventurini/PycharmProjects/ICL-PILOT/data/generated/test2/reannotated/bundled_synthetic_children/stage1_td/pair_sli477_td415_rep04_TD_bundle.cha,data/generated/test2/reannotated/bundled_synthetic_children/stage1_td/pair_sli477_td415_rep04_TD_bundle.cha,6,1,7,0,0.0
pair_sli477_td415_rep05_TD_bundle,/Users/shamiraventurini/PycharmProjects/ICL-PILOT/data/generated/test2/reannotated/bundled_synthetic_children/stage1_td/pair_sli477_td415_rep05_TD_bundle.cha,data/generated/test2/reannotated/bundled_synthetic_children/stage1_td/pair_sli477_td415_rep05_TD_bundle.cha,13,0,13,0,0.0
pair_sli477_td415_rep06_TD_bundle,/Users/shamiraventurini/PycharmProjects/ICL-PILOT/data/generated/test2/reannotated/bundled_synthetic_children/stage1_td/pair_sli477_td415_rep06_TD_bundle.cha,data/generated/test2/reannotated/bundled_synthetic_children/stage1_td/pair_sli477_td415_rep06_TD_bundle.cha,19,0,19,0,0.0
pair_sli477_td415_rep07_TD_bundle,/Users/shamiraventurini/PycharmProjects/ICL-PILOT/data/generated/test2/reannotated/bundled_synthetic_children/stage1_td/pair_sli477_td415_rep07_TD_bundle.cha,data/generated/test2/reannotated/bundled_synthetic_children/stage1_td/pair_sli477_td415_rep07_TD_bundle.cha,2,0,2,0,0.0
pair_sli477_td415_rep08_TD_bundle,/Users/shamiraventurini/PycharmProjects/ICL-PILOT/data/generated/test2/reannotated/bundled_synthetic_children/stage1_td/pair_sli477_td415_rep08_TD_bundle.cha,data/generated/test2/reannotated/bundled_synthetic_children/stage1_td/pair_sli477_td415_rep08_TD_bundle.cha,12,0,12,0,0.0
pair_sli477_td415_rep09_TD_bundle,/Users/shamiraventurini/PycharmProjects/ICL-PILOT/data/generated/test2/reannotated/bundled_synthetic_children/stage1_td/pair_sli477_td415_rep09_TD_bundle.cha,data/generated/test2/reannotated/bundled_synthetic_children/stage1_td/pair_sli477_td415_rep09_TD_bundle.cha,2,0,2,0,0.0
pair_sli477_td415_rep10_TD_bundle,/Users/shamiraventurini/PycharmProjects/ICL-PILOT/data/generated/test2/reannotated/bundled_synthetic_children/stage1_td/pair_sli477_td415_rep10_TD_bundle.cha,data/generated/test2/reannotated/bundled_synthetic_children/stage1_td/pair_sli477_td415_rep10_TD_bundle.cha,1,0,1,0,0.0
pair_sli478_td419_rep01_TD_bundle,/Users/shamiraventurini/PycharmProjects/ICL-PILOT/data/generated/test2/reannotated/bundled_synthetic_children/stage1_td/pair_sli478_td419_rep01_TD_bundle.cha,data/generated/test2/reannotated/bundled_synthetic_children/stage1_td/pair_sli478_td419_rep01_TD_bundle.cha,24,0,24,0,0.0
pair_sli478_td419_rep02_TD_bundle,/Users/shamiraventurini/PycharmProjects/ICL-PILOT/data/generated/test2/reannotated/bundled_synthetic_children/stage1_td/pair_sli478_td419_rep02_TD_bundle.cha,data/generated/test2/reannotated/bundled_synthetic_children/stage1_td/pair_sli478_td419_rep02_TD_bundle.cha,35,0,35,0,0.0
pair_sli478_td419_rep03_TD_bundle,/Users/shamiraventurini/PycharmProjects/ICL-PILOT/data/generated/test2/reannotated/bundled_synthetic_children/stage1_td/pair_sli478_td419_rep03_TD_bundle.cha,data/generated/test2/reannotated/bundled_synthetic_children/stage1_td/pair_sli478_td419_rep03_TD_bundle.cha,50,0,50,0,0.0
pair_sli478_td419_rep04_TD_bundle,/Users/shamiraventurini/PycharmProjects/ICL-PILOT/data/generated/test2/reannotated/bundled_synthetic_children/stage1_td/pair_sli478_td419_rep04_TD_bundle.cha,data/generated/test2/reannotated/bundled_synthetic_children/stage1_td/pair_sli478_td419_rep04_TD_bundle.cha,42,1,43,0,0.0
pair_sli478_td419_rep05_TD_bundle,/Users/shamiraventurini/PycharmProjects/ICL-PILOT/data/generated/test2/reannotated/bundled_synthetic_children/stage1_td/pair_sli478_td419_rep05_TD_bundle.cha,data/generated/test2/reannotated/bundled_synthetic_children/stage1_td/pair_sli478_td419_rep05_TD_bundle.cha,35,0,35,0,0.0
pair_sli478_td419_rep06_TD_bundle,/Users/shamiraventurini/PycharmProjects/ICL-PILOT/data/generated/test2/reannotated/bundled_synthetic_children/stage1_td/pair_sli478_td419_rep06_TD_bundle.cha,data/generated/test2/reannotated/bundled_synthetic_children/stage1_td/pair_sli478_td419_rep06_TD_bundle.cha,56,0,56,0,0.0
pair_sli478_td419_rep07_TD_bundle,/Users/shamiraventurini/PycharmProjects/ICL-PILOT/data/generated/test2/reannotated/bundled_synthetic_children/stage1_td/pair_sli478_td419_rep07_TD_bundle.cha,data/generated/test2/reannotated/bundled_synthetic_children/stage1_td/pair_sli478_td419_rep07_TD_bundle.cha,45,0,45,1,0.022222222222222223
pair_sli478_td419_rep08_TD_bundle,/Users/shamiraventurini/PycharmProjects/ICL-PILOT/data/generated/test2/reannotated/bundled_synthetic_children/stage1_td/pair_sli478_td419_rep08_TD_bundle.cha,data/generated/test2/reannotated/bundled_synthetic_children/stage1_td/pair_sli478_td419_rep08_TD_bundle.cha,44,0,44,0,0.0
pair_sli478_td419_rep09_TD_bundle,/Users/shamiraventurini/PycharmProjects/ICL-PILOT/data/generated/test2/reannotated/bundled_synthetic_children/stage1_td/pair_sli478_td419_rep09_TD_bundle.cha,data/generated/test2/reannotated/bundled_synthetic_children/stage1_td/pair_sli478_td419_rep09_TD_bundle.cha,52,0,52,0,0.0
pair_sli478_td419_rep10_TD_bundle,/Users/shamiraventurini/PycharmProjects/ICL-PILOT/data/generated/test2/reannotated/bundled_synthetic_children/stage1_td/pair_sli478_td419_rep10_TD_bundle.cha,data/generated/test2/reannotated/bundled_synthetic_children/stage1_td/pair_sli478_td419_rep10_TD_bundle.cha,52,0,52,0,0.0
pair_sli479_td471_rep01_TD_bundle,/Users/shamiraventurini/PycharmProjects/ICL-PILOT/data/generated/test2/reannotated/bundled_synthetic_children/stage1_td/pair_sli479_td471_rep01_TD_bundle.cha,data/generated/test2/reannotated/bundled_synthetic_children/stage1_td/pair_sli479_td471_rep01_TD_bundle.cha,65,0,65,0,0.0
pair_sli479_td471_rep02_TD_bundle,/Users/shamiraventurini/PycharmProjects/ICL-PILOT/data/generated/test2/reannotated/bundled_synthetic_children/stage1_td/pair_sli479_td471_rep02_TD_bundle.cha,data/generated/test2/reannotated/bundled_synthetic_children/stage1_td/pair_sli479_td471_rep02_TD_bundle.cha,49,0,49,0,0.0
pair_sli479_td471_rep03_TD_bundle,/Users/shamiraventurini/PycharmProjects/ICL-PILOT/data/generated/test2/reannotated/bundled_synthetic_children/stage1_td/pair_sli479_td471_rep03_TD_bundle.cha,data/generated/test2/reannotated/bundled_synthetic_children/stage1_td/pair_sli479_td471_rep03_TD_bundle.cha,60,1,61,0,0.0
pair_sli479_td471_rep04_TD_bundle,/Users/shamiraventurini/PycharmProjects/ICL-PILOT/data/generated/test2/reannotated/bundled_synthetic_children/stage1_td/pair_sli479_td471_rep04_TD_bundle.cha,data/generated/test2/reannotated/bundled_synthetic_children/stage1_td/pair_sli479_td471_rep04_TD_bundle.cha,38,0,38,0,0.0
pair_sli479_td471_rep05_TD_bundle,/Users/shamiraventurini/PycharmProjects/ICL-PILOT/data/generated/test2/reannotated/bundled_synthetic_children/stage1_td/pair_sli479_td471_rep05_TD_bundle.cha,data/generated/test2/reannotated/bundled_synthetic_children/stage1_td/pair_sli479_td471_rep05_TD_bundle.cha,52,0,52,0,0.0
pair_sli479_td471_rep06_TD_bundle,/Users/shamiraventurini/PycharmProjects/ICL-PILOT/data/generated/test2/reannotated/bundled_synthetic_children/stage1_td/pair_sli479_td471_rep06_TD_bundle.cha,data/generated/test2/reannotated/bundled_synthetic_children/stage1_td/pair_sli479_td471_rep06_TD_bundle.cha,53,0,53,0,0.0
pair_sli479_td471_rep07_TD_bundle,/Users/shamiraventurini/PycharmProjects/ICL-PILOT/data/generated/test2/reannotated/bundled_synthetic_children/stage1_td/pair_sli479_td471_rep07_TD_bundle.cha,data/generated/test2/reannotated/bundled_synthetic_children/stage1_td/pair_sli479_td471_rep07_TD_bundle.cha,59,1,60,0,0.0
pair_sli479_td471_rep08_TD_bundle,/Users/shamiraventurini/PycharmProjects/ICL-PILOT/data/generated/test2/reannotated/bundled_synthetic_children/stage1_td/pair_sli479_td471_rep08_TD_bundle.cha,data/generated/test2/reannotated/bundled_synthetic_children/stage1_td/pair_sli479_td471_rep08_TD_bundle.cha,54,1,55,0,0.0
pair_sli479_td471_rep09_TD_bundle,/Users/shamiraventurini/PycharmProjects/ICL-PILOT/data/generated/test2/reannotated/bundled_synthetic_children/stage1_td/pair_sli479_td471_rep09_TD_bundle.cha,data/generated/test2/reannotated/bundled_synthetic_children/stage1_td/pair_sli479_td471_rep09_TD_bundle.cha,51,0,51,0,0.0
pair_sli479_td471_rep10_TD_bundle,/Users/shamiraventurini/PycharmProjects/ICL-PILOT/data/generated/test2/reannotated/bundled_synthetic_children/stage1_td/pair_sli479_td471_rep10_TD_bundle.cha,data/generated/test2/reannotated/bundled_synthetic_children/stage1_td/pair_sli479_td471_rep10_TD_bundle.cha,53,0,53,0,0.0
pair_sli480_td450_rep01_TD_bundle,/Users/shamiraventurini/PycharmProjects/ICL-PILOT/data/generated/test2/reannotated/bundled_synthetic_children/stage1_td/pair_sli480_td450_rep01_TD_bundle.cha,data/generated/test2/reannotated/bundled_synthetic_children/stage1_td/pair_sli480_td450_rep01_TD_bundle.cha,29,0,29,1,0.034482758620689655
pair_sli480_td450_rep02_TD_bundle,/Users/shamiraventurini/PycharmProjects/ICL-PILOT/data/generated/test2/reannotated/bundled_synthetic_children/stage1_td/pair_sli480_td450_rep02_TD_bundle.cha,data/generated/test2/reannotated/bundled_synthetic_children/stage1_td/pair_sli480_td450_rep02_TD_bundle.cha,13,0,13,0,0.0
pair_sli480_td450_rep03_TD_bundle,/Users/shamiraventurini/PycharmProjects/ICL-PILOT/data/generated/test2/reannotated/bundled_synthetic_children/stage1_td/pair_sli480_td450_rep03_TD_bundle.cha,data/generated/test2/reannotated/bundled_synthetic_children/stage1_td/pair_sli480_td450_rep03_TD_bundle.cha,17,0,17,0,0.0
pair_sli480_td450_rep04_TD_bundle,/Users/shamiraventurini/PycharmProjects/ICL-PILOT/data/generated/test2/reannotated/bundled_synthetic_children/stage1_td/pair_sli480_td450_rep04_TD_bundle.cha,data/generated/test2/reannotated/bundled_synthetic_children/stage1_td/pair_sli480_td450_rep04_TD_bundle.cha,18,1,19,0,0.0
pair_sli480_td450_rep05_TD_bundle,/Users/shamiraventurini/PycharmProjects/ICL-PILOT/data/generated/test2/reannotated/bundled_synthetic_children/stage1_td/pair_sli480_td450_rep05_TD_bundle.cha,data/generated/test2/reannotated/bundled_synthetic_children/stage1_td/pair_sli480_td450_rep05_TD_bundle.cha,26,1,27,3,0.1111111111111111
pair_sli480_td450_rep06_TD_bundle,/Users/shamiraventurini/PycharmProjects/ICL-PILOT/data/generated/test2/reannotated/bundled_synthetic_children/stage1_td/pair_sli480_td450_rep06_TD_bundle.cha,data/generated/test2/reannotated/bundled_synthetic_children/stage1_td/pair_sli480_td450_rep06_TD_bundle.cha,15,0,15,0,0.0
pair_sli480_td450_rep07_TD_bundle,/Users/shamiraventurini/PycharmProjects/ICL-PILOT/data/generated/test2/reannotated/bundled_synthetic_children/stage1_td/pair_sli480_td450_rep07_TD_bundle.cha,data/generated/test2/reannotated/bundled_synthetic_children/stage1_td/pair_sli480_td450_rep07_TD_bundle.cha,23,0,23,0,0.0
pair_sli480_td450_rep08_TD_bundle,/Users/shamiraventurini/PycharmProjects/ICL-PILOT/data/generated/test2/reannotated/bundled_synthetic_children/stage1_td/pair_sli480_td450_rep08_TD_bundle.cha,data/generated/test2/reannotated/bundled_synthetic_children/stage1_td/pair_sli480_td450_rep08_TD_bundle.cha,34,0,34,0,0.0
pair_sli480_td450_rep09_TD_bundle,/Users/shamiraventurini/PycharmProjects/ICL-PILOT/data/generated/test2/reannotated/bundled_synthetic_children/stage1_td/pair_sli480_td450_rep09_TD_bundle.cha,data/generated/test2/reannotated/bundled_synthetic_children/stage1_td/pair_sli480_td450_rep09_TD_bundle.cha,43,0,43,0,0.0
pair_sli480_td450_rep10_TD_bundle,/Users/shamiraventurini/PycharmProjects/ICL-PILOT/data/generated/test2/reannotated/bundled_synthetic_children/stage1_td/pair_sli480_td450_rep10_TD_bundle.cha,data/generated/test2/reannotated/bundled_synthetic_children/stage1_td/pair_sli480_td450_rep10_TD_bundle.cha,37,0,37,0,0.0
pair_sli482_td466_rep01_TD_bundle,/Users/shamiraventurini/PycharmProjects/ICL-PILOT/data/generated/test2/reannotated/bundled_synthetic_children/stage1_td/pair_sli482_td466_rep01_TD_bundle.cha,data/generated/test2/reannotated/bundled_synthetic_children/stage1_td/pair_sli482_td466_rep01_TD_bundle.cha,34,0,34,0,0.0
pair_sli482_td466_rep02_TD_bundle,/Users/shamiraventurini/PycharmProjects/ICL-PILOT/data/generated/test2/reannotated/bundled_synthetic_children/stage1_td/pair_sli482_td466_rep02_TD_bundle.cha,data/generated/test2/reannotated/bundled_synthetic_children/stage1_td/pair_sli482_td466_rep02_TD_bundle.cha,12,1,13,0,0.0
pair_sli482_td466_rep03_TD_bundle,/Users/shamiraventurini/PycharmProjects/ICL-PILOT/data/generated/test2/reannotated/bundled_synthetic_children/stage1_td/pair_sli482_td466_rep03_TD_bundle.cha,data/generated/test2/reannotated/bundled_synthetic_children/stage1_td/pair_sli482_td466_rep03_TD_bundle.cha,49,0,49,0,0.0
pair_sli482_td466_rep04_TD_bundle,/Users/shamiraventurini/PycharmProjects/ICL-PILOT/data/generated/test2/reannotated/bundled_synthetic_children/stage1_td/pair_sli482_td466_rep04_TD_bundle.cha,data/generated/test2/reannotated/bundled_synthetic_children/stage1_td/pair_sli482_td466_rep04_TD_bundle.cha,27,1,28,0,0.0
pair_sli482_td466_rep05_TD_bundle,/Users/shamiraventurini/PycharmProjects/ICL-PILOT/data/generated/test2/reannotated/bundled_synthetic_children/stage1_td/pair_sli482_td466_rep05_TD_bundle.cha,data/generated/test2/reannotated/bundled_synthetic_children/stage1_td/pair_sli482_td466_rep05_TD_bundle.cha,15,0,15,0,0.0
pair_sli482_td466_rep06_TD_bundle,/Users/shamiraventurini/PycharmProjects/ICL-PILOT/data/generated/test2/reannotated/bundled_synthetic_children/stage1_td/pair_sli482_td466_rep06_TD_bundle.cha,data/generated/test2/reannotated/bundled_synthetic_children/stage1_td/pair_sli482_td466_rep06_TD_bundle.cha,20,0,20,1,0.05
pair_sli482_td466_rep07_TD_bundle,/Users/shamiraventurini/PycharmProjects/ICL-PILOT/data/generated/test2/reannotated/bundled_synthetic_children/stage1_td/pair_sli482_td466_rep07_TD_bundle.cha,data/generated/test2/reannotated/bundled_synthetic_children/stage1_td/pair_sli482_td466_rep07_TD_bundle.cha,34,1,35,0,0.0
pair_sli482_td466_rep08_TD_bundle,/Users/shamiraventurini/PycharmProjects/ICL-PILOT/data/generated/test2/reannotated/bundled_synthetic_children/stage1_td/pair_sli482_td466_rep08_TD_bundle.cha,data/generated/test2/reannotated/bundled_synthetic_children/stage1_td/pair_sli482_td466_rep08_TD_bundle.cha,12,0,12,0,0.0
pair_sli482_td466_rep09_TD_bundle,/Users/shamiraventurini/PycharmProjects/ICL-PILOT/data/generated/test2/reannotated/bundled_synthetic_children/stage1_td/pair_sli482_td466_rep09_TD_bundle.cha,data/generated/test2/reannotated/bundled_synthetic_children/stage1_td/pair_sli482_td466_rep09_TD_bundle.cha,19,1,20,0,0.0
pair_sli482_td466_rep10_TD_bundle,/Users/shamiraventurini/PycharmProjects/ICL-PILOT/data/generated/test2/reannotated/bundled_synthetic_children/stage1_td/pair_sli482_td466_rep10_TD_bundle.cha,data/generated/test2/reannotated/bundled_synthetic_children/stage1_td/pair_sli482_td466_rep10_TD_bundle.cha,30,0,30,0,0.0
pair_sli413_td439_rep01_SLI_bundle,/Users/shamiraventurini/PycharmProjects/ICL-PILOT/data/generated/test2/reannotated/bundled_synthetic_children/stage2_sli/pair_sli413_td439_rep01_SLI_bundle.cha,data/generated/test2/reannotated/bundled_synthetic_children/stage2_sli/pair_sli413_td439_rep01_SLI_bundle.cha,16,3,19,0,0.0
pair_sli413_td439_rep02_SLI_bundle,/Users/shamiraventurini/PycharmProjects/ICL-PILOT/data/generated/test2/reannotated/bundled_synthetic_children/stage2_sli/pair_sli413_td439_rep02_SLI_bundle.cha,data/generated/test2/reannotated/bundled_synthetic_children/stage2_sli/pair_sli413_td439_rep02_SLI_bundle.cha,34,0,34,0,0.0
pair_sli413_td439_rep03_SLI_bundle,/Users/shamiraventurini/PycharmProjects/ICL-PILOT/data/generated/test2/reannotated/bundled_synthetic_children/stage2_sli/pair_sli413_td439_rep03_SLI_bundle.cha,data/generated/test2/reannotated/bundled_synthetic_children/stage2_sli/pair_sli413_td439_rep03_SLI_bundle.cha,16,4,20,0,0.0
pair_sli413_td439_rep04_SLI_bundle,/Users/shamiraventurini/PycharmProjects/ICL-PILOT/data/generated/test2/reannotated/bundled_synthetic_children/stage2_sli/pair_sli413_td439_rep04_SLI_bundle.cha,data/generated/test2/reannotated/bundled_synthetic_children/stage2_sli/pair_sli413_td439_rep04_SLI_bundle.cha,16,1,17,0,0.0
pair_sli413_td439_rep05_SLI_bundle,/Users/shamiraventurini/PycharmProjects/ICL-PILOT/data/generated/test2/reannotated/bundled_synthetic_children/stage2_sli/pair_sli413_td439_rep05_SLI_bundle.cha,data/generated/test2/reannotated/bundled_synthetic_children/stage2_sli/pair_sli413_td439_rep05_SLI_bundle.cha,18,0,18,0,0.0
pair_sli413_td439_rep06_SLI_bundle,/Users/shamiraventurini/PycharmProjects/ICL-PILOT/data/generated/test2/reannotated/bundled_synthetic_children/stage2_sli/pair_sli413_td439_rep06_SLI_bundle.cha,data/generated/test2/reannotated/bundled_synthetic_children/stage2_sli/pair_sli413_td439_rep06_SLI_bundle.cha,21,0,21,0,0.0
pair_sli413_td439_rep07_SLI_bundle,/Users/shamiraventurini/PycharmProjects/ICL-PILOT/data/generated/test2/reannotated/bundled_synthetic_children/stage2_sli/pair_sli413_td439_rep07_SLI_bundle.cha,data/generated/test2/reannotated/bundled_synthetic_children/stage2_sli/pair_sli413_td439_rep07_SLI_bundle.cha,30,0,30,0,0.0
pair_sli413_td439_rep08_SLI_bundle,/Users/shamiraventurini/PycharmProjects/ICL-PILOT/data/generated/test2/reannotated/bundled_synthetic_children/stage2_sli/pair_sli413_td439_rep08_SLI_bundle.cha,data/generated/test2/reannotated/bundled_synthetic_children/stage2_sli/pair_sli413_td439_rep08_SLI_bundle.cha,15,2,17,0,0.0
pair_sli413_td439_rep09_SLI_bundle,/Users/shamiraventurini/PycharmProjects/ICL-PILOT/data/generated/test2/reannotated/bundled_synthetic_children/stage2_sli/pair_sli413_td439_rep09_SLI_bundle.cha,data/generated/test2/reannotated/bundled_synthetic_children/stage2_sli/pair_sli413_td439_rep09_SLI_bundle.cha,33,0,33,0,0.0
pair_sli413_td439_rep10_SLI_bundle,/Users/shamiraventurini/PycharmProjects/ICL-PILOT/data/generated/test2/reannotated/bundled_synthetic_children/stage2_sli/pair_sli413_td439_rep10_SLI_bundle.cha,data/generated/test2/reannotated/bundled_synthetic_children/stage2_sli/pair_sli413_td439_rep10_SLI_bundle.cha,16,0,16,0,0.0
pair_sli427_td406_rep01_SLI_bundle,/Users/shamiraventurini/PycharmProjects/ICL-PILOT/data/generated/test2/reannotated/bundled_synthetic_children/stage2_sli/pair_sli427_td406_rep01_SLI_bundle.cha,data/generated/test2/reannotated/bundled_synthetic_children/stage2_sli/pair_sli427_td406_rep01_SLI_bundle.cha,10,2,12,0,0.0
pair_sli427_td406_rep02_SLI_bundle,/Users/shamiraventurini/PycharmProjects/ICL-PILOT/data/generated/test2/reannotated/bundled_synthetic_children/stage2_sli/pair_sli427_td406_rep02_SLI_bundle.cha,data/generated/test2/reannotated/bundled_synthetic_children/stage2_sli/pair_sli427_td406_rep02_SLI_bundle.cha,10,0,10,0,0.0
pair_sli427_td406_rep03_SLI_bundle,/Users/shamiraventurini/PycharmProjects/ICL-PILOT/data/generated/test2/reannotated/bundled_synthetic_children/stage2_sli/pair_sli427_td406_rep03_SLI_bundle.cha,data/generated/test2/reannotated/bundled_synthetic_children/stage2_sli/pair_sli427_td406_rep03_SLI_bundle.cha,23,0,23,0,0.0
pair_sli427_td406_rep04_SLI_bundle,/Users/shamiraventurini/PycharmProjects/ICL-PILOT/data/generated/test2/reannotated/bundled_synthetic_children/stage2_sli/pair_sli427_td406_rep04_SLI_bundle.cha,data/generated/test2/reannotated/bundled_synthetic_children/stage2_sli/pair_sli427_td406_rep04_SLI_bundle.cha,2,0,2,0,0.0
pair_sli427_td406_rep05_SLI_bundle,/Users/shamiraventurini/PycharmProjects/ICL-PILOT/data/generated/test2/reannotated/bundled_synthetic_children/stage2_sli/pair_sli427_td406_rep05_SLI_bundle.cha,data/generated/test2/reannotated/bundled_synthetic_children/stage2_sli/pair_sli427_td406_rep05_SLI_bundle.cha,16,1,17,1,0.058823529411764705
pair_sli427_td406_rep06_SLI_bundle,/Users/shamiraventurini/PycharmProjects/ICL-PILOT/data/generated/test2/reannotated/bundled_synthetic_children/stage2_sli/pair_sli427_td406_rep06_SLI_bundle.cha,data/generated/test2/reannotated/bundled_synthetic_children/stage2_sli/pair_sli427_td406_rep06_SLI_bundle.cha,13,0,13,0,0.0
pair_sli427_td406_rep07_SLI_bundle,/Users/shamiraventurini/PycharmProjects/ICL-PILOT/data/generated/test2/reannotated/bundled_synthetic_children/stage2_sli/pair_sli427_td406_rep07_SLI_bundle.cha,data/generated/test2/reannotated/bundled_synthetic_children/stage2_sli/pair_sli427_td406_rep07_SLI_bundle.cha,5,0,5,0,0.0
pair_sli427_td406_rep08_SLI_bundle,/Users/shamiraventurini/PycharmProjects/ICL-PILOT/data/generated/test2/reannotated/bundled_synthetic_children/stage2_sli/pair_sli427_td406_rep08_SLI_bundle.cha,data/generated/test2/reannotated/bundled_synthetic_children/stage2_sli/pair_sli427_td406_rep08_SLI_bundle.cha,16,2,18,1,0.05555555555555555
pair_sli427_td406_rep09_SLI_bundle,/Users/shamiraventurini/PycharmProjects/ICL-PILOT/data/generated/test2/reannotated/bundled_synthetic_children/stage2_sli/pair_sli427_td406_rep09_SLI_bundle.cha,data/generated/test2/reannotated/bundled_synthetic_children/stage2_sli/pair_sli427_td406_rep09_SLI_bundle.cha,6,2,8,0,0.0
pair_sli427_td406_rep10_SLI_bundle,/Users/shamiraventurini/PycharmProjects/ICL-PILOT/data/generated/test2/reannotated/bundled_synthetic_children/stage2_sli/pair_sli427_td406_rep10_SLI_bundle.cha,data/generated/test2/reannotated/bundled_synthetic_children/stage2_sli/pair_sli427_td406_rep10_SLI_bundle.cha,13,0,13,0,0.0
pair_sli444_td410_rep01_SLI_bundle,/Users/shamiraventurini/PycharmProjects/ICL-PILOT/data/generated/test2/reannotated/bundled_synthetic_children/stage2_sli/pair_sli444_td410_rep01_SLI_bundle.cha,data/generated/test2/reannotated/bundled_synthetic_children/stage2_sli/pair_sli444_td410_rep01_SLI_bundle.cha,0,0,0,0,0.0
pair_sli444_td410_rep02_SLI_bundle,/Users/shamiraventurini/PycharmProjects/ICL-PILOT/data/generated/test2/reannotated/bundled_synthetic_children/stage2_sli/pair_sli444_td410_rep02_SLI_bundle.cha,data/generated/test2/reannotated/bundled_synthetic_children/stage2_sli/pair_sli444_td410_rep02_SLI_bundle.cha,22,0,22,0,0.0
pair_sli444_td410_rep03_SLI_bundle,/Users/shamiraventurini/PycharmProjects/ICL-PILOT/data/generated/test2/reannotated/bundled_synthetic_children/stage2_sli/pair_sli444_td410_rep03_SLI_bundle.cha,data/generated/test2/reannotated/bundled_synthetic_children/stage2_sli/pair_sli444_td410_rep03_SLI_bundle.cha,4,0,4,0,0.0
pair_sli444_td410_rep04_SLI_bundle,/Users/shamiraventurini/PycharmProjects/ICL-PILOT/data/generated/test2/reannotated/bundled_synthetic_children/stage2_sli/pair_sli444_td410_rep04_SLI_bundle.cha,data/generated/test2/reannotated/bundled_synthetic_children/stage2_sli/pair_sli444_td410_rep04_SLI_bundle.cha,11,0,11,0,0.0
pair_sli444_td410_rep05_SLI_bundle,/Users/shamiraventurini/PycharmProjects/ICL-PILOT/data/generated/test2/reannotated/bundled_synthetic_children/stage2_sli/pair_sli444_td410_rep05_SLI_bundle.cha,data/generated/test2/reannotated/bundled_synthetic_children/stage2_sli/pair_sli444_td410_rep05_SLI_bundle.cha,19,1,20,0,0.0
pair_sli444_td410_rep06_SLI_bundle,/Users/shamiraventurini/PycharmProjects/ICL-PILOT/data/generated/test2/reannotated/bundled_synthetic_children/stage2_sli/pair_sli444_td410_rep06_SLI_bundle.cha,data/generated/test2/reannotated/bundled_synthetic_children/stage2_sli/pair_sli444_td410_rep06_SLI_bundle.cha,18,1,19,0,0.0
pair_sli444_td410_rep07_SLI_bundle,/Users/shamiraventurini/PycharmProjects/ICL-PILOT/data/generated/test2/reannotated/bundled_synthetic_children/stage2_sli/pair_sli444_td410_rep07_SLI_bundle.cha,data/generated/test2/reannotated/bundled_synthetic_children/stage2_sli/pair_sli444_td410_rep07_SLI_bundle.cha,14,0,14,0,0.0
pair_sli444_td410_rep08_SLI_bundle,/Users/shamiraventurini/PycharmProjects/ICL-PILOT/data/generated/test2/reannotated/bundled_synthetic_children/stage2_sli/pair_sli444_td410_rep08_SLI_bundle.cha,data/generated/test2/reannotated/bundled_synthetic_children/stage2_sli/pair_sli444_td410_rep08_SLI_bundle.cha,10,0,10,0,0.0
pair_sli444_td410_rep09_SLI_bundle,/Users/shamiraventurini/PycharmProjects/ICL-PILOT/data/generated/test2/reannotated/bundled_synthetic_children/stage2_sli/pair_sli444_td410_rep09_SLI_bundle.cha,data/generated/test2/reannotated/bundled_synthetic_children/stage2_sli/pair_sli444_td410_rep09_SLI_bundle.cha,3,0,3,0,0.0
pair_sli444_td410_rep10_SLI_bundle,/Users/shamiraventurini/PycharmProjects/ICL-PILOT/data/generated/test2/reannotated/bundled_synthetic_children/stage2_sli/pair_sli444_td410_rep10_SLI_bundle.cha,data/generated/test2/reannotated/bundled_synthetic_children/stage2_sli/pair_sli444_td410_rep10_SLI_bundle.cha,4,0,4,0,0.0
pair_sli474_td459_rep01_SLI_bundle,/Users/shamiraventurini/PycharmProjects/ICL-PILOT/data/generated/test2/reannotated/bundled_synthetic_children/stage2_sli/pair_sli474_td459_rep01_SLI_bundle.cha,data/generated/test2/reannotated/bundled_synthetic_children/stage2_sli/pair_sli474_td459_rep01_SLI_bundle.cha,14,1,15,0,0.0
pair_sli474_td459_rep02_SLI_bundle,/Users/shamiraventurini/PycharmProjects/ICL-PILOT/data/generated/test2/reannotated/bundled_synthetic_children/stage2_sli/pair_sli474_td459_rep02_SLI_bundle.cha,data/generated/test2/reannotated/bundled_synthetic_children/stage2_sli/pair_sli474_td459_rep02_SLI_bundle.cha,5,0,5,0,0.0
pair_sli474_td459_rep03_SLI_bundle,/Users/shamiraventurini/PycharmProjects/ICL-PILOT/data/generated/test2/reannotated/bundled_synthetic_children/stage2_sli/pair_sli474_td459_rep03_SLI_bundle.cha,data/generated/test2/reannotated/bundled_synthetic_children/stage2_sli/pair_sli474_td459_rep03_SLI_bundle.cha,20,0,20,0,0.0
pair_sli474_td459_rep04_SLI_bundle,/Users/shamiraventurini/PycharmProjects/ICL-PILOT/data/generated/test2/reannotated/bundled_synthetic_children/stage2_sli/pair_sli474_td459_rep04_SLI_bundle.cha,data/generated/test2/reannotated/bundled_synthetic_children/stage2_sli/pair_sli474_td459_rep04_SLI_bundle.cha,12,0,12,0,0.0
pair_sli474_td459_rep05_SLI_bundle,/Users/shamiraventurini/PycharmProjects/ICL-PILOT/data/generated/test2/reannotated/bundled_synthetic_children/stage2_sli/pair_sli474_td459_rep05_SLI_bundle.cha,data/generated/test2/reannotated/bundled_synthetic_children/stage2_sli/pair_sli474_td459_rep05_SLI_bundle.cha,14,0,14,0,0.0
pair_sli474_td459_rep06_SLI_bundle,/Users/shamiraventurini/PycharmProjects/ICL-PILOT/data/generated/test2/reannotated/bundled_synthetic_children/stage2_sli/pair_sli474_td459_rep06_SLI_bundle.cha,data/generated/test2/reannotated/bundled_synthetic_children/stage2_sli/pair_sli474_td459_rep06_SLI_bundle.cha,12,4,16,0,0.0
pair_sli474_td459_rep07_SLI_bundle,/Users/shamiraventurini/PycharmProjects/ICL-PILOT/data/generated/test2/reannotated/bundled_synthetic_children/stage2_sli/pair_sli474_td459_rep07_SLI_bundle.cha,data/generated/test2/reannotated/bundled_synthetic_children/stage2_sli/pair_sli474_td459_rep07_SLI_bundle.cha,27,5,32,0,0.0
pair_sli474_td459_rep08_SLI_bundle,/Users/shamiraventurini/PycharmProjects/ICL-PILOT/data/generated/test2/reannotated/bundled_synthetic_children/stage2_sli/pair_sli474_td459_rep08_SLI_bundle.cha,data/generated/test2/reannotated/bundled_synthetic_children/stage2_sli/pair_sli474_td459_rep08_SLI_bundle.cha,7,3,10,0,0.0
pair_sli474_td459_rep09_SLI_bundle,/Users/shamiraventurini/PycharmProjects/ICL-PILOT/data/generated/test2/reannotated/bundled_synthetic_children/stage2_sli/pair_sli474_td459_rep09_SLI_bundle.cha,data/generated/test2/reannotated/bundled_synthetic_children/stage2_sli/pair_sli474_td459_rep09_SLI_bundle.cha,36,0,36,0,0.0
pair_sli474_td459_rep10_SLI_bundle,/Users/shamiraventurini/PycharmProjects/ICL-PILOT/data/generated/test2/reannotated/bundled_synthetic_children/stage2_sli/pair_sli474_td459_rep10_SLI_bundle.cha,data/generated/test2/reannotated/bundled_synthetic_children/stage2_sli/pair_sli474_td459_rep10_SLI_bundle.cha,20,2,22,0,0.0
pair_sli475_td417_rep01_SLI_bundle,/Users/shamiraventurini/PycharmProjects/ICL-PILOT/data/generated/test2/reannotated/bundled_synthetic_children/stage2_sli/pair_sli475_td417_rep01_SLI_bundle.cha,data/generated/test2/reannotated/bundled_synthetic_children/stage2_sli/pair_sli475_td417_rep01_SLI_bundle.cha,21,0,21,0,0.0
pair_sli475_td417_rep02_SLI_bundle,/Users/shamiraventurini/PycharmProjects/ICL-PILOT/data/generated/test2/reannotated/bundled_synthetic_children/stage2_sli/pair_sli475_td417_rep02_SLI_bundle.cha,data/generated/test2/reannotated/bundled_synthetic_children/stage2_sli/pair_sli475_td417_rep02_SLI_bundle.cha,14,0,14,0,0.0
pair_sli475_td417_rep03_SLI_bundle,/Users/shamiraventurini/PycharmProjects/ICL-PILOT/data/generated/test2/reannotated/bundled_synthetic_children/stage2_sli/pair_sli475_td417_rep03_SLI_bundle.cha,data/generated/test2/reannotated/bundled_synthetic_children/stage2_sli/pair_sli475_td417_rep03_SLI_bundle.cha,27,0,27,0,0.0
pair_sli475_td417_rep04_SLI_bundle,/Users/shamiraventurini/PycharmProjects/ICL-PILOT/data/generated/test2/reannotated/bundled_synthetic_children/stage2_sli/pair_sli475_td417_rep04_SLI_bundle.cha,data/generated/test2/reannotated/bundled_synthetic_children/stage2_sli/pair_sli475_td417_rep04_SLI_bundle.cha,13,0,13,0,0.0
pair_sli475_td417_rep05_SLI_bundle,/Users/shamiraventurini/PycharmProjects/ICL-PILOT/data/generated/test2/reannotated/bundled_synthetic_children/stage2_sli/pair_sli475_td417_rep05_SLI_bundle.cha,data/generated/test2/reannotated/bundled_synthetic_children/stage2_sli/pair_sli475_td417_rep05_SLI_bundle.cha,14,0,14,0,0.0
pair_sli475_td417_rep06_SLI_bundle,/Users/shamiraventurini/PycharmProjects/ICL-PILOT/data/generated/test2/reannotated/bundled_synthetic_children/stage2_sli/pair_sli475_td417_rep06_SLI_bundle.cha,data/generated/test2/reannotated/bundled_synthetic_children/stage2_sli/pair_sli475_td417_rep06_SLI_bundle.cha,19,0,19,0,0.0
pair_sli475_td417_rep07_SLI_bundle,/Users/shamiraventurini/PycharmProjects/ICL-PILOT/data/generated/test2/reannotated/bundled_synthetic_children/stage2_sli/pair_sli475_td417_rep07_SLI_bundle.cha,data/generated/test2/reannotated/bundled_synthetic_children/stage2_sli/pair_sli475_td417_rep07_SLI_bundle.cha,21,0,21,0,0.0
pair_sli475_td417_rep08_SLI_bundle,/Users/shamiraventurini/PycharmProjects/ICL-PILOT/data/generated/test2/reannotated/bundled_synthetic_children/stage2_sli/pair_sli475_td417_rep08_SLI_bundle.cha,data/generated/test2/reannotated/bundled_synthetic_children/stage2_sli/pair_sli475_td417_rep08_SLI_bundle.cha,10,0,10,0,0.0
pair_sli475_td417_rep09_SLI_bundle,/Users/shamiraventurini/PycharmProjects/ICL-PILOT/data/generated/test2/reannotated/bundled_synthetic_children/stage2_sli/pair_sli475_td417_rep09_SLI_bundle.cha,data/generated/test2/reannotated/bundled_synthetic_children/stage2_sli/pair_sli475_td417_rep09_SLI_bundle.cha,20,0,20,0,0.0
pair_sli475_td417_rep10_SLI_bundle,/Users/shamiraventurini/PycharmProjects/ICL-PILOT/data/generated/test2/reannotated/bundled_synthetic_children/stage2_sli/pair_sli475_td417_rep10_SLI_bundle.cha,data/generated/test2/reannotated/bundled_synthetic_children/stage2_sli/pair_sli475_td417_rep10_SLI_bundle.cha,14,0,14,0,0.0
pair_sli476_td460_rep01_SLI_bundle,/Users/shamiraventurini/PycharmProjects/ICL-PILOT/data/generated/test2/reannotated/bundled_synthetic_children/stage2_sli/pair_sli476_td460_rep01_SLI_bundle.cha,data/generated/test2/reannotated/bundled_synthetic_children/stage2_sli/pair_sli476_td460_rep01_SLI_bundle.cha,9,0,9,0,0.0
pair_sli476_td460_rep02_SLI_bundle,/Users/shamiraventurini/PycharmProjects/ICL-PILOT/data/generated/test2/reannotated/bundled_synthetic_children/stage2_sli/pair_sli476_td460_rep02_SLI_bundle.cha,data/generated/test2/reannotated/bundled_synthetic_children/stage2_sli/pair_sli476_td460_rep02_SLI_bundle.cha,13,0,13,2,0.15384615384615385
pair_sli476_td460_rep03_SLI_bundle,/Users/shamiraventurini/PycharmProjects/ICL-PILOT/data/generated/test2/reannotated/bundled_synthetic_children/stage2_sli/pair_sli476_td460_rep03_SLI_bundle.cha,data/generated/test2/reannotated/bundled_synthetic_children/stage2_sli/pair_sli476_td460_rep03_SLI_bundle.cha,11,0,11,0,0.0
pair_sli476_td460_rep04_SLI_bundle,/Users/shamiraventurini/PycharmProjects/ICL-PILOT/data/generated/test2/reannotated/bundled_synthetic_children/stage2_sli/pair_sli476_td460_rep04_SLI_bundle.cha,data/generated/test2/reannotated/bundled_synthetic_children/stage2_sli/pair_sli476_td460_rep04_SLI_bundle.cha,8,3,11,0,0.0
pair_sli476_td460_rep05_SLI_bundle,/Users/shamiraventurini/PycharmProjects/ICL-PILOT/data/generated/test2/reannotated/bundled_synthetic_children/stage2_sli/pair_sli476_td460_rep05_SLI_bundle.cha,data/generated/test2/reannotated/bundled_synthetic_children/stage2_sli/pair_sli476_td460_rep05_SLI_bundle.cha,17,1,18,0,0.0
pair_sli476_td460_rep06_SLI_bundle,/Users/shamiraventurini/PycharmProjects/ICL-PILOT/data/generated/test2/reannotated/bundled_synthetic_children/stage2_sli/pair_sli476_td460_rep06_SLI_bundle.cha,data/generated/test2/reannotated/bundled_synthetic_children/stage2_sli/pair_sli476_td460_rep06_SLI_bundle.cha,27,1,28,2,0.07142857142857142
pair_sli476_td460_rep07_SLI_bundle,/Users/shamiraventurini/PycharmProjects/ICL-PILOT/data/generated/test2/reannotated/bundled_synthetic_children/stage2_sli/pair_sli476_td460_rep07_SLI_bundle.cha,data/generated/test2/reannotated/bundled_synthetic_children/stage2_sli/pair_sli476_td460_rep07_SLI_bundle.cha,22,0,22,0,0.0
pair_sli476_td460_rep08_SLI_bundle,/Users/shamiraventurini/PycharmProjects/ICL-PILOT/data/generated/test2/reannotated/bundled_synthetic_children/stage2_sli/pair_sli476_td460_rep08_SLI_bundle.cha,data/generated/test2/reannotated/bundled_synthetic_children/stage2_sli/pair_sli476_td460_rep08_SLI_bundle.cha,11,1,12,2,0.16666666666666666
pair_sli476_td460_rep09_SLI_bundle,/Users/shamiraventurini/PycharmProjects/ICL-PILOT/data/generated/test2/reannotated/bundled_synthetic_children/stage2_sli/pair_sli476_td460_rep09_SLI_bundle.cha,data/generated/test2/reannotated/bundled_synthetic_children/stage2_sli/pair_sli476_td460_rep09_SLI_bundle.cha,21,0,21,0,0.0
pair_sli476_td460_rep10_SLI_bundle,/Users/shamiraventurini/PycharmProjects/ICL-PILOT/data/generated/test2/reannotated/bundled_synthetic_children/stage2_sli/pair_sli476_td460_rep10_SLI_bundle.cha,data/generated/test2/reannotated/bundled_synthetic_children/stage2_sli/pair_sli476_td460_rep10_SLI_bundle.cha,9,0,9,0,0.0
pair_sli477_td415_rep01_SLI_bundle,/Users/shamiraventurini/PycharmProjects/ICL-PILOT/data/generated/test2/reannotated/bundled_synthetic_children/stage2_sli/pair_sli477_td415_rep01_SLI_bundle.cha,data/generated/test2/reannotated/bundled_synthetic_children/stage2_sli/pair_sli477_td415_rep01_SLI_bundle.cha,4,1,5,0,0.0
pair_sli477_td415_rep02_SLI_bundle,/Users/shamiraventurini/PycharmProjects/ICL-PILOT/data/generated/test2/reannotated/bundled_synthetic_children/stage2_sli/pair_sli477_td415_rep02_SLI_bundle.cha,data/generated/test2/reannotated/bundled_synthetic_children/stage2_sli/pair_sli477_td415_rep02_SLI_bundle.cha,4,1,5,0,0.0
pair_sli477_td415_rep03_SLI_bundle,/Users/shamiraventurini/PycharmProjects/ICL-PILOT/data/generated/test2/reannotated/bundled_synthetic_children/stage2_sli/pair_sli477_td415_rep03_SLI_bundle.cha,data/generated/test2/reannotated/bundled_synthetic_children/stage2_sli/pair_sli477_td415_rep03_SLI_bundle.cha,2,0,2,0,0.0
pair_sli477_td415_rep04_SLI_bundle,/Users/shamiraventurini/PycharmProjects/ICL-PILOT/data/generated/test2/reannotated/bundled_synthetic_children/stage2_sli/pair_sli477_td415_rep04_SLI_bundle.cha,data/generated/test2/reannotated/bundled_synthetic_children/stage2_sli/pair_sli477_td415_rep04_SLI_bundle.cha,3,1,4,0,0.0
pair_sli477_td415_rep05_SLI_bundle,/Users/shamiraventurini/PycharmProjects/ICL-PILOT/data/generated/test2/reannotated/bundled_synthetic_children/stage2_sli/pair_sli477_td415_rep05_SLI_bundle.cha,data/generated/test2/reannotated/bundled_synthetic_children/stage2_sli/pair_sli477_td415_rep05_SLI_bundle.cha,13,0,13,0,0.0
pair_sli477_td415_rep06_SLI_bundle,/Users/shamiraventurini/PycharmProjects/ICL-PILOT/data/generated/test2/reannotated/bundled_synthetic_children/stage2_sli/pair_sli477_td415_rep06_SLI_bundle.cha,data/generated/test2/reannotated/bundled_synthetic_children/stage2_sli/pair_sli477_td415_rep06_SLI_bundle.cha,1,0,1,0,0.0
pair_sli477_td415_rep07_SLI_bundle,/Users/shamiraventurini/PycharmProjects/ICL-PILOT/data/generated/test2/reannotated/bundled_synthetic_children/stage2_sli/pair_sli477_td415_rep07_SLI_bundle.cha,data/generated/test2/reannotated/bundled_synthetic_children/stage2_sli/pair_sli477_td415_rep07_SLI_bundle.cha,5,0,5,0,0.0
pair_sli477_td415_rep08_SLI_bundle,/Users/shamiraventurini/PycharmProjects/ICL-PILOT/data/generated/test2/reannotated/bundled_synthetic_children/stage2_sli/pair_sli477_td415_rep08_SLI_bundle.cha,data/generated/test2/reannotated/bundled_synthetic_children/stage2_sli/pair_sli477_td415_rep08_SLI_bundle.cha,2,0,2,0,0.0
pair_sli477_td415_rep09_SLI_bundle,/Users/shamiraventurini/PycharmProjects/ICL-PILOT/data/generated/test2/reannotated/bundled_synthetic_children/stage2_sli/pair_sli477_td415_rep09_SLI_bundle.cha,data/generated/test2/reannotated/bundled_synthetic_children/stage2_sli/pair_sli477_td415_rep09_SLI_bundle.cha,1,0,1,0,0.0
pair_sli477_td415_rep10_SLI_bundle,/Users/shamiraventurini/PycharmProjects/ICL-PILOT/data/generated/test2/reannotated/bundled_synthetic_children/stage2_sli/pair_sli477_td415_rep10_SLI_bundle.cha,data/generated/test2/reannotated/bundled_synthetic_children/stage2_sli/pair_sli477_td415_rep10_SLI_bundle.cha,1,0,1,0,0.0
pair_sli478_td419_rep01_SLI_bundle,/Users/shamiraventurini/PycharmProjects/ICL-PILOT/data/generated/test2/reannotated/bundled_synthetic_children/stage2_sli/pair_sli478_td419_rep01_SLI_bundle.cha,data/generated/test2/reannotated/bundled_synthetic_children/stage2_sli/pair_sli478_td419_rep01_SLI_bundle.cha,28,0,28,1,0.03571428571428571
pair_sli478_td419_rep02_SLI_bundle,/Users/shamiraventurini/PycharmProjects/ICL-PILOT/data/generated/test2/reannotated/bundled_synthetic_children/stage2_sli/pair_sli478_td419_rep02_SLI_bundle.cha,data/generated/test2/reannotated/bundled_synthetic_children/stage2_sli/pair_sli478_td419_rep02_SLI_bundle.cha,30,0,30,0,0.0
pair_sli478_td419_rep03_SLI_bundle,/Users/shamiraventurini/PycharmProjects/ICL-PILOT/data/generated/test2/reannotated/bundled_synthetic_children/stage2_sli/pair_sli478_td419_rep03_SLI_bundle.cha,data/generated/test2/reannotated/bundled_synthetic_children/stage2_sli/pair_sli478_td419_rep03_SLI_bundle.cha,41,2,43,0,0.0
pair_sli478_td419_rep04_SLI_bundle,/Users/shamiraventurini/PycharmProjects/ICL-PILOT/data/generated/test2/reannotated/bundled_synthetic_children/stage2_sli/pair_sli478_td419_rep04_SLI_bundle.cha,data/generated/test2/reannotated/bundled_synthetic_children/stage2_sli/pair_sli478_td419_rep04_SLI_bundle.cha,19,1,20,2,0.1
pair_sli478_td419_rep05_SLI_bundle,/Users/shamiraventurini/PycharmProjects/ICL-PILOT/data/generated/test2/reannotated/bundled_synthetic_children/stage2_sli/pair_sli478_td419_rep05_SLI_bundle.cha,data/generated/test2/reannotated/bundled_synthetic_children/stage2_sli/pair_sli478_td419_rep05_SLI_bundle.cha,28,0,28,0,0.0
pair_sli478_td419_rep06_SLI_bundle,/Users/shamiraventurini/PycharmProjects/ICL-PILOT/data/generated/test2/reannotated/bundled_synthetic_children/stage2_sli/pair_sli478_td419_rep06_SLI_bundle.cha,data/generated/test2/reannotated/bundled_synthetic_children/stage2_sli/pair_sli478_td419_rep06_SLI_bundle.cha,39,0,39,0,0.0
pair_sli478_td419_rep07_SLI_bundle,/Users/shamiraventurini/PycharmProjects/ICL-PILOT/data/generated/test2/reannotated/bundled_synthetic_children/stage2_sli/pair_sli478_td419_rep07_SLI_bundle.cha,data/generated/test2/reannotated/bundled_synthetic_children/stage2_sli/pair_sli478_td419_rep07_SLI_bundle.cha,40,0,40,1,0.025
pair_sli478_td419_rep08_SLI_bundle,/Users/shamiraventurini/PycharmProjects/ICL-PILOT/data/generated/test2/reannotated/bundled_synthetic_children/stage2_sli/pair_sli478_td419_rep08_SLI_bundle.cha,data/generated/test2/reannotated/bundled_synthetic_children/stage2_sli/pair_sli478_td419_rep08_SLI_bundle.cha,18,0,18,1,0.05555555555555555
pair_sli478_td419_rep09_SLI_bundle,/Users/shamiraventurini/PycharmProjects/ICL-PILOT/data/generated/test2/reannotated/bundled_synthetic_children/stage2_sli/pair_sli478_td419_rep09_SLI_bundle.cha,data/generated/test2/reannotated/bundled_synthetic_children/stage2_sli/pair_sli478_td419_rep09_SLI_bundle.cha,41,0,41,1,0.024390243902439025
pair_sli478_td419_rep10_SLI_bundle,/Users/shamiraventurini/PycharmProjects/ICL-PILOT/data/generated/test2/reannotated/bundled_synthetic_children/stage2_sli/pair_sli478_td419_rep10_SLI_bundle.cha,data/generated/test2/reannotated/bundled_synthetic_children/stage2_sli/pair_sli478_td419_rep10_SLI_bundle.cha,23,0,23,0,0.0
pair_sli479_td471_rep01_SLI_bundle,/Users/shamiraventurini/PycharmProjects/ICL-PILOT/data/generated/test2/reannotated/bundled_synthetic_children/stage2_sli/pair_sli479_td471_rep01_SLI_bundle.cha,data/generated/test2/reannotated/bundled_synthetic_children/stage2_sli/pair_sli479_td471_rep01_SLI_bundle.cha,48,0,48,0,0.0
pair_sli479_td471_rep02_SLI_bundle,/Users/shamiraventurini/PycharmProjects/ICL-PILOT/data/generated/test2/reannotated/bundled_synthetic_children/stage2_sli/pair_sli479_td471_rep02_SLI_bundle.cha,data/generated/test2/reannotated/bundled_synthetic_children/stage2_sli/pair_sli479_td471_rep02_SLI_bundle.cha,24,0,24,0,0.0
pair_sli479_td471_rep03_SLI_bundle,/Users/shamiraventurini/PycharmProjects/ICL-PILOT/data/generated/test2/reannotated/bundled_synthetic_children/stage2_sli/pair_sli479_td471_rep03_SLI_bundle.cha,data/generated/test2/reannotated/bundled_synthetic_children/stage2_sli/pair_sli479_td471_rep03_SLI_bundle.cha,48,1,49,0,0.0
pair_sli479_td471_rep04_SLI_bundle,/Users/shamiraventurini/PycharmProjects/ICL-PILOT/data/generated/test2/reannotated/bundled_synthetic_children/stage2_sli/pair_sli479_td471_rep04_SLI_bundle.cha,data/generated/test2/reannotated/bundled_synthetic_children/stage2_sli/pair_sli479_td471_rep04_SLI_bundle.cha,29,1,30,2,0.06666666666666667
pair_sli479_td471_rep05_SLI_bundle,/Users/shamiraventurini/PycharmProjects/ICL-PILOT/data/generated/test2/reannotated/bundled_synthetic_children/stage2_sli/pair_sli479_td471_rep05_SLI_bundle.cha,data/generated/test2/reannotated/bundled_synthetic_children/stage2_sli/pair_sli479_td471_rep05_SLI_bundle.cha,37,1,38,0,0.0
pair_sli479_td471_rep06_SLI_bundle,/Users/shamiraventurini/PycharmProjects/ICL-PILOT/data/generated/test2/reannotated/bundled_synthetic_children/stage2_sli/pair_sli479_td471_rep06_SLI_bundle.cha,data/generated/test2/reannotated/bundled_synthetic_children/stage2_sli/pair_sli479_td471_rep06_SLI_bundle.cha,24,3,27,0,0.0
pair_sli479_td471_rep07_SLI_bundle,/Users/shamiraventurini/PycharmProjects/ICL-PILOT/data/generated/test2/reannotated/bundled_synthetic_children/stage2_sli/pair_sli479_td471_rep07_SLI_bundle.cha,data/generated/test2/reannotated/bundled_synthetic_children/stage2_sli/pair_sli479_td471_rep07_SLI_bundle.cha,43,3,46,0,0.0
pair_sli479_td471_rep08_SLI_bundle,/Users/shamiraventurini/PycharmProjects/ICL-PILOT/data/generated/test2/reannotated/bundled_synthetic_children/stage2_sli/pair_sli479_td471_rep08_SLI_bundle.cha,data/generated/test2/reannotated/bundled_synthetic_children/stage2_sli/pair_sli479_td471_rep08_SLI_bundle.cha,28,1,29,2,0.06896551724137931
pair_sli479_td471_rep09_SLI_bundle,/Users/shamiraventurini/PycharmProjects/ICL-PILOT/data/generated/test2/reannotated/bundled_synthetic_children/stage2_sli/pair_sli479_td471_rep09_SLI_bundle.cha,data/generated/test2/reannotated/bundled_synthetic_children/stage2_sli/pair_sli479_td471_rep09_SLI_bundle.cha,38,0,38,0,0.0
pair_sli479_td471_rep10_SLI_bundle,/Users/shamiraventurini/PycharmProjects/ICL-PILOT/data/generated/test2/reannotated/bundled_synthetic_children/stage2_sli/pair_sli479_td471_rep10_SLI_bundle.cha,data/generated/test2/reannotated/bundled_synthetic_children/stage2_sli/pair_sli479_td471_rep10_SLI_bundle.cha,33,0,33,2,0.06060606060606061
pair_sli480_td450_rep01_SLI_bundle,/Users/shamiraventurini/PycharmProjects/ICL-PILOT/data/generated/test2/reannotated/bundled_synthetic_children/stage2_sli/pair_sli480_td450_rep01_SLI_bundle.cha,data/generated/test2/reannotated/bundled_synthetic_children/stage2_sli/pair_sli480_td450_rep01_SLI_bundle.cha,8,0,8,0,0.0
pair_sli480_td450_rep02_SLI_bundle,/Users/shamiraventurini/PycharmProjects/ICL-PILOT/data/generated/test2/reannotated/bundled_synthetic_children/stage2_sli/pair_sli480_td450_rep02_SLI_bundle.cha,data/generated/test2/reannotated/bundled_synthetic_children/stage2_sli/pair_sli480_td450_rep02_SLI_bundle.cha,11,4,15,0,0.0
pair_sli480_td450_rep03_SLI_bundle,/Users/shamiraventurini/PycharmProjects/ICL-PILOT/data/generated/test2/reannotated/bundled_synthetic_children/stage2_sli/pair_sli480_td450_rep03_SLI_bundle.cha,data/generated/test2/reannotated/bundled_synthetic_children/stage2_sli/pair_sli480_td450_rep03_SLI_bundle.cha,4,0,4,0,0.0
pair_sli480_td450_rep04_SLI_bundle,/Users/shamiraventurini/PycharmProjects/ICL-PILOT/data/generated/test2/reannotated/bundled_synthetic_children/stage2_sli/pair_sli480_td450_rep04_SLI_bundle.cha,data/generated/test2/reannotated/bundled_synthetic_children/stage2_sli/pair_sli480_td450_rep04_SLI_bundle.cha,15,1,16,0,0.0
pair_sli480_td450_rep05_SLI_bundle,/Users/shamiraventurini/PycharmProjects/ICL-PILOT/data/generated/test2/reannotated/bundled_synthetic_children/stage2_sli/pair_sli480_td450_rep05_SLI_bundle.cha,data/generated/test2/reannotated/bundled_synthetic_children/stage2_sli/pair_sli480_td450_rep05_SLI_bundle.cha,13,3,16,1,0.0625
pair_sli480_td450_rep06_SLI_bundle,/Users/shamiraventurini/PycharmProjects/ICL-PILOT/data/generated/test2/reannotated/bundled_synthetic_children/stage2_sli/pair_sli480_td450_rep06_SLI_bundle.cha,data/generated/test2/reannotated/bundled_synthetic_children/stage2_sli/pair_sli480_td450_rep06_SLI_bundle.cha,6,2,8,0,0.0
pair_sli480_td450_rep07_SLI_bundle,/Users/shamiraventurini/PycharmProjects/ICL-PILOT/data/generated/test2/reannotated/bundled_synthetic_children/stage2_sli/pair_sli480_td450_rep07_SLI_bundle.cha,data/generated/test2/reannotated/bundled_synthetic_children/stage2_sli/pair_sli480_td450_rep07_SLI_bundle.cha,3,0,3,0,0.0
pair_sli480_td450_rep08_SLI_bundle,/Users/shamiraventurini/PycharmProjects/ICL-PILOT/data/generated/test2/reannotated/bundled_synthetic_children/stage2_sli/pair_sli480_td450_rep08_SLI_bundle.cha,data/generated/test2/reannotated/bundled_synthetic_children/stage2_sli/pair_sli480_td450_rep08_SLI_bundle.cha,11,2,13,0,0.0
pair_sli480_td450_rep09_SLI_bundle,/Users/shamiraventurini/PycharmProjects/ICL-PILOT/data/generated/test2/reannotated/bundled_synthetic_children/stage2_sli/pair_sli480_td450_rep09_SLI_bundle.cha,data/generated/test2/reannotated/bundled_synthetic_children/stage2_sli/pair_sli480_td450_rep09_SLI_bundle.cha,11,0,11,0,0.0
pair_sli480_td450_rep10_SLI_bundle,/Users/shamiraventurini/PycharmProjects/ICL-PILOT/data/generated/test2/reannotated/bundled_synthetic_children/stage2_sli/pair_sli480_td450_rep10_SLI_bundle.cha,data/generated/test2/reannotated/bundled_synthetic_children/stage2_sli/pair_sli480_td450_rep10_SLI_bundle.cha,6,4,10,0,0.0
pair_sli482_td466_rep01_SLI_bundle,/Users/shamiraventurini/PycharmProjects/ICL-PILOT/data/generated/test2/reannotated/bundled_synthetic_children/stage2_sli/pair_sli482_td466_rep01_SLI_bundle.cha,data/generated/test2/reannotated/bundled_synthetic_children/stage2_sli/pair_sli482_td466_rep01_SLI_bundle.cha,27,0,27,0,0.0
pair_sli482_td466_rep02_SLI_bundle,/Users/shamiraventurini/PycharmProjects/ICL-PILOT/data/generated/test2/reannotated/bundled_synthetic_children/stage2_sli/pair_sli482_td466_rep02_SLI_bundle.cha,data/generated/test2/reannotated/bundled_synthetic_children/stage2_sli/pair_sli482_td466_rep02_SLI_bundle.cha,5,0,5,0,0.0
pair_sli482_td466_rep03_SLI_bundle,/Users/shamiraventurini/PycharmProjects/ICL-PILOT/data/generated/test2/reannotated/bundled_synthetic_children/stage2_sli/pair_sli482_td466_rep03_SLI_bundle.cha,data/generated/test2/reannotated/bundled_synthetic_children/stage2_sli/pair_sli482_td466_rep03_SLI_bundle.cha,18,2,20,0,0.0
pair_sli482_td466_rep04_SLI_bundle,/Users/shamiraventurini/PycharmProjects/ICL-PILOT/data/generated/test2/reannotated/bundled_synthetic_children/stage2_sli/pair_sli482_td466_rep04_SLI_bundle.cha,data/generated/test2/reannotated/bundled_synthetic_children/stage2_sli/pair_sli482_td466_rep04_SLI_bundle.cha,4,0,4,0,0.0
pair_sli482_td466_rep05_SLI_bundle,/Users/shamiraventurini/PycharmProjects/ICL-PILOT/data/generated/test2/reannotated/bundled_synthetic_children/stage2_sli/pair_sli482_td466_rep05_SLI_bundle.cha,data/generated/test2/reannotated/bundled_synthetic_children/stage2_sli/pair_sli482_td466_rep05_SLI_bundle.cha,8,0,8,0,0.0
pair_sli482_td466_rep06_SLI_bundle,/Users/shamiraventurini/PycharmProjects/ICL-PILOT/data/generated/test2/reannotated/bundled_synthetic_children/stage2_sli/pair_sli482_td466_rep06_SLI_bundle.cha,data/generated/test2/reannotated/bundled_synthetic_children/stage2_sli/pair_sli482_td466_rep06_SLI_bundle.cha,8,1,9,1,0.1111111111111111
pair_sli482_td466_rep07_SLI_bundle,/Users/shamiraventurini/PycharmProjects/ICL-PILOT/data/generated/test2/reannotated/bundled_synthetic_children/stage2_sli/pair_sli482_td466_rep07_SLI_bundle.cha,data/generated/test2/reannotated/bundled_synthetic_children/stage2_sli/pair_sli482_td466_rep07_SLI_bundle.cha,7,1,8,0,0.0
pair_sli482_td466_rep08_SLI_bundle,/Users/shamiraventurini/PycharmProjects/ICL-PILOT/data/generated/test2/reannotated/bundled_synthetic_children/stage2_sli/pair_sli482_td466_rep08_SLI_bundle.cha,data/generated/test2/reannotated/bundled_synthetic_children/stage2_sli/pair_sli482_td466_rep08_SLI_bundle.cha,5,2,7,0,0.0
pair_sli482_td466_rep09_SLI_bundle,/Users/shamiraventurini/PycharmProjects/ICL-PILOT/data/generated/test2/reannotated/bundled_synthetic_children/stage2_sli/pair_sli482_td466_rep09_SLI_bundle.cha,data/generated/test2/reannotated/bundled_synthetic_children/stage2_sli/pair_sli482_td466_rep09_SLI_bundle.cha,12,1,13,0,0.0
pair_sli482_td466_rep10_SLI_bundle,/Users/shamiraventurini/PycharmProjects/ICL-PILOT/data/generated/test2/reannotated/bundled_synthetic_children/stage2_sli/pair_sli482_td466_rep10_SLI_bundle.cha,data/generated/test2/reannotated/bundled_synthetic_children/stage2_sli/pair_sli482_td466_rep10_SLI_bundle.cha,9,0,9,0,0.0
