File,Language,Corpus,Code,Age(Month),Sex,Group,Race,SES,Role,Education,Custom_field,Design,Activity,Group_2,Total_Utts,MLU_Utts,MLU_Words,MLU_Morphemes,MLU50_Utts,MLU50_Words,MLU50_Morphemes,FREQ_types,FREQ_tokens,NDW_100,VOCD_D_optimum_average,Verbs_Utt,TD_Words,TD_Utts,TD_Time_(secs),TD_Words_Time,TD_Utts_Time,Word_Errors,Utt_Errors,retracing,repetition,DSS_Utts,DSS,mor_Words,*-PRESP,in,on,*-PL,*-POSS,u-cop,det:art,*-PAST,*-S3,irr-S3,u-aux,c-cop,c-aux,Total_non_zero_mors
stage1_td/pair_sli413_td439_rep01_TD_bundle.cha,eng,ICL-PILOT,CHI,59,.,TD,.,.,Target_Child,.,.,cross,narrative,generated,55,55,7.055,8.4,50,7.120,8.400,136,392,46,44.49,1.291,439,64,0,NA,NA,1,0,0,0,50,9.12,392,4,1,5,7,1,11,65,61,1,4,4,0,1,12
stage1_td/pair_sli413_td439_rep02_TD_bundle.cha,eng,ICL-PILOT,CHI,59,.,TD,.,.,Target_Child,.,.,cross,narrative,generated,72,72,5.944,7.111,50,5.720,6.880,143,436,43,51.11,1.181,440,76,0,NA,NA,1,0,0,0,50,8.60,436,5,3,5,7,1,10,57,65,2,3,6,5,0,12
stage1_td/pair_sli413_td439_rep03_TD_bundle.cha,eng,ICL-PILOT,CHI,59,.,TD,.,.,Target_Child,.,.,cross,narrative,generated,55,55,6.636,8.145,50,6.560,8.040,135,368,55,41.16,1.182,396,61,0,NA,NA,2,0,0,0,47,NA,368,11,1,4,11,1,13,64,61,0,3,2,0,0,10
stage1_td/pair_sli413_td439_rep04_TD_bundle.cha,eng,ICL-PILOT,CHI,59,.,TD,.,.,Target_Child,.,.,cross,narrative,generated,69,69,5.855,7.072,50,6.320,7.480,151,417,43,46.39,1.072,405,70,0,NA,NA,0,0,0,1,50,9.50,417,8,3,2,9,0,16,52,59,1,5,7,7,1,12
stage1_td/pair_sli413_td439_rep05_TD_bundle.cha,eng,ICL-PILOT,CHI,59,.,TD,.,.,Target_Child,.,.,cross,narrative,generated,67,67,5.851,6.836,50,5.940,6.980,138,397,43,42.21,1.06,440,76,0,NA,NA,2,0,0,0,50,7.10,397,5,1,3,7,0,11,70,51,9,4,5,0,2,11
stage1_td/pair_sli413_td439_rep06_TD_bundle.cha,eng,ICL-PILOT,CHI,59,.,TD,.,.,Target_Child,.,.,cross,narrative,generated,53,53,7.472,8.887,50,7.500,8.860,141,402,55,48.22,1.453,465,69,0,NA,NA,0,0,0,0,48,NA,402,4,4,3,9,0,8,61,61,1,3,5,0,1,11
stage1_td/pair_sli413_td439_rep07_TD_bundle.cha,eng,ICL-PILOT,CHI,59,.,TD,.,.,Target_Child,.,.,cross,narrative,generated,67,67,6.313,7.537,50,5.840,6.940,150,431,53,51.99,1.179,465,74,0,NA,NA,1,0,0,1,50,8.20,431,3,1,3,7,1,6,60,66,1,3,4,3,0,12
stage1_td/pair_sli413_td439_rep08_TD_bundle.cha,eng,ICL-PILOT,CHI,59,.,TD,.,.,Target_Child,.,.,cross,narrative,generated,72,72,5.847,6.958,50,5.860,6.940,144,434,43,45.01,1.083,432,81,0,NA,NA,0,0,0,0,50,7.98,434,13,2,3,6,3,21,61,54,2,5,3,3,2,13
stage1_td/pair_sli413_td439_rep09_TD_bundle.cha,eng,ICL-PILOT,CHI,59,.,TD,.,.,Target_Child,.,.,cross,narrative,generated,73,73,6.342,7.616,50,6.080,7.240,158,470,50,49.21,1.096,468,75,0,NA,NA,2,0,0,0,50,7.98,470,5,1,3,11,2,13,62,73,0,1,5,2,0,11
stage1_td/pair_sli413_td439_rep10_TD_bundle.cha,eng,ICL-PILOT,CHI,59,.,TD,.,.,Target_Child,.,.,cross,narrative,generated,83,83,5.482,6.398,50,5.540,6.520,152,458,56,49.74,0.904,466,85,0,NA,NA,15,0,0,3,50,7.64,458,3,3,3,10,0,19,55,61,10,2,5,0,0,10
stage1_td/pair_sli427_td406_rep01_TD_bundle.cha,eng,ICL-PILOT,CHI,56,.,TD,.,.,Target_Child,.,.,cross,narrative,generated,70,70,5.529,6.114,50,5.800,6.240,143,396,59,59.67,1.043,387,70,0,NA,NA,21,0,0,0,50,6.78,396,2,3,3,10,5,9,38,23,20,1,3,2,0,12
stage1_td/pair_sli427_td406_rep02_TD_bundle.cha,eng,ICL-PILOT,CHI,56,.,TD,.,.,Target_Child,.,.,cross,narrative,generated,59,59,8.475,9.593,50,7.920,9.080,150,504,51,45.95,1.525,500,59,0,NA,NA,2,0,0,0,50,10.28,504,6,4,5,8,0,19,62,51,19,2,2,1,0,11
stage1_td/pair_sli427_td406_rep03_TD_bundle.cha,eng,ICL-PILOT,CHI,56,.,TD,.,.,Target_Child,.,.,cross,narrative,generated,81,81,5.136,6.0,50,5.220,5.900,148,422,58,58.13,0.889,431,85,0,NA,NA,11,0,0,2,50,6.96,422,4,4,7,7,1,15,38,53,4,0,6,3,0,11
stage1_td/pair_sli427_td406_rep04_TD_bundle.cha,eng,ICL-PILOT,CHI,56,.,TD,.,.,Target_Child,.,.,cross,narrative,generated,63,63,5.365,6.397,50,5.380,6.380,125,341,56,45.37,1.095,389,75,0,NA,NA,4,0,0,0,50,7.84,341,5,1,3,9,0,10,41,50,4,2,1,2,0,11
stage1_td/pair_sli427_td406_rep05_TD_bundle.cha,eng,ICL-PILOT,CHI,56,.,TD,.,.,Target_Child,.,.,cross,narrative,generated,82,82,5.012,5.61,50,5.060,5.840,139,416,60,51.39,0.878,425,86,0,NA,NA,13,0,0,2,50,8.02,416,2,4,5,7,2,8,47,37,14,2,5,1,0,12
stage1_td/pair_sli427_td406_rep06_TD_bundle.cha,eng,ICL-PILOT,CHI,56,.,TD,.,.,Target_Child,.,.,cross,narrative,generated,78,78,5.538,6.679,50,5.700,6.940,133,437,52,49.5,1.013,446,81,0,NA,NA,3,0,0,0,50,6.88,437,10,1,2,9,0,20,50,68,3,1,1,4,0,11
stage1_td/pair_sli427_td406_rep07_TD_bundle.cha,eng,ICL-PILOT,CHI,56,.,TD,.,.,Target_Child,.,.,cross,narrative,generated,74,74,5.432,6.122,50,5.600,6.300,152,411,50,56.22,0.946,402,74,0,NA,NA,10,0,0,0,50,6.80,411,5,8,2,9,1,14,39,31,13,0,4,5,0,11
stage1_td/pair_sli427_td406_rep08_TD_bundle.cha,eng,ICL-PILOT,CHI,56,.,TD,.,.,Target_Child,.,.,cross,narrative,generated,66,66,7.606,9.258,50,8.060,9.820,150,512,48,46.35,1.439,512,69,0,NA,NA,7,0,0,0,50,9.90,512,11,1,4,15,0,26,59,78,6,2,6,3,1,12
stage1_td/pair_sli427_td406_rep09_TD_bundle.cha,eng,ICL-PILOT,CHI,56,.,TD,.,.,Target_Child,.,.,cross,narrative,generated,64,64,6.0,7.0,50,5.980,6.880,144,392,48,54.82,1.031,432,72,0,NA,NA,14,0,0,5,50,7.40,392,7,3,5,12,0,11,33,42,0,0,2,4,1,10
stage1_td/pair_sli427_td406_rep10_TD_bundle.cha,eng,ICL-PILOT,CHI,56,.,TD,.,.,Target_Child,.,.,cross,narrative,generated,64,64,6.031,7.344,50,5.640,6.760,142,392,58,59.79,1.156,390,64,0,NA,NA,18,0,0,4,50,6.58,392,7,2,5,16,2,14,32,56,1,1,5,2,0,12
stage1_td/pair_sli444_td410_rep01_TD_bundle.cha,eng,ICL-PILOT,CHI,50,.,TD,.,.,Target_Child,.,.,cross,narrative,generated,66,66,5.273,5.5,50,5.480,5.660,126,356,45,45.52,1.0,381,73,0,NA,NA,2,0,0,0,50,5.70,356,3,2,4,9,1,8,51,0,32,3,3,4,0,11
stage1_td/pair_sli444_td410_rep02_TD_bundle.cha,eng,ICL-PILOT,CHI,50,.,TD,.,.,Target_Child,.,.,cross,narrative,generated,59,59,5.797,6.898,50,5.420,6.340,116,366,48,32.14,1.068,361,64,0,NA,NA,4,0,0,1,50,8.54,366,16,3,4,7,4,10,48,25,10,4,2,14,1,13
stage1_td/pair_sli444_td410_rep03_TD_bundle.cha,eng,ICL-PILOT,CHI,50,.,TD,.,.,Target_Child,.,.,cross,narrative,generated,59,59,5.593,6.525,50,5.600,6.600,122,335,55,46.92,1.017,360,65,0,NA,NA,8,0,0,1,50,7.04,335,10,2,4,10,0,10,46,32,5,1,0,4,1,11
stage1_td/pair_sli444_td410_rep04_TD_bundle.cha,eng,ICL-PILOT,CHI,50,.,TD,.,.,Target_Child,.,.,cross,narrative,generated,77,77,5.455,6.39,50,5.040,5.880,134,445,43,33.36,0.883,420,77,0,NA,NA,8,0,0,0,50,7.50,445,20,4,7,13,6,19,73,21,9,6,5,11,1,13
stage1_td/pair_sli444_td410_rep05_TD_bundle.cha,eng,ICL-PILOT,CHI,50,.,TD,.,.,Target_Child,.,.,cross,narrative,generated,47,47,5.617,6.277,47,NA,NA,97,270,46,33.29,0.936,324,59,0,NA,NA,1,0,0,0,43,NA,270,1,4,6,4,0,6,40,21,13,1,0,5,0,10
stage1_td/pair_sli444_td410_rep06_TD_bundle.cha,eng,ICL-PILOT,CHI,50,.,TD,.,.,Target_Child,.,.,cross,narrative,generated,73,73,5.74,6.603,50,6.180,7.180,128,448,45,35.1,1.041,419,73,0,NA,NA,3,0,0,0,50,6.82,448,6,7,2,7,6,9,67,26,15,4,3,16,0,12
stage1_td/pair_sli444_td410_rep07_TD_bundle.cha,eng,ICL-PILOT,CHI,50,.,TD,.,.,Target_Child,.,.,cross,narrative,generated,75,75,5.067,5.893,50,4.840,5.620,126,395,45,33.73,0.987,381,75,0,NA,NA,3,0,0,1,50,7.24,395,14,4,5,8,2,13,60,28,21,1,1,12,0,12
stage1_td/pair_sli444_td410_rep08_TD_bundle.cha,eng,ICL-PILOT,CHI,50,.,TD,.,.,Target_Child,.,.,cross,narrative,generated,71,71,5.211,6.155,50,5.440,6.380,116,405,41,26.71,0.915,370,71,0,NA,NA,14,0,0,0,50,7.72,405,14,5,3,10,8,11,56,18,11,7,0,20,0,11
stage1_td/pair_sli444_td410_rep09_TD_bundle.cha,eng,ICL-PILOT,CHI,50,.,TD,.,.,Target_Child,.,.,cross,narrative,generated,76,76,4.474,5.132,50,4.880,5.680,123,354,45,38.44,0.776,364,82,0,NA,NA,8,0,0,0,50,6.44,354,7,4,2,8,1,12,50,23,20,3,1,11,0,12
stage1_td/pair_sli444_td410_rep10_TD_bundle.cha,eng,ICL-PILOT,CHI,50,.,TD,.,.,Target_Child,.,.,cross,narrative,generated,57,57,5.702,6.333,50,5.720,6.360,116,342,47,30.98,1.123,342,63,0,NA,NA,6,0,0,0,50,7.78,342,8,4,3,6,2,8,50,10,16,5,3,8,0,12
stage1_td/pair_sli474_td459_rep01_TD_bundle.cha,eng,ICL-PILOT,CHI,0,.,TD,.,.,Target_Child,.,.,cross,narrative,generated,58,58,7.828,9.241,50,7.360,8.660,139,456,45,43.02,1.552,454,58,0,NA,NA,4,0,0,0,50,9.92,456,8,2,3,11,0,9,59,67,1,1,8,0,0,10
stage1_td/pair_sli474_td459_rep02_TD_bundle.cha,eng,ICL-PILOT,CHI,0,.,TD,.,.,Target_Child,.,.,cross,narrative,generated,54,54,7.259,8.796,50,7.180,8.680,138,395,55,44.1,1.167,417,58,0,NA,NA,1,0,0,0,46,NA,395,7,0,3,16,1,15,60,59,0,0,4,0,0,8
stage1_td/pair_sli474_td459_rep03_TD_bundle.cha,eng,ICL-PILOT,CHI,0,.,TD,.,.,Target_Child,.,.,cross,narrative,generated,63,63,7.317,8.81,50,7.360,8.900,151,467,50,40.8,1.317,461,63,0,NA,NA,5,0,0,0,50,10.62,467,4,1,4,14,0,12,56,72,1,3,4,3,0,11
stage1_td/pair_sli474_td459_rep04_TD_bundle.cha,eng,ICL-PILOT,CHI,0,.,TD,.,.,Target_Child,.,.,cross,narrative,generated,59,59,7.119,8.593,50,6.920,8.280,150,423,56,53.5,1.254,420,59,0,NA,NA,1,0,0,0,50,9.66,423,5,5,3,14,0,11,53,67,0,3,3,1,0,10
stage1_td/pair_sli474_td459_rep05_TD_bundle.cha,eng,ICL-PILOT,CHI,0,.,TD,.,.,Target_Child,.,.,cross,narrative,generated,52,52,7.442,8.731,50,7.540,8.840,123,387,48,34.73,1.154,453,62,0,NA,NA,6,0,0,0,48,NA,387,6,2,4,6,0,14,70,56,2,2,0,0,0,9
stage1_td/pair_sli474_td459_rep06_TD_bundle.cha,eng,ICL-PILOT,CHI,0,.,TD,.,.,Target_Child,.,.,cross,narrative,generated,52,52,6.962,8.404,50,6.920,8.320,133,364,58,46.81,1.231,396,58,0,NA,NA,0,0,0,0,45,NA,364,5,2,2,10,0,9,52,61,0,2,2,0,0,9
stage1_td/pair_sli474_td459_rep07_TD_bundle.cha,eng,ICL-PILOT,CHI,0,.,TD,.,.,Target_Child,.,.,cross,narrative,generated,53,53,8.264,9.925,50,8.360,10.060,150,439,56,46.99,1.434,438,53,0,NA,NA,3,0,0,0,50,10.70,439,9,2,1,11,0,19,60,70,2,2,3,0,0,10
stage1_td/pair_sli474_td459_rep08_TD_bundle.cha,eng,ICL-PILOT,CHI,0,.,TD,.,.,Target_Child,.,.,cross,narrative,generated,62,62,6.935,8.161,50,6.700,7.760,143,432,47,37.88,1.194,438,64,0,NA,NA,1,0,0,0,50,6.96,432,10,4,1,11,0,20,72,55,5,2,3,0,0,10
stage1_td/pair_sli474_td459_rep09_TD_bundle.cha,eng,ICL-PILOT,CHI,0,.,TD,.,.,Target_Child,.,.,cross,narrative,generated,61,61,7.148,8.656,50,7.540,9.080,140,439,53,44.34,1.295,466,66,0,NA,NA,0,0,0,2,50,8.56,439,5,3,3,11,0,10,67,74,0,3,2,1,0,10
stage1_td/pair_sli474_td459_rep10_TD_bundle.cha,eng,ICL-PILOT,CHI,0,.,TD,.,.,Target_Child,.,.,cross,narrative,generated,62,62,6.71,7.903,50,7.000,8.220,143,419,56,49.33,1.242,416,62,0,NA,NA,2,0,0,0,50,8.14,419,4,4,2,8,0,9,62,62,8,1,3,0,1,11
stage1_td/pair_sli475_td417_rep01_TD_bundle.cha,eng,ICL-PILOT,CHI,0,.,TD,.,.,Target_Child,.,.,cross,narrative,generated,66,66,7.47,8.818,50,6.780,8.000,158,498,54,34.78,1.197,511,69,0,NA,NA,2,0,0,0,50,8.32,498,11,5,2,9,1,24,82,66,8,4,5,1,1,13
stage1_td/pair_sli475_td417_rep02_TD_bundle.cha,eng,ICL-PILOT,CHI,0,.,TD,.,.,Target_Child,.,.,cross,narrative,generated,64,64,6.719,8.125,50,6.580,7.900,145,436,50,42.52,1.156,430,64,0,NA,NA,1,0,0,0,50,8.26,436,11,3,3,7,1,19,66,70,1,3,5,2,0,12
stage1_td/pair_sli475_td417_rep03_TD_bundle.cha,eng,ICL-PILOT,CHI,0,.,TD,.,.,Target_Child,.,.,cross,narrative,generated,75,75,6.893,8.413,50,6.240,7.720,136,533,53,25.52,1.053,541,77,0,NA,NA,8,0,0,5,50,8.34,533,16,3,4,12,4,29,83,72,0,5,6,8,0,11
stage1_td/pair_sli475_td417_rep04_TD_bundle.cha,eng,ICL-PILOT,CHI,0,.,TD,.,.,Target_Child,.,.,cross,narrative,generated,71,71,6.338,7.451,50,6.440,7.600,142,464,52,43.37,1.211,451,71,0,NA,NA,0,0,0,1,50,8.40,464,9,0,5,11,1,13,60,47,12,1,9,6,0,11
stage1_td/pair_sli475_td417_rep05_TD_bundle.cha,eng,ICL-PILOT,CHI,0,.,TD,.,.,Target_Child,.,.,cross,narrative,generated,56,56,8.071,9.696,50,7.640,9.120,131,456,49,28.83,1.268,532,67,0,NA,NA,1,0,0,0,50,9.48,456,14,2,3,9,2,28,79,64,2,3,0,2,0,11
stage1_td/pair_sli475_td417_rep06_TD_bundle.cha,eng,ICL-PILOT,CHI,0,.,TD,.,.,Target_Child,.,.,cross,narrative,generated,61,61,6.164,7.295,50,6.080,7.060,127,382,48,46.65,1.164,393,64,0,NA,NA,2,0,0,1,50,7.08,382,8,4,4,10,2,17,48,46,8,2,3,2,0,12
stage1_td/pair_sli475_td417_rep07_TD_bundle.cha,eng,ICL-PILOT,CHI,0,.,TD,.,.,Target_Child,.,.,cross,narrative,generated,64,64,7.359,8.75,50,6.920,8.240,135,475,52,29.83,1.016,505,70,0,NA,NA,2,0,0,0,50,8.94,475,8,2,5,7,2,23,82,72,0,4,1,1,0,11
stage1_td/pair_sli475_td417_rep08_TD_bundle.cha,eng,ICL-PILOT,CHI,0,.,TD,.,.,Target_Child,.,.,cross,narrative,generated,73,73,6.548,7.945,50,7.520,9.120,148,490,52,47.06,1.329,522,82,0,NA,NA,1,0,0,0,50,11.38,490,7,3,4,10,1,11,60,76,1,3,11,4,0,12
stage1_td/pair_sli475_td417_rep09_TD_bundle.cha,eng,ICL-PILOT,CHI,0,.,TD,.,.,Target_Child,.,.,cross,narrative,generated,66,66,7.712,9.212,50,7.780,9.220,141,513,55,30.84,1.136,509,66,0,NA,NA,1,0,0,0,50,10.14,513,10,3,5,15,0,22,83,74,0,4,2,2,0,10
stage1_td/pair_sli475_td417_rep10_TD_bundle.cha,eng,ICL-PILOT,CHI,0,.,TD,.,.,Target_Child,.,.,cross,narrative,generated,58,58,7.086,8.655,50,6.720,8.140,140,415,58,46.45,1.345,447,67,0,NA,NA,1,0,0,0,50,9.08,415,7,5,5,11,0,18,49,70,2,0,3,2,0,10
stage1_td/pair_sli476_td460_rep01_TD_bundle.cha,eng,ICL-PILOT,CHI,57,.,TD,.,.,Target_Child,.,.,cross,narrative,generated,62,62,5.565,6.71,50,5.780,6.740,128,376,48,34.63,1.032,351,62,0,NA,NA,0,0,0,6,50,7.00,376,22,5,2,12,3,14,53,13,17,6,1,21,0,12
stage1_td/pair_sli476_td460_rep02_TD_bundle.cha,eng,ICL-PILOT,CHI,57,.,TD,.,.,Target_Child,.,.,cross,narrative,generated,75,75,4.733,5.52,50,5.080,5.920,124,379,52,37.23,0.96,355,75,0,NA,NA,1,0,0,0,50,6.44,379,15,3,4,12,1,11,49,11,21,3,3,19,0,12
stage1_td/pair_sli476_td460_rep03_TD_bundle.cha,eng,ICL-PILOT,CHI,57,.,TD,.,.,Target_Child,.,.,cross,narrative,generated,56,56,5.107,6.375,50,4.660,5.840,95,319,51,26.34,1.054,289,56,0,NA,NA,1,0,0,3,46,NA,319,16,3,2,12,0,4,44,13,17,3,2,29,0,11
stage1_td/pair_sli476_td460_rep04_TD_bundle.cha,eng,ICL-PILOT,CHI,57,.,TD,.,.,Target_Child,.,.,cross,narrative,generated,82,82,4.793,5.634,50,5.300,6.160,125,420,52,28.18,0.902,403,85,0,NA,NA,1,0,0,0,50,6.12,420,24,5,6,4,1,15,72,19,15,3,1,23,0,12
stage1_td/pair_sli476_td460_rep05_TD_bundle.cha,eng,ICL-PILOT,CHI,57,.,TD,.,.,Target_Child,.,.,cross,narrative,generated,64,64,5.219,6.5,50,5.160,6.380,125,359,53,30.97,0.984,335,64,0,NA,NA,2,0,0,1,50,6.60,359,23,4,2,12,1,13,58,25,7,1,3,22,0,12
stage1_td/pair_sli476_td460_rep06_TD_bundle.cha,eng,ICL-PILOT,CHI,57,.,TD,.,.,Target_Child,.,.,cross,narrative,generated,70,70,5.543,6.743,50,6.300,7.480,138,403,59,42.97,1.114,388,70,0,NA,NA,3,0,0,0,50,7.56,403,13,3,5,16,3,13,57,43,14,3,3,8,0,12
stage1_td/pair_sli476_td460_rep07_TD_bundle.cha,eng,ICL-PILOT,CHI,57,.,TD,.,.,Target_Child,.,.,cross,narrative,generated,66,66,5.409,6.621,50,5.200,6.420,119,389,50,27.76,0.985,357,66,0,NA,NA,0,0,0,0,50,6.52,389,24,6,2,7,4,12,62,22,8,5,1,23,0,12
stage1_td/pair_sli476_td460_rep08_TD_bundle.cha,eng,ICL-PILOT,CHI,57,.,TD,.,.,Target_Child,.,.,cross,narrative,generated,64,64,4.797,5.812,50,4.780,5.820,109,328,49,30.03,0.922,307,64,0,NA,NA,0,0,0,0,50,5.98,328,19,5,2,14,0,18,51,11,14,0,3,18,0,10
stage1_td/pair_sli476_td460_rep09_TD_bundle.cha,eng,ICL-PILOT,CHI,57,.,TD,.,.,Target_Child,.,.,cross,narrative,generated,53,53,5.491,6.472,50,5.540,6.540,115,309,58,37.52,1.0,337,61,0,NA,NA,3,0,0,0,48,NA,309,22,1,5,8,1,16,43,6,13,1,0,16,0,11
stage1_td/pair_sli476_td460_rep10_TD_bundle.cha,eng,ICL-PILOT,CHI,57,.,TD,.,.,Target_Child,.,.,cross,narrative,generated,74,74,4.905,5.851,50,5.140,6.140,122,388,50,30.57,0.986,375,77,0,NA,NA,1,0,0,0,50,7.44,388,28,4,3,11,0,22,43,10,16,3,1,21,0,11
stage1_td/pair_sli477_td415_rep01_TD_bundle.cha,eng,ICL-PILOT,CHI,56,.,TD,.,.,Target_Child,.,.,cross,narrative,generated,53,53,6.377,6.83,50,6.380,6.800,108,342,43,29.08,1.075,338,53,0,NA,NA,22,0,0,0,44,NA,342,1,5,3,10,0,7,64,12,15,5,1,1,0,11
stage1_td/pair_sli477_td415_rep02_TD_bundle.cha,eng,ICL-PILOT,CHI,56,.,TD,.,.,Target_Child,.,.,cross,narrative,generated,56,56,6.393,7.196,50,6.460,7.280,131,364,47,46.88,1.214,359,56,0,NA,NA,11,0,0,1,50,8.82,364,3,5,2,8,2,8,43,29,11,1,3,3,0,12
stage1_td/pair_sli477_td415_rep03_TD_bundle.cha,eng,ICL-PILOT,CHI,56,.,TD,.,.,Target_Child,.,.,cross,narrative,generated,64,64,5.062,5.266,50,4.600,4.780,108,329,46,31.88,0.844,375,71,0,NA,NA,18,0,0,0,45,NA,329,2,5,4,5,1,5,48,2,23,2,0,3,0,11
stage1_td/pair_sli477_td415_rep04_TD_bundle.cha,eng,ICL-PILOT,CHI,56,.,TD,.,.,Target_Child,.,.,cross,narrative,generated,66,66,5.182,5.621,50,5.440,5.820,119,349,48,32.24,0.833,354,69,0,NA,NA,24,0,0,0,50,5.34,349,5,5,5,10,1,12,63,10,17,2,1,4,0,12
stage1_td/pair_sli477_td415_rep05_TD_bundle.cha,eng,ICL-PILOT,CHI,56,.,TD,.,.,Target_Child,.,.,cross,narrative,generated,61,61,5.885,6.426,50,6.200,6.620,119,373,54,30.92,1.0,382,66,0,NA,NA,23,0,0,0,50,6.84,373,4,4,4,5,2,9,49,17,20,3,1,5,0,12
stage1_td/pair_sli477_td415_rep06_TD_bundle.cha,eng,ICL-PILOT,CHI,56,.,TD,.,.,Target_Child,.,.,cross,narrative,generated,57,57,5.456,6.14,50,5.660,6.320,115,312,55,46.89,0.965,321,60,0,NA,NA,9,0,0,0,50,6.08,312,4,4,5,14,0,10,47,21,7,2,0,1,0,10
stage1_td/pair_sli477_td415_rep07_TD_bundle.cha,eng,ICL-PILOT,CHI,56,.,TD,.,.,Target_Child,.,.,cross,narrative,generated,85,85,5.494,5.8,50,5.200,5.440,131,474,45,31.11,0.847,467,85,0,NA,NA,30,0,0,0,50,5.86,474,9,6,1,11,1,19,72,2,22,5,1,3,0,12
stage1_td/pair_sli477_td415_rep08_TD_bundle.cha,eng,ICL-PILOT,CHI,56,.,TD,.,.,Target_Child,.,.,cross,narrative,generated,64,64,5.156,5.609,50,4.920,5.360,125,336,56,51.62,0.984,330,64,0,NA,NA,17,0,0,0,46,NA,336,1,1,2,10,2,5,38,13,14,3,3,1,0,12
stage1_td/pair_sli477_td415_rep09_TD_bundle.cha,eng,ICL-PILOT,CHI,56,.,TD,.,.,Target_Child,.,.,cross,narrative,generated,67,67,5.672,5.94,50,5.720,5.880,113,384,55,27.42,0.836,393,70,0,NA,NA,30,0,0,2,50,5.18,384,5,5,4,8,0,10,63,2,7,4,0,4,0,10
stage1_td/pair_sli477_td415_rep10_TD_bundle.cha,eng,ICL-PILOT,CHI,56,.,TD,.,.,Target_Child,.,.,cross,narrative,generated,57,57,5.965,6.193,50,6.120,6.320,118,346,52,35.19,1.018,340,57,0,NA,NA,17,0,0,0,46,NA,346,4,1,3,5,2,8,58,2,24,2,0,2,0,11
stage1_td/pair_sli478_td419_rep01_TD_bundle.cha,eng,ICL-PILOT,CHI,54,.,TD,.,.,Target_Child,.,.,cross,narrative,generated,53,53,6.321,7.377,50,6.320,7.380,123,337,44,43.36,1.0,345,56,0,NA,NA,1,0,0,0,46,NA,337,9,4,4,10,1,15,53,37,9,1,2,0,0,11
stage1_td/pair_sli478_td419_rep02_TD_bundle.cha,eng,ICL-PILOT,CHI,54,.,TD,.,.,Target_Child,.,.,cross,narrative,generated,76,76,5.947,6.803,50,5.900,6.720,157,459,48,57.27,1.079,462,78,0,NA,NA,13,0,0,1,50,9.08,459,3,4,4,10,0,15,44,50,15,1,9,0,0,10
stage1_td/pair_sli478_td419_rep03_TD_bundle.cha,eng,ICL-PILOT,CHI,54,.,TD,.,.,Target_Child,.,.,cross,narrative,generated,59,59,5.424,6.847,50,5.360,6.760,116,321,57,47.92,1.017,320,59,0,NA,NA,4,0,0,0,50,7.76,321,8,2,4,11,0,15,33,65,0,1,1,1,0,10
stage1_td/pair_sli478_td419_rep04_TD_bundle.cha,eng,ICL-PILOT,CHI,54,.,TD,.,.,Target_Child,.,.,cross,narrative,generated,65,65,6.646,7.846,50,6.640,7.800,142,437,54,41.5,1.123,432,65,0,NA,NA,1,0,0,0,50,8.50,437,6,3,5,11,0,15,68,61,8,2,5,0,1,11
stage1_td/pair_sli478_td419_rep05_TD_bundle.cha,eng,ICL-PILOT,CHI,54,.,TD,.,.,Target_Child,.,.,cross,narrative,generated,53,53,6.358,7.453,50,6.380,7.440,121,342,45,41.03,1.094,381,63,0,NA,NA,1,0,0,0,49,NA,342,6,2,3,5,1,15,52,44,10,3,3,1,0,12
stage1_td/pair_sli478_td419_rep06_TD_bundle.cha,eng,ICL-PILOT,CHI,54,.,TD,.,.,Target_Child,.,.,cross,narrative,generated,66,66,6.106,7.455,50,6.480,7.880,130,404,54,42.11,1.106,418,70,0,NA,NA,1,0,0,4,50,7.62,404,6,2,5,11,0,18,57,73,0,2,1,0,0,9
stage1_td/pair_sli478_td419_rep07_TD_bundle.cha,eng,ICL-PILOT,CHI,54,.,TD,.,.,Target_Child,.,.,cross,narrative,generated,55,55,6.691,7.782,50,6.500,7.580,125,369,55,48.96,1.236,371,55,0,NA,NA,8,0,0,3,49,NA,369,3,1,4,3,0,9,36,55,0,2,1,0,0,9
stage1_td/pair_sli478_td419_rep08_TD_bundle.cha,eng,ICL-PILOT,CHI,54,.,TD,.,.,Target_Child,.,.,cross,narrative,generated,60,60,6.55,7.833,50,6.540,7.960,135,399,54,47.81,1.167,393,60,0,NA,NA,4,0,0,0,50,8.94,399,8,2,5,11,0,13,42,54,4,2,1,6,0,11
stage1_td/pair_sli478_td419_rep09_TD_bundle.cha,eng,ICL-PILOT,CHI,54,.,TD,.,.,Target_Child,.,.,cross,narrative,generated,66,66,5.424,6.652,50,5.300,6.520,136,359,56,49.18,0.939,358,66,0,NA,NA,0,0,0,0,50,7.76,359,6,1,4,9,1,14,48,66,0,0,1,0,0,9
stage1_td/pair_sli478_td419_rep10_TD_bundle.cha,eng,ICL-PILOT,CHI,54,.,TD,.,.,Target_Child,.,.,cross,narrative,generated,69,69,6.884,8.261,50,6.840,8.280,152,481,50,48.68,1.232,477,69,0,NA,NA,2,0,0,2,50,9.14,481,11,5,5,8,5,20,64,73,9,3,2,0,0,11
stage1_td/pair_sli479_td471_rep01_TD_bundle.cha,eng,ICL-PILOT,CHI,57,.,TD,.,.,Target_Child,.,.,cross,narrative,generated,64,64,6.828,8.297,50,6.580,8.060,154,444,56,53.2,1.281,485,71,0,NA,NA,0,0,0,1,50,10.36,444,6,2,2,11,0,13,57,72,0,0,6,1,3,10
stage1_td/pair_sli479_td471_rep02_TD_bundle.cha,eng,ICL-PILOT,CHI,57,.,TD,.,.,Target_Child,.,.,cross,narrative,generated,58,58,6.517,7.776,50,6.480,7.640,138,380,50,48.38,1.086,378,58,0,NA,NA,1,0,0,0,50,8.72,380,6,3,4,6,1,13,55,62,0,1,2,0,0,10
stage1_td/pair_sli479_td471_rep03_TD_bundle.cha,eng,ICL-PILOT,CHI,57,.,TD,.,.,Target_Child,.,.,cross,narrative,generated,39,39,7.872,9.385,39,NA,NA,121,309,55,46.6,1.333,466,66,0,NA,NA,1,0,0,0,37,NA,309,7,4,3,8,2,10,43,46,0,1,0,0,0,9
stage1_td/pair_sli479_td471_rep04_TD_bundle.cha,eng,ICL-PILOT,CHI,57,.,TD,.,.,Target_Child,.,.,cross,narrative,generated,58,58,5.517,6.569,50,5.560,6.560,120,323,48,47.3,0.948,349,65,0,NA,NA,7,0,0,0,48,NA,323,3,1,2,10,1,11,39,46,0,0,3,1,0,10
stage1_td/pair_sli479_td471_rep05_TD_bundle.cha,eng,ICL-PILOT,CHI,57,.,TD,.,.,Target_Child,.,.,cross,narrative,generated,52,52,7.269,8.904,50,7.220,8.880,127,381,49,42.47,1.327,426,58,0,NA,NA,2,0,0,2,50,9.60,381,8,1,3,10,1,16,58,66,0,1,3,0,0,10
stage1_td/pair_sli479_td471_rep06_TD_bundle.cha,eng,ICL-PILOT,CHI,57,.,TD,.,.,Target_Child,.,.,cross,narrative,generated,58,58,6.121,7.397,50,5.920,7.200,128,360,49,46.8,1.172,390,64,0,NA,NA,1,0,0,0,50,7.64,360,5,2,2,6,0,12,53,60,0,3,2,1,1,11
stage1_td/pair_sli479_td471_rep07_TD_bundle.cha,eng,ICL-PILOT,CHI,57,.,TD,.,.,Target_Child,.,.,cross,narrative,generated,60,60,7.183,8.717,50,6.800,8.200,156,440,53,49.32,1.167,463,64,0,NA,NA,1,0,0,0,50,9.78,440,7,4,4,10,3,11,53,67,0,0,1,4,1,11
stage1_td/pair_sli479_td471_rep08_TD_bundle.cha,eng,ICL-PILOT,CHI,57,.,TD,.,.,Target_Child,.,.,cross,narrative,generated,54,54,7.056,8.704,50,7.220,8.860,132,385,52,48.85,1.444,393,56,0,NA,NA,1,0,0,2,50,9.92,385,6,2,2,14,1,13,53,68,0,1,3,0,0,10
stage1_td/pair_sli479_td471_rep09_TD_bundle.cha,eng,ICL-PILOT,CHI,57,.,TD,.,.,Target_Child,.,.,cross,narrative,generated,53,53,6.396,7.849,50,6.560,8.020,132,342,52,51.47,1.17,354,56,0,NA,NA,0,0,0,0,49,NA,342,5,1,4,13,0,11,43,58,1,0,2,1,0,10
stage1_td/pair_sli479_td471_rep10_TD_bundle.cha,eng,ICL-PILOT,CHI,57,.,TD,.,.,Target_Child,.,.,cross,narrative,generated,67,67,6.522,7.836,50,6.860,8.160,156,443,53,58.76,1.239,449,70,0,NA,NA,2,0,0,0,50,10.96,443,7,3,5,10,0,15,52,67,1,1,6,2,0,11
stage1_td/pair_sli480_td450_rep01_TD_bundle.cha,eng,ICL-PILOT,CHI,52,.,TD,.,.,Target_Child,.,.,cross,narrative,generated,53,53,6.17,6.925,50,6.220,7.020,121,328,57,43.61,0.943,387,64,0,NA,NA,14,0,0,0,47,NA,328,3,2,4,6,1,12,47,30,6,1,1,0,0,11
stage1_td/pair_sli480_td450_rep02_TD_bundle.cha,eng,ICL-PILOT,CHI,52,.,TD,.,.,Target_Child,.,.,cross,narrative,generated,53,53,5.547,6.038,50,5.600,6.080,121,298,58,51.02,1.0,309,56,0,NA,NA,10,0,0,0,48,NA,298,5,1,5,4,2,10,36,17,15,3,1,1,0,12
stage1_td/pair_sli480_td450_rep03_TD_bundle.cha,eng,ICL-PILOT,CHI,52,.,TD,.,.,Target_Child,.,.,cross,narrative,generated,67,67,5.851,6.507,50,5.820,6.620,134,394,56,45.94,1.06,392,67,0,NA,NA,15,0,0,0,50,6.18,394,5,4,5,10,1,12,56,28,19,2,2,0,0,11
stage1_td/pair_sli480_td450_rep04_TD_bundle.cha,eng,ICL-PILOT,CHI,52,.,TD,.,.,Target_Child,.,.,cross,narrative,generated,45,45,5.667,6.333,45,NA,NA,102,257,54,43.39,1.022,287,53,0,NA,NA,4,0,0,0,43,NA,257,2,1,4,8,1,8,38,20,7,2,0,0,0,10
stage1_td/pair_sli480_td450_rep05_TD_bundle.cha,eng,ICL-PILOT,CHI,52,.,TD,.,.,Target_Child,.,.,cross,narrative,generated,68,68,5.426,6.397,50,5.800,7.000,121,373,57,35.44,1.044,369,68,0,NA,NA,13,0,0,0,50,6.22,373,7,2,3,8,2,21,57,49,11,2,2,0,0,11
stage1_td/pair_sli480_td450_rep06_TD_bundle.cha,eng,ICL-PILOT,CHI,52,.,TD,.,.,Target_Child,.,.,cross,narrative,generated,59,59,4.915,5.441,50,4.900,5.400,126,292,54,62.38,1.034,302,62,0,NA,NA,17,0,0,0,48,NA,292,1,5,3,9,0,6,29,19,14,1,3,0,0,10
stage1_td/pair_sli480_td450_rep07_TD_bundle.cha,eng,ICL-PILOT,CHI,52,.,TD,.,.,Target_Child,.,.,cross,narrative,generated,58,58,6.276,7.069,50,6.100,6.780,127,368,50,39.07,1.138,364,58,0,NA,NA,5,0,0,0,50,7.34,368,6,4,2,6,1,10,59,34,15,2,2,1,0,12
stage1_td/pair_sli480_td450_rep08_TD_bundle.cha,eng,ICL-PILOT,CHI,52,.,TD,.,.,Target_Child,.,.,cross,narrative,generated,50,50,6.34,7.64,50,6.340,7.640,123,322,56,44.21,1.18,357,56,0,NA,NA,2,0,0,0,48,NA,322,6,1,4,10,1,12,48,46,4,2,2,2,0,12
stage1_td/pair_sli480_td450_rep09_TD_bundle.cha,eng,ICL-PILOT,CHI,52,.,TD,.,.,Target_Child,.,.,cross,narrative,generated,68,68,5.721,6.735,50,6.320,7.620,138,393,56,47.8,1.029,389,68,0,NA,NA,13,0,0,0,50,6.82,393,7,4,4,7,1,12,53,52,6,0,1,3,0,11
stage1_td/pair_sli480_td450_rep10_TD_bundle.cha,eng,ICL-PILOT,CHI,52,.,TD,.,.,Target_Child,.,.,cross,narrative,generated,64,64,5.406,6.141,50,5.580,6.220,133,349,55,49.65,1.016,383,71,0,NA,NA,6,0,0,2,50,7.30,349,5,4,4,4,0,8,45,38,9,1,1,1,1,12
stage1_td/pair_sli482_td466_rep01_TD_bundle.cha,eng,ICL-PILOT,CHI,54,.,TD,.,.,Target_Child,.,.,cross,narrative,generated,63,63,5.476,6.222,50,5.340,5.920,127,347,49,43.49,0.921,357,63,0,NA,NA,19,0,0,12,50,7.16,347,3,2,3,7,0,6,46,38,2,3,2,1,0,11
stage1_td/pair_sli482_td466_rep02_TD_bundle.cha,eng,ICL-PILOT,CHI,54,.,TD,.,.,Target_Child,.,.,cross,narrative,generated,53,53,6.528,7.113,50,6.360,6.920,125,347,53,42.45,1.132,348,53,0,NA,NA,15,0,0,2,44,NA,347,3,7,3,10,1,10,53,18,16,1,0,0,0,10
stage1_td/pair_sli482_td466_rep03_TD_bundle.cha,eng,ICL-PILOT,CHI,54,.,TD,.,.,Target_Child,.,.,cross,narrative,generated,64,64,6.109,7.328,50,6.560,7.760,142,401,55,62.2,1.172,410,67,0,NA,NA,7,0,0,2,50,8.88,401,8,2,4,12,0,8,34,55,1,2,5,7,0,11
stage1_td/pair_sli482_td466_rep04_TD_bundle.cha,eng,ICL-PILOT,CHI,54,.,TD,.,.,Target_Child,.,.,cross,narrative,generated,58,58,6.379,7.276,50,6.540,7.460,130,374,52,48.33,1.103,371,58,0,NA,NA,14,0,0,1,48,NA,374,3,2,2,17,1,4,42,29,7,1,8,1,0,12
stage1_td/pair_sli482_td466_rep05_TD_bundle.cha,eng,ICL-PILOT,CHI,54,.,TD,.,.,Target_Child,.,.,cross,narrative,generated,72,72,5.417,5.889,50,5.840,6.340,133,395,52,51.98,1.0,396,72,0,NA,NA,17,0,0,6,50,8.02,395,8,3,3,7,0,11,47,16,15,3,2,3,2,12
stage1_td/pair_sli482_td466_rep06_TD_bundle.cha,eng,ICL-PILOT,CHI,54,.,TD,.,.,Target_Child,.,.,cross,narrative,generated,52,52,7.096,7.981,50,6.880,7.760,135,370,52,46.29,1.269,383,54,0,NA,NA,14,0,0,0,49,NA,370,5,3,3,15,0,16,48,25,7,1,2,0,0,10
stage1_td/pair_sli482_td466_rep07_TD_bundle.cha,eng,ICL-PILOT,CHI,54,.,TD,.,.,Target_Child,.,.,cross,narrative,generated,73,73,5.507,6.384,50,6.180,7.240,134,410,56,45.27,0.945,422,73,0,NA,NA,9,0,0,20,50,7.38,410,10,5,1,11,0,17,54,39,4,4,3,6,0,11
stage1_td/pair_sli482_td466_rep08_TD_bundle.cha,eng,ICL-PILOT,CHI,54,.,TD,.,.,Target_Child,.,.,cross,narrative,generated,61,61,6.328,6.885,50,6.620,7.220,123,387,47,38.86,1.082,388,61,0,NA,NA,12,0,0,2,50,6.82,387,7,1,4,5,1,13,61,21,15,1,0,0,0,10
stage1_td/pair_sli482_td466_rep09_TD_bundle.cha,eng,ICL-PILOT,CHI,54,.,TD,.,.,Target_Child,.,.,cross,narrative,generated,63,63,6.286,6.968,50,6.100,6.780,150,404,58,56.37,1.143,404,63,0,NA,NA,21,0,0,8,50,7.00,404,7,3,1,11,1,7,50,22,16,3,2,4,0,12
stage1_td/pair_sli482_td466_rep10_TD_bundle.cha,eng,ICL-PILOT,CHI,54,.,TD,.,.,Target_Child,.,.,cross,narrative,generated,59,59,7.068,8.169,50,7.080,8.260,146,418,55,45.55,1.254,420,59,0,NA,NA,12,0,0,3,50,9.62,418,11,2,3,14,0,15,59,43,7,2,1,0,0,10
stage2_sli/pair_sli413_td439_rep01_SLI_bundle.cha,eng,ICL-PILOT,CHI,59,.,SLI,.,.,Target_Child,.,.,cross,narrative,generated,61,61,4.361,4.754,50,3.860,4.140,124,268,64,70.7,0.836,317,70,0,NA,NA,17,0,0,3,37,NA,268,1,1,4,6,1,3,24,16,8,0,1,0,0,10
stage2_sli/pair_sli413_td439_rep02_SLI_bundle.cha,eng,ICL-PILOT,CHI,59,.,SLI,.,.,Target_Child,.,.,cross,narrative,generated,69,69,4.797,5.507,50,4.280,4.860,129,336,54,67.0,0.971,343,73,0,NA,NA,12,0,0,0,50,6.18,336,3,3,5,5,1,4,28,36,2,2,3,3,0,12
stage2_sli/pair_sli413_td439_rep03_SLI_bundle.cha,eng,ICL-PILOT,CHI,59,.,SLI,.,.,Target_Child,.,.,cross,narrative,generated,57,57,5.0,5.649,50,4.880,5.440,123,287,55,46.89,0.842,298,61,0,NA,NA,22,0,0,2,35,NA,287,5,2,4,9,1,6,30,22,10,1,1,0,0,11
stage2_sli/pair_sli413_td439_rep04_SLI_bundle.cha,eng,ICL-PILOT,CHI,59,.,SLI,.,.,Target_Child,.,.,cross,narrative,generated,73,73,4.219,4.74,50,4.200,4.420,124,319,51,57.32,0.795,311,73,0,NA,NA,17,0,0,3,50,6.64,319,2,3,2,5,0,5,24,22,6,3,5,6,1,12
stage2_sli/pair_sli413_td439_rep05_SLI_bundle.cha,eng,ICL-PILOT,CHI,59,.,SLI,.,.,Target_Child,.,.,cross,narrative,generated,60,60,4.333,4.783,50,4.040,4.380,119,264,54,64.46,0.883,301,69,0,NA,NA,16,0,0,0,47,NA,264,2,3,2,5,1,2,17,18,5,2,3,0,0,11
stage2_sli/pair_sli413_td439_rep06_SLI_bundle.cha,eng,ICL-PILOT,CHI,59,.,SLI,.,.,Target_Child,.,.,cross,narrative,generated,56,56,5.482,6.018,50,5.460,5.880,124,309,54,57.17,1.054,365,70,0,NA,NA,23,0,0,0,46,NA,309,1,4,2,9,0,3,39,20,9,1,2,0,0,10
stage2_sli/pair_sli413_td439_rep07_SLI_bundle.cha,eng,ICL-PILOT,CHI,59,.,SLI,.,.,Target_Child,.,.,cross,narrative,generated,71,71,4.479,5.028,50,4.360,4.860,140,321,60,69.66,0.887,388,78,0,NA,NA,18,0,0,30,46,NA,321,2,3,3,6,1,3,25,30,4,2,4,0,0,11
stage2_sli/pair_sli413_td439_rep08_SLI_bundle.cha,eng,ICL-PILOT,CHI,59,.,SLI,.,.,Target_Child,.,.,cross,narrative,generated,63,63,4.46,5.127,50,4.420,4.900,130,288,55,82.55,0.905,293,68,0,NA,NA,18,0,0,1,46,NA,288,5,2,3,8,2,8,12,25,5,0,2,1,1,12
stage2_sli/pair_sli413_td439_rep09_SLI_bundle.cha,eng,ICL-PILOT,CHI,59,.,SLI,.,.,Target_Child,.,.,cross,narrative,generated,69,69,5.13,5.957,50,4.880,5.620,141,356,53,62.87,0.928,359,71,0,NA,NA,18,0,0,0,50,5.50,356,3,2,3,13,1,9,33,40,2,0,3,0,0,10
stage2_sli/pair_sli413_td439_rep10_SLI_bundle.cha,eng,ICL-PILOT,CHI,59,.,SLI,.,.,Target_Child,.,.,cross,narrative,generated,72,72,4.597,5.042,50,4.340,4.580,136,332,60,67.55,0.833,341,74,0,NA,NA,33,0,0,4,50,6.44,332,1,5,2,8,0,6,25,22,17,1,2,0,0,10
stage2_sli/pair_sli427_td406_rep01_SLI_bundle.cha,eng,ICL-PILOT,CHI,56,.,SLI,.,.,Target_Child,.,.,cross,narrative,generated,69,69,4.826,5.203,50,4.800,5.000,138,342,62,71.64,0.928,333,69,0,NA,NA,31,0,0,0,50,5.58,342,1,4,3,8,5,8,19,10,18,0,2,2,0,11
stage2_sli/pair_sli427_td406_rep02_SLI_bundle.cha,eng,ICL-PILOT,CHI,56,.,SLI,.,.,Target_Child,.,.,cross,narrative,generated,68,68,5.074,5.662,50,4.780,5.460,117,348,51,46.54,1.029,347,68,0,NA,NA,14,0,0,2,50,7.02,348,12,4,3,7,0,26,30,20,11,1,1,1,0,11
stage2_sli/pair_sli427_td406_rep03_SLI_bundle.cha,eng,ICL-PILOT,CHI,56,.,SLI,.,.,Target_Child,.,.,cross,narrative,generated,100,100,4.01,4.61,50,4.120,4.560,139,411,64,49.68,0.85,418,104,0,NA,NA,20,0,0,4,50,6.88,411,11,3,3,6,1,32,20,33,7,0,7,5,0,11
stage2_sli/pair_sli427_td406_rep04_SLI_bundle.cha,eng,ICL-PILOT,CHI,56,.,SLI,.,.,Target_Child,.,.,cross,narrative,generated,73,73,4.329,4.699,50,4.280,4.680,119,320,54,43.16,0.849,327,76,0,NA,NA,19,0,0,1,50,6.72,320,11,4,4,8,0,21,21,6,14,1,1,2,0,11
stage2_sli/pair_sli427_td406_rep05_SLI_bundle.cha,eng,ICL-PILOT,CHI,56,.,SLI,.,.,Target_Child,.,.,cross,narrative,generated,90,90,4.1,4.544,50,4.140,4.620,142,376,64,62.37,0.711,372,90,0,NA,NA,30,0,0,3,50,5.90,376,7,5,3,7,2,18,18,19,14,1,5,3,0,12
stage2_sli/pair_sli427_td406_rep06_SLI_bundle.cha,eng,ICL-PILOT,CHI,56,.,SLI,.,.,Target_Child,.,.,cross,narrative,generated,91,91,4.209,4.692,50,4.560,5.100,137,388,50,62.04,0.758,384,91,0,NA,NA,22,0,0,1,50,4.86,388,9,3,1,12,0,19,25,19,14,1,1,4,0,11
stage2_sli/pair_sli427_td406_rep07_SLI_bundle.cha,eng,ICL-PILOT,CHI,56,.,SLI,.,.,Target_Child,.,.,cross,narrative,generated,67,67,4.582,4.97,50,4.560,4.840,131,313,57,61.49,0.881,307,67,0,NA,NA,23,0,0,0,50,5.16,313,4,5,1,7,1,18,19,10,9,0,2,3,0,11
stage2_sli/pair_sli427_td406_rep08_SLI_bundle.cha,eng,ICL-PILOT,CHI,56,.,SLI,.,.,Target_Child,.,.,cross,narrative,generated,85,85,4.788,5.435,50,4.080,4.800,145,416,54,53.52,1.0,417,88,0,NA,NA,25,0,0,1,50,6.34,416,10,1,5,12,0,24,34,28,9,0,6,3,0,10
stage2_sli/pair_sli427_td406_rep09_SLI_bundle.cha,eng,ICL-PILOT,CHI,56,.,SLI,.,.,Target_Child,.,.,cross,narrative,generated,66,66,4.803,5.242,50,4.480,4.800,131,321,51,57.2,0.833,356,74,0,NA,NA,33,0,0,4,50,4.52,321,3,3,4,12,0,17,17,12,3,0,1,3,0,10
stage2_sli/pair_sli427_td406_rep10_SLI_bundle.cha,eng,ICL-PILOT,CHI,56,.,SLI,.,.,Target_Child,.,.,cross,narrative,generated,85,85,3.894,4.659,50,3.300,3.840,125,338,44,46.5,0.835,335,85,0,NA,NA,18,0,0,4,50,4.58,338,19,3,4,13,2,37,13,27,7,1,1,4,0,12
stage2_sli/pair_sli444_td410_rep01_SLI_bundle.cha,eng,ICL-PILOT,CHI,50,.,SLI,.,.,Target_Child,.,.,cross,narrative,generated,84,84,4.393,4.607,50,4.360,4.500,124,381,50,39.09,0.786,402,91,0,NA,NA,20,0,0,0,50,6.46,381,3,3,2,10,1,5,36,0,30,4,5,4,0,11
stage2_sli/pair_sli444_td410_rep02_SLI_bundle.cha,eng,ICL-PILOT,CHI,50,.,SLI,.,.,Target_Child,.,.,cross,narrative,generated,57,57,4.895,5.912,50,4.600,5.520,111,294,50,43.6,0.895,292,60,0,NA,NA,11,0,0,1,43,NA,294,14,4,3,7,3,5,29,25,5,0,1,10,1,12
stage2_sli/pair_sli444_td410_rep03_SLI_bundle.cha,eng,ICL-PILOT,CHI,50,.,SLI,.,.,Target_Child,.,.,cross,narrative,generated,86,86,3.488,3.698,50,2.860,3.080,85,308,48,17.81,0.337,300,86,0,NA,NA,22,0,0,0,29,NA,308,5,2,1,2,0,3,27,5,4,2,1,6,0,11
stage2_sli/pair_sli444_td410_rep04_SLI_bundle.cha,eng,ICL-PILOT,CHI,50,.,SLI,.,.,Target_Child,.,.,cross,narrative,generated,62,62,4.887,5.694,50,4.820,5.460,119,314,57,49.19,0.839,303,62,0,NA,NA,10,0,0,0,50,7.14,314,15,2,7,11,1,14,32,16,4,1,3,7,1,13
stage2_sli/pair_sli444_td410_rep05_SLI_bundle.cha,eng,ICL-PILOT,CHI,50,.,SLI,.,.,Target_Child,.,.,cross,narrative,generated,72,72,4.056,4.514,50,3.920,4.200,101,300,50,29.72,0.514,348,84,0,NA,NA,3,0,0,0,43,NA,300,1,4,5,6,1,6,25,18,13,0,0,7,0,10
stage2_sli/pair_sli444_td410_rep06_SLI_bundle.cha,eng,ICL-PILOT,CHI,50,.,SLI,.,.,Target_Child,.,.,cross,narrative,generated,69,69,5.188,5.971,50,5.280,6.120,124,381,46,44.24,1.014,358,69,0,NA,NA,3,0,0,0,50,6.18,381,6,7,2,7,2,7,49,23,15,3,3,15,0,12
stage2_sli/pair_sli444_td410_rep07_SLI_bundle.cha,eng,ICL-PILOT,CHI,50,.,SLI,.,.,Target_Child,.,.,cross,narrative,generated,77,77,3.506,3.922,50,3.640,4.160,103,280,50,46.49,0.714,273,77,0,NA,NA,16,0,0,3,44,NA,280,9,1,4,4,1,2,18,16,12,3,1,5,0,12
stage2_sli/pair_sli444_td410_rep08_SLI_bundle.cha,eng,ICL-PILOT,CHI,50,.,SLI,.,.,Target_Child,.,.,cross,narrative,generated,60,60,4.85,5.6,50,4.800,5.420,113,304,47,41.47,0.883,291,60,0,NA,NA,15,0,0,0,45,NA,304,10,5,1,10,4,11,38,18,10,3,0,6,0,11
stage2_sli/pair_sli444_td410_rep09_SLI_bundle.cha,eng,ICL-PILOT,CHI,50,.,SLI,.,.,Target_Child,.,.,cross,narrative,generated,100,100,2.91,3.21,50,2.260,2.440,117,302,47,51.94,0.52,297,100,0,NA,NA,9,0,0,6,50,5.90,302,3,3,0,11,1,6,27,6,14,1,2,8,0,11
stage2_sli/pair_sli444_td410_rep10_SLI_bundle.cha,eng,ICL-PILOT,CHI,50,.,SLI,.,.,Target_Child,.,.,cross,narrative,generated,56,56,4.75,5.304,50,4.780,5.340,98,276,39,33.91,0.786,279,61,0,NA,NA,6,0,0,0,41,NA,276,7,4,3,8,2,7,31,8,12,2,2,5,0,12
stage2_sli/pair_sli474_td459_rep01_SLI_bundle.cha,eng,ICL-PILOT,CHI,57,.,SLI,.,.,Target_Child,.,.,cross,narrative,generated,64,64,6.375,6.828,50,6.320,6.560,141,409,48,46.52,1.297,408,64,0,NA,NA,43,0,0,0,50,7.44,409,4,3,3,9,0,8,44,19,18,0,2,0,0,9
stage2_sli/pair_sli474_td459_rep02_SLI_bundle.cha,eng,ICL-PILOT,CHI,57,.,SLI,.,.,Target_Child,.,.,cross,narrative,generated,62,62,5.887,6.339,50,5.940,6.340,129,370,50,50.96,1.032,365,62,0,NA,NA,38,0,0,0,47,NA,370,7,3,2,11,3,9,24,6,10,2,5,0,0,11
stage2_sli/pair_sli474_td459_rep03_SLI_bundle.cha,eng,ICL-PILOT,CHI,57,.,SLI,.,.,Target_Child,.,.,cross,narrative,generated,78,78,5.077,5.615,50,4.800,5.240,138,401,45,40.19,0.897,398,78,0,NA,NA,29,0,0,2,50,8.12,401,3,1,2,8,0,13,49,28,20,2,3,2,0,11
stage2_sli/pair_sli474_td459_rep04_SLI_bundle.cha,eng,ICL-PILOT,CHI,57,.,SLI,.,.,Target_Child,.,.,cross,narrative,generated,61,61,6.246,6.934,50,5.840,6.420,147,384,59,54.33,1.098,382,61,0,NA,NA,35,0,0,1,50,6.50,384,4,6,3,13,0,11,45,22,18,2,3,1,0,11
stage2_sli/pair_sli474_td459_rep05_SLI_bundle.cha,eng,ICL-PILOT,CHI,57,.,SLI,.,.,Target_Child,.,.,cross,narrative,generated,62,62,6.242,6.661,50,6.700,7.200,129,387,52,37.67,0.968,424,68,0,NA,NA,21,0,0,0,50,5.98,387,3,3,4,4,0,17,68,20,13,1,0,0,0,9
stage2_sli/pair_sli474_td459_rep06_SLI_bundle.cha,eng,ICL-PILOT,CHI,57,.,SLI,.,.,Target_Child,.,.,cross,narrative,generated,52,52,5.846,6.308,50,5.860,6.280,120,306,61,56.58,1.058,321,55,0,NA,NA,27,0,0,0,42,NA,306,3,4,3,4,0,9,20,16,14,1,2,0,0,10
stage2_sli/pair_sli474_td459_rep07_SLI_bundle.cha,eng,ICL-PILOT,CHI,57,.,SLI,.,.,Target_Child,.,.,cross,narrative,generated,62,62,6.629,7.629,50,6.280,7.100,148,413,50,50.25,1.048,411,62,0,NA,NA,21,0,0,0,50,8.86,413,8,4,1,12,0,21,49,43,8,0,3,1,0,10
stage2_sli/pair_sli474_td459_rep08_SLI_bundle.cha,eng,ICL-PILOT,CHI,57,.,SLI,.,.,Target_Child,.,.,cross,narrative,generated,59,59,5.288,5.712,50,5.400,5.760,120,312,51,44.05,0.898,327,62,0,NA,NA,26,0,0,2,48,NA,312,9,5,1,3,0,13,39,14,15,0,2,0,0,9
stage2_sli/pair_sli474_td459_rep09_SLI_bundle.cha,eng,ICL-PILOT,CHI,57,.,SLI,.,.,Target_Child,.,.,cross,narrative,generated,85,85,4.882,5.565,50,4.980,5.680,127,420,44,36.08,0.788,445,90,0,NA,NA,6,0,0,2,50,6.56,420,3,8,1,7,0,15,70,44,7,2,3,2,0,11
stage2_sli/pair_sli474_td459_rep10_SLI_bundle.cha,eng,ICL-PILOT,CHI,57,.,SLI,.,.,Target_Child,.,.,cross,narrative,generated,59,59,5.61,6.169,50,5.760,6.240,125,334,61,46.71,1.085,332,59,0,NA,NA,32,0,0,1,50,7.52,334,1,6,2,4,0,5,39,28,23,1,2,0,1,11
stage2_sli/pair_sli475_td417_rep01_SLI_bundle.cha,eng,ICL-PILOT,CHI,56,.,SLI,.,.,Target_Child,.,.,cross,narrative,generated,71,71,5.211,6.563,50,4.960,6.100,112,375,50,22.72,0.958,416,78,0,NA,NA,10,0,0,0,50,7.32,375,36,4,4,3,1,50,41,55,2,1,2,1,0,12
stage2_sli/pair_sli475_td417_rep02_SLI_bundle.cha,eng,ICL-PILOT,CHI,56,.,SLI,.,.,Target_Child,.,.,cross,narrative,generated,73,73,5.534,7.192,50,5.760,7.300,105,414,31,20.29,0.973,408,73,0,NA,NA,3,0,0,4,50,8.34,414,48,4,2,1,1,55,36,63,4,0,1,8,0,11
stage2_sli/pair_sli475_td417_rep03_SLI_bundle.cha,eng,ICL-PILOT,CHI,56,.,SLI,.,.,Target_Child,.,.,cross,narrative,generated,80,80,5.512,7.188,50,4.940,6.320,117,453,44,21.73,0.938,483,89,0,NA,NA,4,0,0,5,50,7.00,453,41,3,3,10,3,64,41,75,2,1,3,7,0,12
stage2_sli/pair_sli475_td417_rep04_SLI_bundle.cha,eng,ICL-PILOT,CHI,56,.,SLI,.,.,Target_Child,.,.,cross,narrative,generated,63,63,5.683,7.286,50,5.620,7.200,109,369,52,21.88,1.079,395,69,0,NA,NA,3,0,0,12,50,8.50,369,38,3,4,6,1,46,30,48,12,1,0,9,0,11
stage2_sli/pair_sli475_td417_rep05_SLI_bundle.cha,eng,ICL-PILOT,CHI,56,.,SLI,.,.,Target_Child,.,.,cross,narrative,generated,75,75,5.293,6.76,50,4.540,5.540,122,401,40,22.01,0.907,441,84,0,NA,NA,9,0,0,0,50,6.12,401,40,3,3,8,2,72,38,58,2,1,0,2,0,11
stage2_sli/pair_sli475_td417_rep06_SLI_bundle.cha,eng,ICL-PILOT,CHI,56,.,SLI,.,.,Target_Child,.,.,cross,narrative,generated,63,63,5.476,7.254,50,5.380,7.060,107,362,42,25.21,1.048,347,63,0,NA,NA,0,0,0,2,50,8.42,362,27,3,1,9,2,41,27,61,4,1,4,11,0,12
stage2_sli/pair_sli475_td417_rep07_SLI_bundle.cha,eng,ICL-PILOT,CHI,56,.,SLI,.,.,Target_Child,.,.,cross,narrative,generated,93,93,4.183,5.409,50,4.280,5.260,105,390,42,21.32,0.774,412,99,0,NA,NA,7,0,0,0,50,7.48,390,46,3,2,8,0,63,29,60,3,1,0,1,0,10
stage2_sli/pair_sli475_td417_rep08_SLI_bundle.cha,eng,ICL-PILOT,CHI,56,.,SLI,.,.,Target_Child,.,.,cross,narrative,generated,63,63,5.159,6.952,50,4.960,6.620,105,355,44,21.0,0.984,396,82,0,NA,NA,6,0,0,4,50,9.66,355,44,4,2,2,3,33,20,42,1,0,3,25,0,11
stage2_sli/pair_sli475_td417_rep09_SLI_bundle.cha,eng,ICL-PILOT,CHI,56,.,SLI,.,.,Target_Child,.,.,cross,narrative,generated,76,76,5.276,6.882,50,4.760,6.140,120,403,51,19.06,0.921,425,81,0,NA,NA,3,0,0,0,50,8.16,403,47,6,2,10,0,67,28,67,0,0,1,1,0,9
stage2_sli/pair_sli475_td417_rep10_SLI_bundle.cha,eng,ICL-PILOT,CHI,56,.,SLI,.,.,Target_Child,.,.,cross,narrative,generated,77,77,5.299,6.961,50,5.000,6.320,122,414,53,23.42,1.078,429,84,0,NA,NA,9,0,0,0,50,8.64,414,53,3,5,5,0,62,28,64,2,0,1,6,0,10
stage2_sli/pair_sli476_td460_rep01_SLI_bundle.cha,eng,ICL-PILOT,CHI,57,.,SLI,.,.,Target_Child,.,.,cross,narrative,generated,66,66,5.091,6.212,50,5.140,6.060,128,370,47,35.04,1.015,342,66,0,NA,NA,0,0,0,6,50,7.18,370,24,6,2,11,3,11,47,12,17,6,1,24,0,12
stage2_sli/pair_sli476_td460_rep02_SLI_bundle.cha,eng,ICL-PILOT,CHI,57,.,SLI,.,.,Target_Child,.,.,cross,narrative,generated,84,84,4.75,5.631,50,5.200,6.200,121,416,36,31.31,0.81,415,84,0,NA,NA,13,0,0,16,50,7.00,416,21,2,3,8,2,20,56,31,10,2,3,12,0,12
stage2_sli/pair_sli476_td460_rep03_SLI_bundle.cha,eng,ICL-PILOT,CHI,57,.,SLI,.,.,Target_Child,.,.,cross,narrative,generated,60,60,5.033,6.167,50,4.900,6.000,98,334,52,27.2,1.033,304,60,0,NA,NA,4,0,0,2,48,NA,334,14,4,3,9,0,5,47,16,16,3,2,28,0,11
stage2_sli/pair_sli476_td460_rep04_SLI_bundle.cha,eng,ICL-PILOT,CHI,57,.,SLI,.,.,Target_Child,.,.,cross,narrative,generated,76,76,4.684,5.566,50,5.380,6.420,119,376,40,29.4,0.789,364,79,0,NA,NA,21,0,0,1,50,5.98,376,26,5,6,4,1,20,57,21,11,2,0,17,0,11
stage2_sli/pair_sli476_td460_rep05_SLI_bundle.cha,eng,ICL-PILOT,CHI,57,.,SLI,.,.,Target_Child,.,.,cross,narrative,generated,60,60,5.217,6.4,50,5.140,6.220,122,340,52,32.39,0.867,317,60,0,NA,NA,4,0,0,4,50,5.82,340,16,4,2,13,1,12,51,23,6,0,4,19,0,11
stage2_sli/pair_sli476_td460_rep06_SLI_bundle.cha,eng,ICL-PILOT,CHI,57,.,SLI,.,.,Target_Child,.,.,cross,narrative,generated,82,82,4.732,5.61,50,5.260,6.200,130,401,57,46.12,0.878,391,82,0,NA,NA,21,0,0,3,50,7.46,401,13,4,4,14,4,12,50,34,13,2,2,7,0,12
stage2_sli/pair_sli476_td460_rep07_SLI_bundle.cha,eng,ICL-PILOT,CHI,57,.,SLI,.,.,Target_Child,.,.,cross,narrative,generated,62,62,5.306,6.581,50,5.160,6.440,115,361,48,28.65,0.952,330,62,0,NA,NA,6,0,0,1,50,6.22,361,23,2,3,5,6,10,56,23,10,3,0,23,0,11
stage2_sli/pair_sli476_td460_rep08_SLI_bundle.cha,eng,ICL-PILOT,CHI,57,.,SLI,.,.,Target_Child,.,.,cross,narrative,generated,74,74,4.797,5.77,50,5.120,6.100,108,374,32,28.17,0.757,371,74,0,NA,NA,15,0,0,16,50,7.16,374,20,3,1,15,1,16,54,21,7,1,2,14,0,12
stage2_sli/pair_sli476_td460_rep09_SLI_bundle.cha,eng,ICL-PILOT,CHI,57,.,SLI,.,.,Target_Child,.,.,cross,narrative,generated,66,66,4.818,5.788,50,4.880,5.860,121,340,51,42.2,0.803,363,74,0,NA,NA,3,0,0,2,43,NA,340,18,2,4,8,1,11,43,23,4,1,1,14,0,12
stage2_sli/pair_sli476_td460_rep10_SLI_bundle.cha,eng,ICL-PILOT,CHI,57,.,SLI,.,.,Target_Child,.,.,cross,narrative,generated,83,83,4.47,5.373,50,4.580,5.420,119,396,40,26.02,0.675,403,89,0,NA,NA,2,0,0,9,50,7.34,396,27,3,3,10,0,28,46,21,8,1,0,18,0,10
stage2_sli/pair_sli477_td415_rep01_SLI_bundle.cha,eng,ICL-PILOT,CHI,56,.,SLI,.,.,Target_Child,.,.,cross,narrative,generated,53,53,5.755,6.038,50,5.720,5.960,108,308,48,37.86,1.019,305,53,0,NA,NA,18,0,0,0,42,NA,308,0,5,3,10,0,3,45,4,14,5,1,1,0,10
stage2_sli/pair_sli477_td415_rep02_SLI_bundle.cha,eng,ICL-PILOT,CHI,56,.,SLI,.,.,Target_Child,.,.,cross,narrative,generated,76,75,4.627,4.973,50,4.260,4.600,128,359,43,39.13,0.724,362,77,0,NA,NA,26,0,0,5,50,7.10,359,14,3,2,6,2,11,42,5,16,0,2,2,0,11
stage2_sli/pair_sli477_td415_rep03_SLI_bundle.cha,eng,ICL-PILOT,CHI,56,.,SLI,.,.,Target_Child,.,.,cross,narrative,generated,66,66,4.455,4.606,50,3.980,4.080,110,299,49,39.53,0.803,332,71,0,NA,NA,20,0,0,0,45,NA,299,2,5,3,2,1,2,35,2,17,3,1,3,0,12
stage2_sli/pair_sli477_td415_rep04_SLI_bundle.cha,eng,ICL-PILOT,CHI,56,.,SLI,.,.,Target_Child,.,.,cross,narrative,generated,62,62,5.387,5.79,50,5.520,5.840,110,336,42,30.53,0.823,347,65,0,NA,NA,27,0,0,2,45,NA,336,13,3,3,7,0,21,42,5,14,0,1,2,0,10
stage2_sli/pair_sli477_td415_rep05_SLI_bundle.cha,eng,ICL-PILOT,CHI,56,.,SLI,.,.,Target_Child,.,.,cross,narrative,generated,59,59,5.305,5.763,50,5.420,5.740,109,320,43,32.13,0.881,344,66,0,NA,NA,24,0,0,0,48,NA,320,1,4,2,5,1,6,34,17,14,3,0,3,0,11
stage2_sli/pair_sli477_td415_rep06_SLI_bundle.cha,eng,ICL-PILOT,CHI,56,.,SLI,.,.,Target_Child,.,.,cross,narrative,generated,85,85,4.224,4.612,50,3.960,4.400,114,363,45,34.89,0.694,360,85,0,NA,NA,22,0,0,1,50,6.10,363,15,2,5,14,0,16,42,1,16,0,2,4,0,10
stage2_sli/pair_sli477_td415_rep07_SLI_bundle.cha,eng,ICL-PILOT,CHI,56,.,SLI,.,.,Target_Child,.,.,cross,narrative,generated,91,91,4.67,4.967,50,4.320,4.580,128,430,58,35.22,0.714,425,91,0,NA,NA,41,0,0,0,50,5.56,430,7,4,1,11,1,14,53,6,21,3,2,2,0,12
stage2_sli/pair_sli477_td415_rep08_SLI_bundle.cha,eng,ICL-PILOT,CHI,56,.,SLI,.,.,Target_Child,.,.,cross,narrative,generated,65,65,5.108,5.462,50,5.100,5.440,124,336,54,43.38,0.846,333,65,0,NA,NA,17,0,0,1,44,NA,336,10,0,2,10,2,4,33,2,11,1,2,0,0,10
stage2_sli/pair_sli477_td415_rep09_SLI_bundle.cha,eng,ICL-PILOT,CHI,56,.,SLI,.,.,Target_Child,.,.,cross,narrative,generated,66,66,5.394,5.652,50,5.320,5.440,114,360,58,31.62,0.758,369,69,0,NA,NA,28,0,0,2,48,NA,360,4,6,5,8,0,10,46,1,6,3,0,4,0,10
stage2_sli/pair_sli477_td415_rep10_SLI_bundle.cha,eng,ICL-PILOT,CHI,56,.,SLI,.,.,Target_Child,.,.,cross,narrative,generated,74,72,4.833,5.042,50,4.740,4.960,111,361,44,29.08,0.811,363,74,0,NA,NA,22,0,0,4,49,NA,361,11,3,1,3,2,12,52,3,13,0,0,0,0,9
stage2_sli/pair_sli478_td419_rep01_SLI_bundle.cha,eng,ICL-PILOT,CHI,54,.,SLI,.,.,Target_Child,.,.,cross,narrative,generated,61,61,5.836,6.787,50,6.120,7.020,118,357,46,39.11,1.18,359,61,0,NA,NA,7,0,0,3,50,5.68,357,12,4,5,9,0,16,55,38,9,1,1,0,0,10
stage2_sli/pair_sli478_td419_rep02_SLI_bundle.cha,eng,ICL-PILOT,CHI,54,.,SLI,.,.,Target_Child,.,.,cross,narrative,generated,70,70,4.971,5.686,50,4.880,5.560,146,354,59,73.09,1.014,361,72,0,NA,NA,17,0,0,1,50,8.70,354,3,4,3,13,0,3,24,34,14,1,9,0,0,10
stage2_sli/pair_sli478_td419_rep03_SLI_bundle.cha,eng,ICL-PILOT,CHI,54,.,SLI,.,.,Target_Child,.,.,cross,narrative,generated,76,76,5.184,6.316,50,4.940,5.860,110,400,48,35.39,1.066,402,79,0,NA,NA,7,0,0,0,50,6.96,400,19,2,10,11,0,22,44,53,0,0,0,6,0,8
stage2_sli/pair_sli478_td419_rep04_SLI_bundle.cha,eng,ICL-PILOT,CHI,54,.,SLI,.,.,Target_Child,.,.,cross,narrative,generated,60,60,4.633,5.333,50,4.620,5.160,112,283,58,54.56,0.817,278,60,0,NA,NA,12,0,0,0,47,NA,283,1,2,4,11,0,7,28,28,14,2,3,1,1,12
stage2_sli/pair_sli478_td419_rep05_SLI_bundle.cha,eng,ICL-PILOT,CHI,54,.,SLI,.,.,Target_Child,.,.,cross,narrative,generated,59,59,5.932,6.763,50,5.940,6.680,122,357,43,38.18,1.034,394,69,0,NA,NA,3,0,0,0,50,6.36,357,5,2,4,6,1,14,54,34,19,4,4,1,0,12
stage2_sli/pair_sli478_td419_rep06_SLI_bundle.cha,eng,ICL-PILOT,CHI,54,.,SLI,.,.,Target_Child,.,.,cross,narrative,generated,58,58,5.31,6.328,50,5.580,6.620,117,309,54,46.05,1.034,319,62,0,NA,NA,2,0,0,2,50,6.16,309,3,2,3,10,1,9,42,46,4,1,0,0,0,10
stage2_sli/pair_sli478_td419_rep07_SLI_bundle.cha,eng,ICL-PILOT,CHI,54,.,SLI,.,.,Target_Child,.,.,cross,narrative,generated,74,74,5.662,6.459,50,5.460,6.160,121,420,42,41.38,1.149,422,74,0,NA,NA,9,0,0,3,50,6.84,420,4,1,9,4,0,7,45,53,0,0,1,0,0,8
stage2_sli/pair_sli478_td419_rep08_SLI_bundle.cha,eng,ICL-PILOT,CHI,54,.,SLI,.,.,Target_Child,.,.,cross,narrative,generated,56,56,4.357,5.161,50,4.200,5.040,100,247,50,44.29,0.786,244,56,0,NA,NA,12,0,0,0,45,NA,247,7,0,2,11,0,10,23,24,8,1,1,3,0,10
stage2_sli/pair_sli478_td419_rep09_SLI_bundle.cha,eng,ICL-PILOT,CHI,54,.,SLI,.,.,Target_Child,.,.,cross,narrative,generated,62,62,5.29,6.339,50,5.280,6.320,121,330,52,47.42,0.903,328,62,0,NA,NA,1,0,0,0,47,NA,330,9,2,8,6,2,12,47,51,0,0,1,0,0,9
stage2_sli/pair_sli478_td419_rep10_SLI_bundle.cha,eng,ICL-PILOT,CHI,54,.,SLI,.,.,Target_Child,.,.,cross,narrative,generated,65,65,4.754,5.446,50,4.620,5.160,125,316,51,66.92,0.831,311,65,0,NA,NA,11,0,0,2,50,6.02,316,3,4,3,3,7,10,17,33,8,2,1,0,0,11
stage2_sli/pair_sli479_td471_rep01_SLI_bundle.cha,eng,ICL-PILOT,CHI,57,.,SLI,.,.,Target_Child,.,.,cross,narrative,generated,66,64,5.531,6.516,50,5.200,6.080,138,371,58,44.09,1.167,410,74,0,NA,NA,9,0,0,1,50,8.78,371,3,3,2,3,0,9,45,54,2,1,4,1,3,12
stage2_sli/pair_sli479_td471_rep02_SLI_bundle.cha,eng,ICL-PILOT,CHI,57,.,SLI,.,.,Target_Child,.,.,cross,narrative,generated,53,53,6.358,7.208,50,6.420,7.300,129,342,54,47.37,1.075,339,53,0,NA,NA,13,0,0,2,44,NA,342,4,5,3,6,1,12,41,32,4,1,2,3,0,12
stage2_sli/pair_sli479_td471_rep03_SLI_bundle.cha,eng,ICL-PILOT,CHI,57,.,SLI,.,.,Target_Child,.,.,cross,narrative,generated,45,45,6.911,8.111,45,NA,NA,124,313,52,49.15,1.111,400,64,0,NA,NA,9,0,0,0,41,NA,313,4,5,2,8,1,11,42,41,2,1,3,0,0,11
stage2_sli/pair_sli479_td471_rep04_SLI_bundle.cha,eng,ICL-PILOT,CHI,57,.,SLI,.,.,Target_Child,.,.,cross,narrative,generated,66,66,5.439,6.364,50,5.480,6.460,119,365,48,40.89,1.045,377,70,0,NA,NA,17,0,0,1,50,7.08,365,7,3,3,11,0,12,35,38,5,1,4,5,0,11
stage2_sli/pair_sli479_td471_rep05_SLI_bundle.cha,eng,ICL-PILOT,CHI,57,.,SLI,.,.,Target_Child,.,.,cross,narrative,generated,52,52,6.077,7.212,50,6.000,7.140,116,320,51,44.68,1.173,344,57,0,NA,NA,6,0,0,0,49,NA,320,5,3,2,3,1,12,36,49,6,1,5,0,1,12
stage2_sli/pair_sli479_td471_rep06_SLI_bundle.cha,eng,ICL-PILOT,CHI,57,.,SLI,.,.,Target_Child,.,.,cross,narrative,generated,64,64,5.344,6.094,50,5.060,5.920,125,346,49,50.39,0.953,342,64,0,NA,NA,23,0,0,0,50,6.78,346,5,4,2,6,0,15,43,34,10,0,2,2,0,10
stage2_sli/pair_sli479_td471_rep07_SLI_bundle.cha,eng,ICL-PILOT,CHI,57,.,SLI,.,.,Target_Child,.,.,cross,narrative,generated,59,59,6.746,8.051,50,6.400,7.540,150,411,58,49.75,1.322,398,59,0,NA,NA,9,0,0,0,50,9.74,411,4,7,2,10,4,10,48,52,7,0,3,3,3,12
stage2_sli/pair_sli479_td471_rep08_SLI_bundle.cha,eng,ICL-PILOT,CHI,57,.,SLI,.,.,Target_Child,.,.,cross,narrative,generated,65,65,5.831,6.815,50,5.940,7.080,133,389,54,49.81,1.308,383,65,0,NA,NA,19,0,0,4,50,8.04,389,4,4,2,13,2,10,33,38,11,1,5,4,0,12
stage2_sli/pair_sli479_td471_rep09_SLI_bundle.cha,eng,ICL-PILOT,CHI,57,.,SLI,.,.,Target_Child,.,.,cross,narrative,generated,52,52,5.788,7.0,50,5.840,7.040,125,305,56,54.59,1.096,301,52,0,NA,NA,0,0,0,0,47,NA,305,3,3,2,13,0,8,34,46,8,1,3,1,0,11
stage2_sli/pair_sli479_td471_rep10_SLI_bundle.cha,eng,ICL-PILOT,CHI,57,.,SLI,.,.,Target_Child,.,.,cross,narrative,generated,63,63,5.683,6.508,50,5.960,6.880,125,364,50,45.11,1.175,369,66,0,NA,NA,22,0,0,0,50,8.00,364,5,3,6,7,0,3,41,35,8,1,3,6,0,11
stage2_sli/pair_sli480_td450_rep01_SLI_bundle.cha,eng,ICL-PILOT,CHI,52,.,SLI,.,.,Target_Child,.,.,cross,narrative,generated,60,60,4.867,5.267,50,4.940,5.320,111,301,52,43.42,0.883,315,65,0,NA,NA,25,0,0,0,46,NA,301,2,3,3,9,7,3,36,6,9,1,1,1,0,12
stage2_sli/pair_sli480_td450_rep02_SLI_bundle.cha,eng,ICL-PILOT,CHI,52,.,SLI,.,.,Target_Child,.,.,cross,narrative,generated,86,86,5.035,5.279,50,5.020,5.220,126,435,46,28.68,1.023,433,86,0,NA,NA,28,0,0,0,50,8.58,435,10,1,4,6,0,8,60,11,14,0,2,1,0,10
stage2_sli/pair_sli480_td450_rep03_SLI_bundle.cha,eng,ICL-PILOT,CHI,52,.,SLI,.,.,Target_Child,.,.,cross,narrative,generated,70,70,5.257,5.557,50,5.180,5.520,135,378,53,52.77,1.043,371,70,0,NA,NA,24,0,0,3,50,6.08,378,4,5,4,6,4,0,41,5,17,1,2,4,0,11
stage2_sli/pair_sli480_td450_rep04_SLI_bundle.cha,eng,ICL-PILOT,CHI,52,.,SLI,.,.,Target_Child,.,.,cross,narrative,generated,83,83,4.94,5.337,50,5.380,5.760,123,412,37,28.21,1.108,424,86,0,NA,NA,18,0,0,2,50,8.12,412,7,1,4,16,1,6,54,15,6,1,2,0,0,11
stage2_sli/pair_sli480_td450_rep05_SLI_bundle.cha,eng,ICL-PILOT,CHI,52,.,SLI,.,.,Target_Child,.,.,cross,narrative,generated,88,87,4.931,5.54,50,5.300,5.920,134,441,56,37.03,0.989,458,88,0,NA,NA,27,0,0,24,50,6.64,441,10,2,3,14,3,19,59,31,12,1,2,3,0,12
stage2_sli/pair_sli480_td450_rep06_SLI_bundle.cha,eng,ICL-PILOT,CHI,52,.,SLI,.,.,Target_Child,.,.,cross,narrative,generated,84,84,4.167,4.345,50,4.180,4.300,126,352,48,48.73,0.917,372,88,0,NA,NA,36,0,0,7,50,6.52,352,6,4,3,8,0,6,28,5,14,1,3,0,0,10
stage2_sli/pair_sli480_td450_rep07_SLI_bundle.cha,eng,ICL-PILOT,CHI,52,.,SLI,.,.,Target_Child,.,.,cross,narrative,generated,67,67,5.806,6.134,50,6.220,6.560,124,400,45,30.99,0.896,410,68,0,NA,NA,31,0,0,7,48,NA,400,4,3,2,4,8,1,47,5,8,1,3,1,0,12
stage2_sli/pair_sli480_td450_rep08_SLI_bundle.cha,eng,ICL-PILOT,CHI,52,.,SLI,.,.,Target_Child,.,.,cross,narrative,generated,71,71,5.958,6.31,50,6.000,6.320,129,427,39,33.55,1.31,460,77,0,NA,NA,28,0,0,0,50,7.52,427,3,1,5,6,1,6,60,14,9,0,1,2,0,11
stage2_sli/pair_sli480_td450_rep09_SLI_bundle.cha,eng,ICL-PILOT,CHI,52,.,SLI,.,.,Target_Child,.,.,cross,narrative,generated,86,86,5.547,6.093,50,6.460,7.180,130,492,32,33.3,1.035,481,86,0,NA,NA,39,0,0,4,50,7.52,492,13,3,4,5,6,12,71,19,15,1,1,9,0,12
stage2_sli/pair_sli480_td450_rep10_SLI_bundle.cha,eng,ICL-PILOT,CHI,52,.,SLI,.,.,Target_Child,.,.,cross,narrative,generated,68,68,4.926,5.162,50,4.660,4.800,121,337,43,48.83,1.015,370,75,0,NA,NA,37,0,0,2,50,6.16,337,2,4,3,3,0,5,33,10,15,0,0,1,1,10
stage2_sli/pair_sli482_td466_rep01_SLI_bundle.cha,eng,ICL-PILOT,CHI,55,.,SLI,.,.,Target_Child,.,.,cross,narrative,generated,60,60,4.967,5.6,50,4.920,5.400,116,299,47,46.04,0.867,308,60,0,NA,NA,18,0,0,10,45,NA,299,2,3,2,6,0,4,28,30,2,2,2,1,0,11
stage2_sli/pair_sli482_td466_rep02_SLI_bundle.cha,eng,ICL-PILOT,CHI,55,.,SLI,.,.,Target_Child,.,.,cross,narrative,generated,57,57,4.86,5.175,50,4.920,5.220,116,278,54,59.48,0.982,279,57,0,NA,NA,22,0,0,2,46,NA,278,2,5,3,5,1,5,22,10,21,0,0,0,0,9
stage2_sli/pair_sli482_td466_rep03_SLI_bundle.cha,eng,ICL-PILOT,CHI,55,.,SLI,.,.,Target_Child,.,.,cross,narrative,generated,56,55,5.855,6.527,50,5.940,6.560,127,331,54,65.66,1.125,336,57,0,NA,NA,21,0,0,7,41,NA,331,1,4,2,11,0,3,31,20,7,1,7,3,0,11
stage2_sli/pair_sli482_td466_rep04_SLI_bundle.cha,eng,ICL-PILOT,CHI,55,.,SLI,.,.,Target_Child,.,.,cross,narrative,generated,57,57,5.281,5.632,50,5.460,5.760,115,302,54,49.23,0.965,302,57,0,NA,NA,30,0,0,1,45,NA,302,0,4,2,15,1,0,22,4,14,0,3,0,0,8
stage2_sli/pair_sli482_td466_rep05_SLI_bundle.cha,eng,ICL-PILOT,CHI,55,.,SLI,.,.,Target_Child,.,.,cross,narrative,generated,59,59,5.237,5.576,50,5.460,5.740,110,311,51,39.57,0.898,316,59,0,NA,NA,24,0,0,7,48,NA,311,3,5,2,7,0,8,49,8,11,2,2,1,1,12
stage2_sli/pair_sli482_td466_rep06_SLI_bundle.cha,eng,ICL-PILOT,CHI,55,.,SLI,.,.,Target_Child,.,.,cross,narrative,generated,61,61,5.361,5.836,50,4.620,4.980,130,328,55,50.11,0.984,327,61,0,NA,NA,38,0,0,0,44,NA,328,4,6,3,14,0,7,26,10,7,0,2,0,0,9
stage2_sli/pair_sli482_td466_rep07_SLI_bundle.cha,eng,ICL-PILOT,CHI,55,.,SLI,.,.,Target_Child,.,.,cross,narrative,generated,69,69,4.899,5.261,50,5.320,5.660,118,341,52,44.46,0.768,363,72,0,NA,NA,25,0,0,15,50,5.38,341,4,5,1,10,0,14,45,8,19,2,0,3,0,10
stage2_sli/pair_sli482_td466_rep08_SLI_bundle.cha,eng,ICL-PILOT,CHI,55,.,SLI,.,.,Target_Child,.,.,cross,narrative,generated,64,64,5.125,5.344,50,5.160,5.340,118,330,45,46.9,1.0,330,64,0,NA,NA,28,0,0,2,44,NA,330,3,3,4,5,0,1,32,6,17,1,1,0,0,10
stage2_sli/pair_sli482_td466_rep09_SLI_bundle.cha,eng,ICL-PILOT,CHI,55,.,SLI,.,.,Target_Child,.,.,cross,narrative,generated,64,64,5.406,5.781,50,5.100,5.400,134,349,58,59.12,1.031,363,66,0,NA,NA,28,0,0,8,50,5.68,349,5,3,1,7,0,5,37,12,19,3,3,2,0,11
stage2_sli/pair_sli482_td466_rep10_SLI_bundle.cha,eng,ICL-PILOT,CHI,55,.,SLI,.,.,Target_Child,.,.,cross,narrative,generated,61,61,6.016,6.426,50,6.040,6.400,138,368,55,50.56,1.0,370,61,0,NA,NA,35,0,0,3,44,NA,368,4,4,4,11,0,3,45,11,15,2,1,0,0,10
