File_ID,error_source,error_relpath,chi_utterances,chi_utterances_with_error_code,error_total_annotations,error_morphology_total,error_syntax_total,error_phonology_total,error_other_total,err_m_c_03s_c_a,err_m_c_0_apos_s,err_m_c_0ed,err_m_c_0es,err_m_c_0ing,err_m_c_0s,err_m_c_0s_c_a,err_m_c_allo,err_m_c_base_c_ed,err_m_c_base_c_en,err_m_c_base_c_er,err_m_c_ed,err_m_c_eq_ed,err_m_c_eq_ed_c_i,err_m_c_eq_en,err_m_c_eq_s,err_m_c_irr_c_ed,err_m_c_irr_c_en,err_m_c_irr_c_s,err_m_c_plus_3s,err_m_c_plus_3s_c_a,err_m_c_plus_ed,err_m_c_plus_en,err_m_c_plus_es,err_m_c_plus_ing,err_m_c_plus_plus_3s,err_m_c_plus_plus_apos_s,err_m_c_plus_plus_ed,err_m_c_plus_plus_ed_c_i,err_m_c_plus_plus_en,err_m_c_plus_plus_en_c_i,err_m_c_plus_plus_est,err_m_c_plus_plus_s,err_m_c_plus_plus_s_c_i,err_m_c_plus_s,err_m_c_plus_s_c_a,err_m_c_sub_c_ed,err_m_c_sub_c_en,err_m_c_vsg_c_a,err_m_c_vun_c_a,err_m_dash_ed,err_p_c_n,err_p_c_w,err_s_c_r,err_s_c_r_c_der,err_s_c_r_c_gc_c_det,err_s_c_r_c_gc_c_pro,err_s_c_r_c_prep
474,/Users/shamiraventurini/PycharmProjects/ICL-PILOT/data/annotated/ENNI_batchalign/SLI/A/0noaudio/474.cha,data/annotated/ENNI_batchalign/SLI/A/0noaudio/474.cha,100,0,0,0,0,0,0,0,0,0,0,0,0,0,0,0,0,0,0,0,0,0,0,0,0,0,0,0,0,0,0,0,0,0,0,0,0,0,0,0,0,0,0,0,0,0,0,0,0,0,0,0,0,0,0
475,/Users/shamiraventurini/PycharmProjects/ICL-PILOT/data/annotated/ENNI_batchalign/SLI/A/0noaudio/475.cha,data/annotated/ENNI_batchalign/SLI/A/0noaudio/475.cha,64,0,0,0,0,0,0,0,0,0,0,0,0,0,0,0,0,0,0,0,0,0,0,0,0,0,0,0,0,0,0,0,0,0,0,0,0,0,0,0,0,0,0,0,0,0,0,0,0,0,0,0,0,0,0
476,/Users/shamiraventurini/PycharmProjects/ICL-PILOT/data/annotated/ENNI_batchalign/SLI/A/0noaudio/476.cha,data/annotated/ENNI_batchalign/SLI/A/0noaudio/476.cha,97,1,1,1,0,0,0,0,0,0,0,0,0,0,0,0,0,0,0,0,0,0,0,0,0,0,0,0,1,0,0,0,0,0,0,0,0,0,0,0,0,0,0,0,0,0,0,0,0,0,0,0,0,0,0
477,/Users/shamiraventurini/PycharmProjects/ICL-PILOT/data/annotated/ENNI_batchalign/SLI/A/0noaudio/477.cha,data/annotated/ENNI_batchalign/SLI/A/0noaudio/477.cha,62,0,0,0,0,0,0,0,0,0,0,0,0,0,0,0,0,0,0,0,0,0,0,0,0,0,0,0,0,0,0,0,0,0,0,0,0,0,0,0,0,0,0,0,0,0,0,0,0,0,0,0,0,0,0
478,/Users/shamiraventurini/PycharmProjects/ICL-PILOT/data/annotated/ENNI_batchalign/SLI/A/0noaudio/478.cha,data/annotated/ENNI_batchalign/SLI/A/0noaudio/478.cha,58,4,4,4,0,0,0,0,0,0,0,0,0,0,0,0,0,0,0,0,0,0,0,0,0,0,0,0,4,0,0,0,0,0,0,0,0,0,0,0,0,0,0,0,0,0,0,0,0,0,0,0,0,0,0
482,/Users/shamiraventurini/PycharmProjects/ICL-PILOT/data/annotated/ENNI_batchalign/SLI/A/0noaudio/482.cha,data/annotated/ENNI_batchalign/SLI/A/0noaudio/482.cha,62,0,0,0,0,0,0,0,0,0,0,0,0,0,0,0,0,0,0,0,0,0,0,0,0,0,0,0,0,0,0,0,0,0,0,0,0,0,0,0,0,0,0,0,0,0,0,0,0,0,0,0,0,0,0
523,/Users/shamiraventurini/PycharmProjects/ICL-PILOT/data/annotated/ENNI_batchalign/SLI/A/0noaudio/523.cha,data/annotated/ENNI_batchalign/SLI/A/0noaudio/523.cha,106,0,0,0,0,0,0,0,0,0,0,0,0,0,0,0,0,0,0,0,0,0,0,0,0,0,0,0,0,0,0,0,0,0,0,0,0,0,0,0,0,0,0,0,0,0,0,0,0,0,0,0,0,0,0
575,/Users/shamiraventurini/PycharmProjects/ICL-PILOT/data/annotated/ENNI_batchalign/SLI/A/0noaudio/575.cha,data/annotated/ENNI_batchalign/SLI/A/0noaudio/575.cha,91,3,3,3,0,0,0,0,0,0,0,0,0,0,0,0,0,0,0,0,0,0,0,0,0,0,0,0,2,0,0,1,0,0,0,0,0,0,0,0,0,0,0,0,0,0,0,0,0,0,0,0,0,0,0
613,/Users/shamiraventurini/PycharmProjects/ICL-PILOT/data/annotated/ENNI_batchalign/SLI/A/0noaudio/613.cha,data/annotated/ENNI_batchalign/SLI/A/0noaudio/613.cha,61,8,9,7,2,0,0,3,0,0,0,0,0,0,2,0,0,0,0,0,0,0,0,0,0,0,0,0,0,0,0,1,0,0,0,0,0,0,0,0,0,0,0,0,0,1,0,0,0,0,0,0,1,0,1
413,/Users/shamiraventurini/PycharmProjects/ICL-PILOT/data/annotated/ENNI_batchalign/SLI/A/413.cha,data/annotated/ENNI_batchalign/SLI/A/413.cha,73,6,11,6,4,1,0,5,0,0,0,0,0,0,0,0,0,0,0,0,0,0,0,0,0,0,0,1,0,0,0,0,0,0,0,0,0,0,0,0,0,0,0,0,0,0,0,0,1,0,0,0,0,4,0
444,/Users/shamiraventurini/PycharmProjects/ICL-PILOT/data/annotated/ENNI_batchalign/SLI/A/444.cha,data/annotated/ENNI_batchalign/SLI/A/444.cha,100,4,6,6,0,0,0,1,0,0,0,0,0,0,1,0,0,0,0,2,0,0,0,0,0,0,1,0,0,0,0,0,0,0,0,0,0,0,0,0,0,0,0,0,0,1,0,0,0,0,0,0,0,0,0
479,/Users/shamiraventurini/PycharmProjects/ICL-PILOT/data/annotated/ENNI_batchalign/SLI/A/479.cha,data/annotated/ENNI_batchalign/SLI/A/479.cha,72,8,10,10,0,0,0,3,0,0,0,0,0,0,3,0,0,0,0,1,0,0,0,0,0,0,0,0,0,0,0,0,0,0,0,2,0,0,0,0,0,0,0,0,0,1,0,0,0,0,0,0,0,0,0
529,/Users/shamiraventurini/PycharmProjects/ICL-PILOT/data/annotated/ENNI_batchalign/SLI/A/529.cha,data/annotated/ENNI_batchalign/SLI/A/529.cha,83,5,6,6,0,0,0,2,0,1,0,1,0,0,2,0,0,0,0,0,0,0,0,0,0,0,0,0,0,0,0,0,0,0,0,0,0,0,0,0,0,0,0,0,0,0,0,0,0,0,0,0,0,0,0
568,/Users/shamiraventurini/PycharmProjects/ICL-PILOT/data/annotated/ENNI_batchalign/SLI/A/568.cha,data/annotated/ENNI_batchalign/SLI/A/568.cha,69,2,2,2,0,0,0,1,0,0,0,0,0,0,0,0,0,0,0,1,0,0,0,0,0,0,0,0,0,0,0,0,0,0,0,0,0,0,0,0,0,0,0,0,0,0,0,0,0,0,0,0,0,0,0
570,/Users/shamiraventurini/PycharmProjects/ICL-PILOT/data/annotated/ENNI_batchalign/SLI/A/570.cha,data/annotated/ENNI_batchalign/SLI/A/570.cha,88,11,13,11,2,0,0,5,0,0,1,0,0,0,0,0,0,0,0,5,0,0,0,0,0,0,0,0,0,0,0,0,0,0,0,0,0,0,0,0,0,0,0,0,0,0,0,0,0,0,0,1,0,0,1
572,/Users/shamiraventurini/PycharmProjects/ICL-PILOT/data/annotated/ENNI_batchalign/SLI/A/572.cha,data/annotated/ENNI_batchalign/SLI/A/572.cha,178,20,20,18,2,0,0,9,0,0,0,0,0,0,2,0,0,0,0,5,0,0,0,0,0,0,0,0,0,0,0,0,0,0,0,0,0,0,0,0,0,0,0,0,0,2,0,0,0,0,0,0,1,1,0
574,/Users/shamiraventurini/PycharmProjects/ICL-PILOT/data/annotated/ENNI_batchalign/SLI/A/574.cha,data/annotated/ENNI_batchalign/SLI/A/574.cha,86,2,2,1,1,0,0,1,0,0,0,0,0,0,0,0,0,0,0,0,0,0,0,0,0,0,0,0,0,0,0,0,0,0,0,0,0,0,0,0,0,0,0,0,0,0,0,0,0,0,0,0,0,1,0
607,/Users/shamiraventurini/PycharmProjects/ICL-PILOT/data/annotated/ENNI_batchalign/SLI/A/607.cha,data/annotated/ENNI_batchalign/SLI/A/607.cha,90,19,23,22,1,0,0,11,0,0,0,3,0,0,0,0,0,0,0,2,0,1,0,1,0,0,0,0,1,0,0,0,0,0,0,0,0,0,0,0,0,1,0,0,0,2,0,0,0,0,0,0,0,0,1
609,/Users/shamiraventurini/PycharmProjects/ICL-PILOT/data/annotated/ENNI_batchalign/SLI/A/609.cha,data/annotated/ENNI_batchalign/SLI/A/609.cha,142,19,19,16,3,0,0,9,1,0,0,2,1,1,0,0,0,0,0,0,0,0,0,1,0,0,0,0,0,0,0,0,0,0,0,1,0,0,0,0,0,0,0,0,0,0,0,0,0,0,0,0,0,3,0
617,/Users/shamiraventurini/PycharmProjects/ICL-PILOT/data/annotated/ENNI_batchalign/SLI/A/617.cha,data/annotated/ENNI_batchalign/SLI/A/617.cha,86,4,4,4,0,0,0,0,0,0,0,0,0,0,1,0,0,0,0,0,0,0,0,1,0,0,0,0,0,0,0,0,0,0,1,1,0,0,0,0,0,0,0,0,0,0,0,0,0,0,0,0,0,0,0
625,/Users/shamiraventurini/PycharmProjects/ICL-PILOT/data/annotated/ENNI_batchalign/SLI/A/625.cha,data/annotated/ENNI_batchalign/SLI/A/625.cha,82,8,8,8,0,0,0,1,0,0,0,0,0,0,2,1,0,0,0,4,0,0,0,0,0,0,0,0,0,0,0,0,0,0,0,0,0,0,0,0,0,0,0,0,0,0,0,0,0,0,0,0,0,0,0
678,/Users/shamiraventurini/PycharmProjects/ICL-PILOT/data/annotated/ENNI_batchalign/SLI/A/678.cha,data/annotated/ENNI_batchalign/SLI/A/678.cha,81,26,28,28,0,0,0,24,1,0,0,1,0,0,0,0,0,0,0,0,0,0,0,0,0,0,0,0,0,0,0,0,0,0,0,0,0,0,0,0,0,0,0,0,0,0,2,0,0,0,0,0,0,0,0
717,/Users/shamiraventurini/PycharmProjects/ICL-PILOT/data/annotated/ENNI_batchalign/SLI/A/717.cha,data/annotated/ENNI_batchalign/SLI/A/717.cha,83,4,4,4,0,0,0,1,0,0,0,0,0,0,3,0,0,0,0,0,0,0,0,0,0,0,0,0,0,0,0,0,0,0,0,0,0,0,0,0,0,0,0,0,0,0,0,0,0,0,0,0,0,0,0
721,/Users/shamiraventurini/PycharmProjects/ICL-PILOT/data/annotated/ENNI_batchalign/SLI/A/721.cha,data/annotated/ENNI_batchalign/SLI/A/721.cha,88,8,9,8,1,0,0,3,0,0,0,1,0,0,2,0,0,0,0,0,0,0,0,1,0,0,1,0,0,0,0,0,0,0,0,0,0,0,0,0,0,0,0,0,0,0,0,0,0,0,0,1,0,0,0
725,/Users/shamiraventurini/PycharmProjects/ICL-PILOT/data/annotated/ENNI_batchalign/SLI/A/725.cha,data/annotated/ENNI_batchalign/SLI/A/725.cha,207,5,5,3,0,2,0,1,0,0,0,0,0,0,0,1,0,0,0,0,0,0,0,1,0,0,0,0,0,0,0,0,0,0,0,0,0,0,0,0,0,0,0,0,0,0,0,0,1,1,0,0,0,0,0
729,/Users/shamiraventurini/PycharmProjects/ICL-PILOT/data/annotated/ENNI_batchalign/SLI/A/729.cha,data/annotated/ENNI_batchalign/SLI/A/729.cha,159,19,21,15,6,0,0,7,0,0,0,0,0,0,2,1,1,0,0,2,0,0,0,0,0,0,0,0,0,0,0,1,0,0,0,0,0,0,0,0,0,0,0,1,0,0,0,0,0,0,0,0,0,5,1
733,/Users/shamiraventurini/PycharmProjects/ICL-PILOT/data/annotated/ENNI_batchalign/SLI/A/733.cha,data/annotated/ENNI_batchalign/SLI/A/733.cha,68,11,11,11,0,0,0,2,0,1,0,0,0,0,2,0,0,0,0,1,0,0,0,0,0,0,0,0,0,0,0,0,0,0,0,0,0,0,0,0,0,0,0,0,0,4,1,0,0,0,0,0,0,0,0
777,/Users/shamiraventurini/PycharmProjects/ICL-PILOT/data/annotated/ENNI_batchalign/SLI/A/777.cha,data/annotated/ENNI_batchalign/SLI/A/777.cha,58,5,5,5,0,0,0,0,0,0,0,0,0,0,1,1,0,0,0,0,0,0,0,1,0,0,0,0,0,0,0,0,0,0,0,1,0,0,0,0,0,0,0,0,0,0,1,0,0,0,0,0,0,0,0
817,/Users/shamiraventurini/PycharmProjects/ICL-PILOT/data/annotated/ENNI_batchalign/SLI/A/817.cha,data/annotated/ENNI_batchalign/SLI/A/817.cha,71,10,11,11,0,0,0,4,0,0,0,0,0,0,0,0,0,0,0,0,0,0,0,0,0,0,0,0,1,0,0,0,0,0,0,2,0,0,0,0,0,0,0,0,0,0,4,0,0,0,0,0,0,0,0
821,/Users/shamiraventurini/PycharmProjects/ICL-PILOT/data/annotated/ENNI_batchalign/SLI/A/821.cha,data/annotated/ENNI_batchalign/SLI/A/821.cha,74,8,8,8,0,0,0,3,0,0,0,0,0,0,3,0,0,0,0,1,0,0,0,0,0,0,0,0,0,0,0,0,0,0,0,0,0,0,0,0,0,0,0,0,0,1,0,0,0,0,0,0,0,0,0
825,/Users/shamiraventurini/PycharmProjects/ICL-PILOT/data/annotated/ENNI_batchalign/SLI/A/825.cha,data/annotated/ENNI_batchalign/SLI/A/825.cha,81,3,3,3,0,0,0,0,0,0,0,0,0,1,0,0,0,0,0,1,0,0,0,0,0,0,0,0,1,0,0,0,0,0,0,0,0,0,0,0,0,0,0,0,0,0,0,0,0,0,0,0,0,0,0
829,/Users/shamiraventurini/PycharmProjects/ICL-PILOT/data/annotated/ENNI_batchalign/SLI/A/829.cha,data/annotated/ENNI_batchalign/SLI/A/829.cha,69,31,38,32,6,0,0,26,0,1,0,0,0,0,0,0,0,0,0,4,0,0,0,0,0,0,0,0,0,0,0,0,0,0,0,1,0,0,0,0,0,0,0,0,0,0,0,0,0,0,0,0,0,6,0
871,/Users/shamiraventurini/PycharmProjects/ICL-PILOT/data/annotated/ENNI_batchalign/SLI/A/871.cha,data/annotated/ENNI_batchalign/SLI/A/871.cha,74,7,7,6,0,1,0,1,0,0,0,0,0,0,1,0,0,0,0,2,0,0,0,0,0,0,0,0,1,0,0,0,0,0,0,0,0,0,0,0,0,0,0,0,0,1,0,0,1,0,0,0,0,0,0
878,/Users/shamiraventurini/PycharmProjects/ICL-PILOT/data/annotated/ENNI_batchalign/SLI/A/878.cha,data/annotated/ENNI_batchalign/SLI/A/878.cha,72,4,4,3,0,1,0,1,0,0,0,0,0,0,0,0,0,0,0,0,0,0,0,0,0,0,0,0,0,0,0,0,0,0,0,2,0,0,0,0,0,0,0,0,0,0,0,0,1,0,0,0,0,0,0
880,/Users/shamiraventurini/PycharmProjects/ICL-PILOT/data/annotated/ENNI_batchalign/SLI/A/880.cha,data/annotated/ENNI_batchalign/SLI/A/880.cha,114,3,3,3,0,0,0,0,0,0,0,0,0,0,0,0,0,0,0,0,0,0,0,0,0,0,0,0,0,0,0,0,0,0,0,2,0,0,1,0,0,0,0,0,0,0,0,0,0,0,0,0,0,0,0
922,/Users/shamiraventurini/PycharmProjects/ICL-PILOT/data/annotated/ENNI_batchalign/SLI/A/922.cha,data/annotated/ENNI_batchalign/SLI/A/922.cha,207,7,7,7,0,0,0,3,0,0,0,1,0,0,1,0,0,0,0,1,0,0,0,0,0,0,0,0,0,0,0,0,0,0,0,0,0,0,0,0,0,0,0,1,0,0,0,0,0,0,0,0,0,0,0
926,/Users/shamiraventurini/PycharmProjects/ICL-PILOT/data/annotated/ENNI_batchalign/SLI/A/926.cha,data/annotated/ENNI_batchalign/SLI/A/926.cha,87,8,9,8,0,1,0,0,0,0,0,0,0,0,1,3,0,0,0,2,0,0,1,0,0,0,0,0,0,0,0,0,0,0,0,0,0,0,0,0,0,1,0,0,0,0,0,0,0,1,0,0,0,0,0
973,/Users/shamiraventurini/PycharmProjects/ICL-PILOT/data/annotated/ENNI_batchalign/SLI/A/973.cha,data/annotated/ENNI_batchalign/SLI/A/973.cha,66,17,18,16,0,2,0,9,0,1,0,0,0,0,0,0,0,0,0,4,0,0,0,0,0,0,0,0,0,0,0,0,0,0,0,0,0,0,0,0,1,0,0,0,0,1,0,0,2,0,0,0,0,0,0
427,/Users/shamiraventurini/PycharmProjects/ICL-PILOT/data/annotated/ENNI_batchalign/SLI/B/427.cha,data/annotated/ENNI_batchalign/SLI/B/427.cha,79,4,5,3,0,2,0,2,0,0,0,0,0,0,1,0,0,0,0,0,0,0,0,0,0,0,0,0,0,0,0,0,0,0,0,0,0,0,0,0,0,0,0,0,0,0,0,0,2,0,0,0,0,0,0
480,/Users/shamiraventurini/PycharmProjects/ICL-PILOT/data/annotated/ENNI_batchalign/SLI/B/480.cha,data/annotated/ENNI_batchalign/SLI/B/480.cha,168,10,10,8,0,2,0,7,0,0,0,0,0,0,0,0,0,0,0,1,0,0,0,0,0,0,0,0,0,0,0,0,0,0,0,0,0,0,0,0,0,0,0,0,0,0,0,0,2,0,0,0,0,0,0
527,/Users/shamiraventurini/PycharmProjects/ICL-PILOT/data/annotated/ENNI_batchalign/SLI/B/527.cha,data/annotated/ENNI_batchalign/SLI/B/527.cha,141,4,5,4,1,0,0,3,0,0,0,0,0,0,0,0,0,0,0,0,0,0,0,0,0,0,0,0,0,0,0,0,0,0,0,0,0,0,0,0,0,0,0,0,0,1,0,0,0,0,0,0,0,1,0
531,/Users/shamiraventurini/PycharmProjects/ICL-PILOT/data/annotated/ENNI_batchalign/SLI/B/531.cha,data/annotated/ENNI_batchalign/SLI/B/531.cha,73,3,3,3,0,0,0,3,0,0,0,0,0,0,0,0,0,0,0,0,0,0,0,0,0,0,0,0,0,0,0,0,0,0,0,0,0,0,0,0,0,0,0,0,0,0,0,0,0,0,0,0,0,0,0
535,/Users/shamiraventurini/PycharmProjects/ICL-PILOT/data/annotated/ENNI_batchalign/SLI/B/535.cha,data/annotated/ENNI_batchalign/SLI/B/535.cha,84,10,12,11,1,0,0,7,0,0,0,0,0,0,0,0,0,0,0,1,0,0,0,0,0,0,0,1,0,0,0,0,0,0,0,0,0,0,0,0,0,0,2,0,0,0,0,0,0,0,0,0,1,0,0
567,/Users/shamiraventurini/PycharmProjects/ICL-PILOT/data/annotated/ENNI_batchalign/SLI/B/567.cha,data/annotated/ENNI_batchalign/SLI/B/567.cha,91,7,9,6,3,0,0,1,0,0,0,0,0,0,0,0,0,0,0,1,0,0,0,0,0,0,0,0,0,0,0,0,0,0,0,2,0,0,0,0,0,0,0,0,0,0,2,0,0,0,0,1,0,2,0
569,/Users/shamiraventurini/PycharmProjects/ICL-PILOT/data/annotated/ENNI_batchalign/SLI/B/569.cha,data/annotated/ENNI_batchalign/SLI/B/569.cha,97,11,11,11,0,0,0,10,0,0,0,0,0,0,0,1,0,0,0,0,0,0,0,0,0,0,0,0,0,0,0,0,0,0,0,0,0,0,0,0,0,0,0,0,0,0,0,0,0,0,0,0,0,0,0
576,/Users/shamiraventurini/PycharmProjects/ICL-PILOT/data/annotated/ENNI_batchalign/SLI/B/576.cha,data/annotated/ENNI_batchalign/SLI/B/576.cha,93,12,12,10,2,0,0,5,0,0,0,0,0,0,1,0,0,0,0,4,0,0,0,0,0,0,0,0,0,0,0,0,0,0,0,0,0,0,0,0,0,0,0,0,0,0,0,0,0,0,0,0,0,0,2
611,/Users/shamiraventurini/PycharmProjects/ICL-PILOT/data/annotated/ENNI_batchalign/SLI/B/611.cha,data/annotated/ENNI_batchalign/SLI/B/611.cha,86,4,4,4,0,0,0,0,0,0,0,0,0,0,1,0,0,0,0,0,0,0,0,0,0,0,0,0,0,0,0,0,0,0,0,0,0,0,0,0,0,0,0,0,0,2,1,0,0,0,0,0,0,0,0
667,/Users/shamiraventurini/PycharmProjects/ICL-PILOT/data/annotated/ENNI_batchalign/SLI/B/667.cha,data/annotated/ENNI_batchalign/SLI/B/667.cha,95,39,45,28,17,0,0,17,0,0,0,1,0,0,0,3,0,0,0,2,0,0,0,1,0,0,0,1,0,0,0,1,0,0,0,0,0,0,0,0,0,0,0,0,0,0,2,0,0,0,0,0,0,17,0
673,/Users/shamiraventurini/PycharmProjects/ICL-PILOT/data/annotated/ENNI_batchalign/SLI/B/673.cha,data/annotated/ENNI_batchalign/SLI/B/673.cha,166,24,26,26,0,0,0,19,0,0,0,0,0,0,0,1,0,0,0,3,0,0,0,1,0,0,0,0,0,0,0,0,0,0,0,0,0,0,0,0,0,0,0,0,0,0,2,0,0,0,0,0,0,0,0
679,/Users/shamiraventurini/PycharmProjects/ICL-PILOT/data/annotated/ENNI_batchalign/SLI/B/679.cha,data/annotated/ENNI_batchalign/SLI/B/679.cha,68,10,10,10,0,0,0,4,0,0,0,0,0,0,1,0,0,0,0,2,0,0,0,0,0,0,0,0,0,0,0,0,0,0,0,2,0,0,0,0,0,0,0,0,0,1,0,0,0,0,0,0,0,0,0
680,/Users/shamiraventurini/PycharmProjects/ICL-PILOT/data/annotated/ENNI_batchalign/SLI/B/680.cha,data/annotated/ENNI_batchalign/SLI/B/680.cha,68,2,2,1,1,0,0,0,0,0,0,0,0,0,0,0,0,0,0,0,0,0,0,0,0,0,0,0,1,0,0,0,0,0,0,0,0,0,0,0,0,0,0,0,0,0,0,0,0,0,0,0,0,1,0
723,/Users/shamiraventurini/PycharmProjects/ICL-PILOT/data/annotated/ENNI_batchalign/SLI/B/723.cha,data/annotated/ENNI_batchalign/SLI/B/723.cha,67,3,3,3,0,0,0,2,0,0,0,0,0,0,1,0,0,0,0,0,0,0,0,0,0,0,0,0,0,0,0,0,0,0,0,0,0,0,0,0,0,0,0,0,0,0,0,0,0,0,0,0,0,0,0
727,/Users/shamiraventurini/PycharmProjects/ICL-PILOT/data/annotated/ENNI_batchalign/SLI/B/727.cha,data/annotated/ENNI_batchalign/SLI/B/727.cha,80,17,18,16,2,0,0,10,0,0,0,1,0,0,1,2,0,0,0,1,0,0,0,0,0,0,0,0,0,0,0,0,0,0,0,0,0,0,0,0,0,0,0,0,1,0,0,0,0,0,0,0,2,0,0
731,/Users/shamiraventurini/PycharmProjects/ICL-PILOT/data/annotated/ENNI_batchalign/SLI/B/731.cha,data/annotated/ENNI_batchalign/SLI/B/731.cha,62,36,43,36,7,0,0,16,0,0,0,0,1,2,2,0,0,0,0,7,0,0,0,0,0,0,0,0,0,0,0,0,0,0,0,0,0,0,0,0,0,0,0,0,0,0,8,0,0,0,0,0,0,7,0
735,/Users/shamiraventurini/PycharmProjects/ICL-PILOT/data/annotated/ENNI_batchalign/SLI/B/735.cha,data/annotated/ENNI_batchalign/SLI/B/735.cha,196,8,8,7,0,1,0,0,0,0,0,0,0,0,0,0,0,0,0,3,0,0,0,0,0,0,0,0,0,0,0,0,0,0,0,4,0,0,0,0,0,0,0,0,0,0,0,0,1,0,0,0,0,0,0
739,/Users/shamiraventurini/PycharmProjects/ICL-PILOT/data/annotated/ENNI_batchalign/SLI/B/739.cha,data/annotated/ENNI_batchalign/SLI/B/739.cha,51,8,8,8,0,0,0,3,0,0,0,0,0,0,2,0,0,0,0,3,0,0,0,0,0,0,0,0,0,0,0,0,0,0,0,0,0,0,0,0,0,0,0,0,0,0,0,0,0,0,0,0,0,0,0
774,/Users/shamiraventurini/PycharmProjects/ICL-PILOT/data/annotated/ENNI_batchalign/SLI/B/774.cha,data/annotated/ENNI_batchalign/SLI/B/774.cha,94,9,10,8,2,0,0,5,0,0,0,0,0,0,0,0,0,0,0,1,0,0,0,0,0,0,0,0,1,0,0,0,0,0,0,0,0,0,0,0,0,0,0,0,0,0,1,0,0,0,0,0,1,0,1
778,/Users/shamiraventurini/PycharmProjects/ICL-PILOT/data/annotated/ENNI_batchalign/SLI/B/778.cha,data/annotated/ENNI_batchalign/SLI/B/778.cha,63,16,16,16,0,0,0,9,0,1,0,0,0,0,0,0,0,0,0,5,0,0,0,0,1,0,0,0,0,0,0,0,0,0,0,0,0,0,0,0,0,0,0,0,0,0,0,0,0,0,0,0,0,0,0
819,/Users/shamiraventurini/PycharmProjects/ICL-PILOT/data/annotated/ENNI_batchalign/SLI/B/819.cha,data/annotated/ENNI_batchalign/SLI/B/819.cha,144,9,9,8,1,0,0,4,0,0,0,0,0,0,1,0,0,0,0,1,1,0,0,0,0,0,0,0,0,0,0,0,0,0,0,1,0,0,0,0,0,0,0,0,0,0,0,0,0,0,0,0,0,1,0
823,/Users/shamiraventurini/PycharmProjects/ICL-PILOT/data/annotated/ENNI_batchalign/SLI/B/823.cha,data/annotated/ENNI_batchalign/SLI/B/823.cha,110,7,8,7,1,0,0,1,0,0,0,0,0,0,1,0,0,0,0,1,0,0,0,0,0,0,0,0,0,0,0,3,0,0,0,0,0,0,0,0,0,0,0,0,0,1,0,0,0,0,0,0,0,0,1
827,/Users/shamiraventurini/PycharmProjects/ICL-PILOT/data/annotated/ENNI_batchalign/SLI/B/827.cha,data/annotated/ENNI_batchalign/SLI/B/827.cha,123,11,12,11,1,0,0,4,0,0,0,0,0,0,2,0,0,0,0,2,0,0,0,0,0,0,0,0,0,0,0,0,0,0,3,0,0,0,0,0,0,0,0,0,0,0,0,0,0,0,0,0,1,0,0
831,/Users/shamiraventurini/PycharmProjects/ICL-PILOT/data/annotated/ENNI_batchalign/SLI/B/831.cha,data/annotated/ENNI_batchalign/SLI/B/831.cha,110,5,5,5,0,0,0,1,0,0,0,0,0,0,1,0,0,0,0,1,0,0,0,0,1,0,0,0,0,0,0,0,0,0,0,0,0,0,0,0,0,0,0,0,0,1,0,0,0,0,0,0,0,0,0
870,/Users/shamiraventurini/PycharmProjects/ICL-PILOT/data/annotated/ENNI_batchalign/SLI/B/870.cha,data/annotated/ENNI_batchalign/SLI/B/870.cha,67,13,13,13,0,0,0,9,0,0,0,0,0,0,2,1,0,0,0,0,0,0,0,0,0,0,0,0,0,0,0,1,0,0,0,0,0,0,0,0,0,0,0,0,0,0,0,0,0,0,0,0,0,0,0
872,/Users/shamiraventurini/PycharmProjects/ICL-PILOT/data/annotated/ENNI_batchalign/SLI/B/872.cha,data/annotated/ENNI_batchalign/SLI/B/872.cha,66,8,9,7,0,2,0,1,0,0,0,0,0,0,2,0,0,0,0,2,0,0,2,0,0,0,0,0,0,0,0,0,0,0,0,0,0,0,0,0,0,0,0,0,0,0,0,0,1,1,0,0,0,0,0
874,/Users/shamiraventurini/PycharmProjects/ICL-PILOT/data/annotated/ENNI_batchalign/SLI/B/874.cha,data/annotated/ENNI_batchalign/SLI/B/874.cha,86,23,25,22,2,1,0,13,0,0,0,0,0,0,1,3,0,0,0,0,0,0,0,0,0,0,0,0,0,0,0,0,0,0,0,0,0,0,0,0,0,0,0,0,0,4,1,0,1,0,0,1,0,0,1
875,/Users/shamiraventurini/PycharmProjects/ICL-PILOT/data/annotated/ENNI_batchalign/SLI/B/875.cha,data/annotated/ENNI_batchalign/SLI/B/875.cha,90,10,14,13,1,0,0,4,0,2,0,0,0,1,0,1,0,0,0,3,0,0,0,0,0,0,0,0,0,0,0,1,0,0,0,1,0,0,0,0,0,0,0,0,0,0,0,0,0,0,0,0,0,1,0
877,/Users/shamiraventurini/PycharmProjects/ICL-PILOT/data/annotated/ENNI_batchalign/SLI/B/877.cha,data/annotated/ENNI_batchalign/SLI/B/877.cha,66,4,4,4,0,0,0,1,0,0,0,0,0,0,1,0,0,0,0,0,0,0,0,0,0,0,0,0,0,0,0,0,0,0,0,0,0,0,0,0,0,0,0,0,0,1,1,0,0,0,0,0,0,0,0
879,/Users/shamiraventurini/PycharmProjects/ICL-PILOT/data/annotated/ENNI_batchalign/SLI/B/879.cha,data/annotated/ENNI_batchalign/SLI/B/879.cha,104,23,24,24,0,0,0,13,0,0,0,1,0,0,1,1,0,0,0,1,0,0,0,0,0,0,0,0,0,0,0,0,0,0,0,1,0,0,0,0,0,0,0,0,0,1,5,0,0,0,0,0,0,0,0
903,/Users/shamiraventurini/PycharmProjects/ICL-PILOT/data/annotated/ENNI_batchalign/SLI/B/903.cha,data/annotated/ENNI_batchalign/SLI/B/903.cha,58,2,4,3,1,0,0,2,0,0,0,0,0,0,0,0,0,0,0,0,0,0,0,0,0,0,0,0,0,0,0,0,0,0,0,0,0,0,0,0,0,0,0,0,0,1,0,0,0,0,0,0,0,1,0
920,/Users/shamiraventurini/PycharmProjects/ICL-PILOT/data/annotated/ENNI_batchalign/SLI/B/920.cha,data/annotated/ENNI_batchalign/SLI/B/920.cha,88,8,9,9,0,0,0,2,0,0,0,0,0,0,4,0,0,0,0,1,0,0,0,0,0,0,0,0,0,0,0,0,0,0,0,0,0,0,0,0,0,0,0,0,0,2,0,0,0,0,0,0,0,0,0
924,/Users/shamiraventurini/PycharmProjects/ICL-PILOT/data/annotated/ENNI_batchalign/SLI/B/924.cha,data/annotated/ENNI_batchalign/SLI/B/924.cha,164,16,18,17,0,1,0,4,0,1,0,0,0,0,2,2,0,0,0,3,0,0,0,1,0,0,0,0,0,0,0,0,0,0,0,4,0,0,0,0,0,0,0,0,0,0,0,0,1,0,0,0,0,0,0
928,/Users/shamiraventurini/PycharmProjects/ICL-PILOT/data/annotated/ENNI_batchalign/SLI/B/928.cha,data/annotated/ENNI_batchalign/SLI/B/928.cha,73,6,7,7,0,0,0,0,0,0,0,0,0,0,0,1,0,0,0,5,0,0,0,0,0,0,0,0,0,0,0,0,0,0,0,1,0,0,0,0,0,0,0,0,0,0,0,0,0,0,0,0,0,0,0
932,/Users/shamiraventurini/PycharmProjects/ICL-PILOT/data/annotated/ENNI_batchalign/SLI/B/932.cha,data/annotated/ENNI_batchalign/SLI/B/932.cha,106,7,7,6,0,1,0,1,0,0,0,0,0,0,1,0,0,0,0,1,0,0,0,0,0,0,0,0,0,0,0,1,0,0,0,0,0,0,0,0,0,0,0,0,0,2,0,0,1,0,0,0,0,0,0
934,/Users/shamiraventurini/PycharmProjects/ICL-PILOT/data/annotated/ENNI_batchalign/SLI/B/934.cha,data/annotated/ENNI_batchalign/SLI/B/934.cha,72,0,0,0,0,0,0,0,0,0,0,0,0,0,0,0,0,0,0,0,0,0,0,0,0,0,0,0,0,0,0,0,0,0,0,0,0,0,0,0,0,0,0,0,0,0,0,0,0,0,0,0,0,0,0
935,/Users/shamiraventurini/PycharmProjects/ICL-PILOT/data/annotated/ENNI_batchalign/SLI/B/935.cha,data/annotated/ENNI_batchalign/SLI/B/935.cha,64,7,7,6,1,0,0,3,0,0,0,0,0,0,1,0,0,0,0,0,0,0,0,0,0,0,0,0,0,0,0,0,0,0,0,0,0,0,0,0,0,0,0,0,0,1,1,0,0,0,0,0,0,1,0
401,/Users/shamiraventurini/PycharmProjects/ICL-PILOT/data/annotated/ENNI_batchalign/TD/A/401.cha,data/annotated/ENNI_batchalign/TD/A/401.cha,139,16,18,18,0,0,0,2,1,0,0,0,0,0,1,1,0,0,0,4,0,0,0,0,0,0,0,0,5,0,0,0,0,0,0,3,0,0,0,0,0,0,1,0,0,0,0,0,0,0,0,0,0,0,0
402,/Users/shamiraventurini/PycharmProjects/ICL-PILOT/data/annotated/ENNI_batchalign/TD/A/402.cha,data/annotated/ENNI_batchalign/TD/A/402.cha,107,5,6,5,1,0,0,0,0,0,0,0,0,0,2,0,0,0,0,3,0,0,0,0,0,0,0,0,0,0,0,0,0,0,0,0,0,0,0,0,0,0,0,0,0,0,0,0,0,0,0,0,0,1,0
405,/Users/shamiraventurini/PycharmProjects/ICL-PILOT/data/annotated/ENNI_batchalign/TD/A/405.cha,data/annotated/ENNI_batchalign/TD/A/405.cha,97,2,2,2,0,0,0,0,0,0,0,0,0,0,1,0,0,0,0,0,0,0,0,0,0,0,0,0,0,0,0,0,0,0,0,0,0,0,0,0,0,0,0,0,0,1,0,0,0,0,0,0,0,0,0
406,/Users/shamiraventurini/PycharmProjects/ICL-PILOT/data/annotated/ENNI_batchalign/TD/A/406.cha,data/annotated/ENNI_batchalign/TD/A/406.cha,111,8,8,6,1,1,0,1,0,0,0,0,0,0,0,1,0,0,0,3,0,0,0,0,0,0,0,0,1,0,0,0,0,0,0,0,0,0,0,0,0,0,0,0,0,0,0,0,1,0,0,0,0,1,0
409,/Users/shamiraventurini/PycharmProjects/ICL-PILOT/data/annotated/ENNI_batchalign/TD/A/409.cha,data/annotated/ENNI_batchalign/TD/A/409.cha,68,0,0,0,0,0,0,0,0,0,0,0,0,0,0,0,0,0,0,0,0,0,0,0,0,0,0,0,0,0,0,0,0,0,0,0,0,0,0,0,0,0,0,0,0,0,0,0,0,0,0,0,0,0,0
410,/Users/shamiraventurini/PycharmProjects/ICL-PILOT/data/annotated/ENNI_batchalign/TD/A/410.cha,data/annotated/ENNI_batchalign/TD/A/410.cha,64,6,7,7,0,0,0,0,0,0,0,1,0,0,4,0,0,0,0,0,0,0,0,0,0,0,0,0,0,0,0,0,0,0,2,0,0,0,0,0,0,0,0,0,0,0,0,0,0,0,0,0,0,0,0
414,/Users/shamiraventurini/PycharmProjects/ICL-PILOT/data/annotated/ENNI_batchalign/TD/A/414.cha,data/annotated/ENNI_batchalign/TD/A/414.cha,87,12,13,11,2,0,0,0,0,0,0,0,0,0,0,0,0,0,0,11,0,0,0,0,0,0,0,0,0,0,0,0,0,0,0,0,0,0,0,0,0,0,0,0,0,0,0,0,0,0,0,2,0,0,0
417,/Users/shamiraventurini/PycharmProjects/ICL-PILOT/data/annotated/ENNI_batchalign/TD/A/417.cha,data/annotated/ENNI_batchalign/TD/A/417.cha,140,3,3,3,0,0,0,0,1,0,0,0,0,0,0,1,0,0,0,1,0,0,0,0,0,0,0,0,0,0,0,0,0,0,0,0,0,0,0,0,0,0,0,0,0,0,0,0,0,0,0,0,0,0,0
418,/Users/shamiraventurini/PycharmProjects/ICL-PILOT/data/annotated/ENNI_batchalign/TD/A/418.cha,data/annotated/ENNI_batchalign/TD/A/418.cha,108,1,1,0,1,0,0,0,0,0,0,0,0,0,0,0,0,0,0,0,0,0,0,0,0,0,0,0,0,0,0,0,0,0,0,0,0,0,0,0,0,0,0,0,0,0,0,0,0,0,0,0,0,1,0
421,/Users/shamiraventurini/PycharmProjects/ICL-PILOT/data/annotated/ENNI_batchalign/TD/A/421.cha,data/annotated/ENNI_batchalign/TD/A/421.cha,198,13,13,11,2,0,0,0,0,0,0,0,0,0,0,1,0,0,0,8,0,0,1,0,0,0,0,0,0,0,0,0,0,0,0,1,0,0,0,0,0,0,0,0,0,0,0,0,0,0,0,1,0,1,0
425,/Users/shamiraventurini/PycharmProjects/ICL-PILOT/data/annotated/ENNI_batchalign/TD/A/425.cha,data/annotated/ENNI_batchalign/TD/A/425.cha,120,8,8,8,0,0,0,0,0,0,0,0,0,1,2,0,0,0,0,2,0,0,0,0,0,0,0,0,1,0,0,0,0,0,0,2,0,0,0,0,0,0,0,0,0,0,0,0,0,0,0,0,0,0,0
429,/Users/shamiraventurini/PycharmProjects/ICL-PILOT/data/annotated/ENNI_batchalign/TD/A/429.cha,data/annotated/ENNI_batchalign/TD/A/429.cha,67,9,10,8,2,0,0,2,0,0,0,0,0,0,1,0,0,0,0,5,0,0,0,0,0,0,0,0,0,0,0,0,0,0,0,0,0,0,0,0,0,0,0,0,0,0,0,0,0,0,0,0,0,2,0
441,/Users/shamiraventurini/PycharmProjects/ICL-PILOT/data/annotated/ENNI_batchalign/TD/A/441.cha,data/annotated/ENNI_batchalign/TD/A/441.cha,67,2,2,2,0,0,0,0,0,0,0,0,0,0,1,0,0,0,0,1,0,0,0,0,0,0,0,0,0,0,0,0,0,0,0,0,0,0,0,0,0,0,0,0,0,0,0,0,0,0,0,0,0,0,0
448,/Users/shamiraventurini/PycharmProjects/ICL-PILOT/data/annotated/ENNI_batchalign/TD/A/448.cha,data/annotated/ENNI_batchalign/TD/A/448.cha,88,4,4,4,0,0,0,1,0,0,0,0,0,0,0,0,0,0,0,2,0,0,0,0,0,0,0,0,0,0,0,0,0,0,0,1,0,0,0,0,0,0,0,0,0,0,0,0,0,0,0,0,0,0,0
452,/Users/shamiraventurini/PycharmProjects/ICL-PILOT/data/annotated/ENNI_batchalign/TD/A/452.cha,data/annotated/ENNI_batchalign/TD/A/452.cha,68,4,6,6,0,0,0,0,0,0,0,0,0,0,5,0,0,0,0,0,0,0,0,0,0,0,0,0,0,0,0,0,0,0,0,1,0,0,0,0,0,0,0,0,0,0,0,0,0,0,0,0,0,0,0
456,/Users/shamiraventurini/PycharmProjects/ICL-PILOT/data/annotated/ENNI_batchalign/TD/A/456.cha,data/annotated/ENNI_batchalign/TD/A/456.cha,64,16,16,16,0,0,0,3,0,1,0,1,0,0,1,0,0,0,0,10,0,0,0,0,0,0,0,0,0,0,0,0,0,0,0,0,0,0,0,0,0,0,0,0,0,0,0,0,0,0,0,0,0,0,0
457,/Users/shamiraventurini/PycharmProjects/ICL-PILOT/data/annotated/ENNI_batchalign/TD/A/457.cha,data/annotated/ENNI_batchalign/TD/A/457.cha,94,9,12,10,2,0,0,2,0,1,0,0,0,0,1,0,0,0,0,5,0,0,0,0,0,0,0,0,0,0,0,1,0,0,0,0,0,0,0,0,0,0,0,0,0,0,0,0,0,0,0,0,0,2,0
460,/Users/shamiraventurini/PycharmProjects/ICL-PILOT/data/annotated/ENNI_batchalign/TD/A/460.cha,data/annotated/ENNI_batchalign/TD/A/460.cha,79,4,6,4,2,0,0,0,0,0,0,0,0,0,2,0,0,0,0,0,0,0,0,0,0,0,0,0,0,0,0,0,0,0,0,2,0,0,0,0,0,0,0,0,0,0,0,0,0,0,0,0,0,2,0
464,/Users/shamiraventurini/PycharmProjects/ICL-PILOT/data/annotated/ENNI_batchalign/TD/A/464.cha,data/annotated/ENNI_batchalign/TD/A/464.cha,65,5,5,4,0,1,0,1,0,0,0,0,0,0,1,0,0,0,0,0,0,0,0,0,0,0,0,0,1,0,0,0,0,0,0,1,0,0,0,0,0,0,0,0,0,0,0,0,1,0,0,0,0,0,0
468,/Users/shamiraventurini/PycharmProjects/ICL-PILOT/data/annotated/ENNI_batchalign/TD/A/468.cha,data/annotated/ENNI_batchalign/TD/A/468.cha,66,3,3,3,0,0,0,1,0,0,0,0,0,0,1,0,0,0,0,1,0,0,0,0,0,0,0,0,0,0,0,0,0,0,0,0,0,0,0,0,0,0,0,0,0,0,0,0,0,0,0,0,0,0,0
471,/Users/shamiraventurini/PycharmProjects/ICL-PILOT/data/annotated/ENNI_batchalign/TD/A/471.cha,data/annotated/ENNI_batchalign/TD/A/471.cha,108,1,1,1,0,0,0,0,0,0,0,0,0,0,1,0,0,0,0,0,0,0,0,0,0,0,0,0,0,0,0,0,0,0,0,0,0,0,0,0,0,0,0,0,0,0,0,0,0,0,0,0,0,0,0
501,/Users/shamiraventurini/PycharmProjects/ICL-PILOT/data/annotated/ENNI_batchalign/TD/A/501.cha,data/annotated/ENNI_batchalign/TD/A/501.cha,95,4,4,4,0,0,0,0,0,0,0,0,0,0,0,0,0,0,0,2,0,0,0,0,0,0,0,0,2,0,0,0,0,0,0,0,0,0,0,0,0,0,0,0,0,0,0,0,0,0,0,0,0,0,0
502,/Users/shamiraventurini/PycharmProjects/ICL-PILOT/data/annotated/ENNI_batchalign/TD/A/502.cha,data/annotated/ENNI_batchalign/TD/A/502.cha,84,5,5,5,0,0,0,0,0,0,0,0,0,0,1,0,0,0,0,3,0,0,0,0,0,0,0,0,0,0,0,0,0,0,1,0,0,0,0,0,0,0,0,0,0,0,0,0,0,0,0,0,0,0,0
505,/Users/shamiraventurini/PycharmProjects/ICL-PILOT/data/annotated/ENNI_batchalign/TD/A/505.cha,data/annotated/ENNI_batchalign/TD/A/505.cha,66,4,4,4,0,0,0,0,0,0,0,0,0,0,0,0,0,0,0,2,0,0,0,0,0,0,0,0,1,0,0,0,0,0,0,1,0,0,0,0,0,0,0,0,0,0,0,0,0,0,0,0,0,0,0
506,/Users/shamiraventurini/PycharmProjects/ICL-PILOT/data/annotated/ENNI_batchalign/TD/A/506.cha,data/annotated/ENNI_batchalign/TD/A/506.cha,81,5,5,4,1,0,0,0,0,0,0,0,0,0,0,0,0,0,0,3,0,0,0,0,0,0,0,0,0,0,0,0,0,0,1,0,0,0,0,0,0,0,0,0,0,0,0,0,0,0,0,0,0,0,1
509,/Users/shamiraventurini/PycharmProjects/ICL-PILOT/data/annotated/ENNI_batchalign/TD/A/509.cha,data/annotated/ENNI_batchalign/TD/A/509.cha,90,1,1,1,0,0,0,0,0,0,0,0,0,0,1,0,0,0,0,0,0,0,0,0,0,0,0,0,0,0,0,0,0,0,0,0,0,0,0,0,0,0,0,0,0,0,0,0,0,0,0,0,0,0,0
510,/Users/shamiraventurini/PycharmProjects/ICL-PILOT/data/annotated/ENNI_batchalign/TD/A/510.cha,data/annotated/ENNI_batchalign/TD/A/510.cha,64,1,1,1,0,0,0,0,0,0,0,0,0,0,0,0,1,0,0,0,0,0,0,0,0,0,0,0,0,0,0,0,0,0,0,0,0,0,0,0,0,0,0,0,0,0,0,0,0,0,0,0,0,0,0
513,/Users/shamiraventurini/PycharmProjects/ICL-PILOT/data/annotated/ENNI_batchalign/TD/A/513.cha,data/annotated/ENNI_batchalign/TD/A/513.cha,69,1,1,1,0,0,0,0,0,0,0,0,0,0,0,0,0,0,0,1,0,0,0,0,0,0,0,0,0,0,0,0,0,0,0,0,0,0,0,0,0,0,0,0,0,0,0,0,0,0,0,0,0,0,0
514,/Users/shamiraventurini/PycharmProjects/ICL-PILOT/data/annotated/ENNI_batchalign/TD/A/514.cha,data/annotated/ENNI_batchalign/TD/A/514.cha,80,6,6,6,0,0,0,0,0,0,0,0,0,0,0,0,0,0,0,6,0,0,0,0,0,0,0,0,0,0,0,0,0,0,0,0,0,0,0,0,0,0,0,0,0,0,0,0,0,0,0,0,0,0,0
517,/Users/shamiraventurini/PycharmProjects/ICL-PILOT/data/annotated/ENNI_batchalign/TD/A/517.cha,data/annotated/ENNI_batchalign/TD/A/517.cha,155,1,1,0,0,1,0,0,0,0,0,0,0,0,0,0,0,0,0,0,0,0,0,0,0,0,0,0,0,0,0,0,0,0,0,0,0,0,0,0,0,0,0,0,0,0,0,0,1,0,0,0,0,0,0
518,/Users/shamiraventurini/PycharmProjects/ICL-PILOT/data/annotated/ENNI_batchalign/TD/A/518.cha,data/annotated/ENNI_batchalign/TD/A/518.cha,81,3,3,2,0,1,0,1,0,0,0,0,0,0,0,0,0,0,0,0,0,0,0,1,0,0,0,0,0,0,0,0,0,0,0,0,0,0,0,0,0,0,0,0,0,0,0,0,1,0,0,0,0,0,0
522,/Users/shamiraventurini/PycharmProjects/ICL-PILOT/data/annotated/ENNI_batchalign/TD/A/522.cha,data/annotated/ENNI_batchalign/TD/A/522.cha,65,8,8,8,0,0,0,4,0,0,0,0,0,0,3,0,0,0,0,0,0,0,0,0,0,0,0,0,0,0,0,0,0,0,0,1,0,0,0,0,0,0,0,0,0,0,0,0,0,0,0,0,0,0,0
526,/Users/shamiraventurini/PycharmProjects/ICL-PILOT/data/annotated/ENNI_batchalign/TD/A/526.cha,data/annotated/ENNI_batchalign/TD/A/526.cha,97,0,0,0,0,0,0,0,0,0,0,0,0,0,0,0,0,0,0,0,0,0,0,0,0,0,0,0,0,0,0,0,0,0,0,0,0,0,0,0,0,0,0,0,0,0,0,0,0,0,0,0,0,0,0
530,/Users/shamiraventurini/PycharmProjects/ICL-PILOT/data/annotated/ENNI_batchalign/TD/A/530.cha,data/annotated/ENNI_batchalign/TD/A/530.cha,83,1,1,1,0,0,0,0,0,0,0,0,0,0,0,0,0,0,0,1,0,0,0,0,0,0,0,0,0,0,0,0,0,0,0,0,0,0,0,0,0,0,0,0,0,0,0,0,0,0,0,0,0,0,0
538,/Users/shamiraventurini/PycharmProjects/ICL-PILOT/data/annotated/ENNI_batchalign/TD/A/538.cha,data/annotated/ENNI_batchalign/TD/A/538.cha,65,3,3,2,0,1,0,0,0,0,0,0,0,0,0,0,0,0,0,1,0,0,0,0,0,0,0,0,0,0,0,0,0,0,1,0,0,0,0,0,0,0,0,0,0,0,0,0,1,0,0,0,0,0,0
541,/Users/shamiraventurini/PycharmProjects/ICL-PILOT/data/annotated/ENNI_batchalign/TD/A/541.cha,data/annotated/ENNI_batchalign/TD/A/541.cha,66,0,0,0,0,0,0,0,0,0,0,0,0,0,0,0,0,0,0,0,0,0,0,0,0,0,0,0,0,0,0,0,0,0,0,0,0,0,0,0,0,0,0,0,0,0,0,0,0,0,0,0,0,0,0
544,/Users/shamiraventurini/PycharmProjects/ICL-PILOT/data/annotated/ENNI_batchalign/TD/A/544.cha,data/annotated/ENNI_batchalign/TD/A/544.cha,67,0,0,0,0,0,0,0,0,0,0,0,0,0,0,0,0,0,0,0,0,0,0,0,0,0,0,0,0,0,0,0,0,0,0,0,0,0,0,0,0,0,0,0,0,0,0,0,0,0,0,0,0,0,0
545,/Users/shamiraventurini/PycharmProjects/ICL-PILOT/data/annotated/ENNI_batchalign/TD/A/545.cha,data/annotated/ENNI_batchalign/TD/A/545.cha,63,9,9,8,0,1,0,1,0,0,0,0,0,0,0,0,0,0,0,6,0,0,0,0,0,0,0,0,0,0,0,0,0,0,0,0,0,0,0,0,0,0,0,0,0,1,0,0,1,0,0,0,0,0,0
548,/Users/shamiraventurini/PycharmProjects/ICL-PILOT/data/annotated/ENNI_batchalign/TD/A/548.cha,data/annotated/ENNI_batchalign/TD/A/548.cha,59,0,0,0,0,0,0,0,0,0,0,0,0,0,0,0,0,0,0,0,0,0,0,0,0,0,0,0,0,0,0,0,0,0,0,0,0,0,0,0,0,0,0,0,0,0,0,0,0,0,0,0,0,0,0
549,/Users/shamiraventurini/PycharmProjects/ICL-PILOT/data/annotated/ENNI_batchalign/TD/A/549.cha,data/annotated/ENNI_batchalign/TD/A/549.cha,109,2,2,0,0,2,0,0,0,0,0,0,0,0,0,0,0,0,0,0,0,0,0,0,0,0,0,0,0,0,0,0,0,0,0,0,0,0,0,0,0,0,0,0,0,0,0,0,0,2,0,0,0,0,0
553,/Users/shamiraventurini/PycharmProjects/ICL-PILOT/data/annotated/ENNI_batchalign/TD/A/553.cha,data/annotated/ENNI_batchalign/TD/A/553.cha,84,1,1,1,0,0,0,0,0,0,0,0,0,0,0,0,0,0,0,0,0,0,0,0,0,0,0,0,0,0,0,0,0,0,0,0,0,0,0,1,0,0,0,0,0,0,0,0,0,0,0,0,0,0,0
555,/Users/shamiraventurini/PycharmProjects/ICL-PILOT/data/annotated/ENNI_batchalign/TD/A/555.cha,data/annotated/ENNI_batchalign/TD/A/555.cha,69,1,1,1,0,0,0,0,0,0,0,0,0,0,1,0,0,0,0,0,0,0,0,0,0,0,0,0,0,0,0,0,0,0,0,0,0,0,0,0,0,0,0,0,0,0,0,0,0,0,0,0,0,0,0
559,/Users/shamiraventurini/PycharmProjects/ICL-PILOT/data/annotated/ENNI_batchalign/TD/A/559.cha,data/annotated/ENNI_batchalign/TD/A/559.cha,74,3,3,3,0,0,0,0,0,0,0,0,0,0,2,0,0,0,0,1,0,0,0,0,0,0,0,0,0,0,0,0,0,0,0,0,0,0,0,0,0,0,0,0,0,0,0,0,0,0,0,0,0,0,0
561,/Users/shamiraventurini/PycharmProjects/ICL-PILOT/data/annotated/ENNI_batchalign/TD/A/561.cha,data/annotated/ENNI_batchalign/TD/A/561.cha,82,3,3,3,0,0,0,0,0,0,0,0,0,0,1,0,0,0,0,2,0,0,0,0,0,0,0,0,0,0,0,0,0,0,0,0,0,0,0,0,0,0,0,0,0,0,0,0,0,0,0,0,0,0,0
562,/Users/shamiraventurini/PycharmProjects/ICL-PILOT/data/annotated/ENNI_batchalign/TD/A/562.cha,data/annotated/ENNI_batchalign/TD/A/562.cha,127,9,10,10,0,0,0,1,0,0,0,0,0,0,4,0,0,0,0,5,0,0,0,0,0,0,0,0,0,0,0,0,0,0,0,0,0,0,0,0,0,0,0,0,0,0,0,0,0,0,0,0,0,0,0
564,/Users/shamiraventurini/PycharmProjects/ICL-PILOT/data/annotated/ENNI_batchalign/TD/A/564.cha,data/annotated/ENNI_batchalign/TD/A/564.cha,96,4,5,5,0,0,0,0,0,0,0,0,0,0,0,1,0,0,0,3,0,0,0,0,0,0,0,0,0,0,0,0,0,0,0,1,0,0,0,0,0,0,0,0,0,0,0,0,0,0,0,0,0,0,0
601,/Users/shamiraventurini/PycharmProjects/ICL-PILOT/data/annotated/ENNI_batchalign/TD/A/601.cha,data/annotated/ENNI_batchalign/TD/A/601.cha,123,1,1,0,0,1,0,0,0,0,0,0,0,0,0,0,0,0,0,0,0,0,0,0,0,0,0,0,0,0,0,0,0,0,0,0,0,0,0,0,0,0,0,0,0,0,0,0,1,0,0,0,0,0,0
602,/Users/shamiraventurini/PycharmProjects/ICL-PILOT/data/annotated/ENNI_batchalign/TD/A/602.cha,data/annotated/ENNI_batchalign/TD/A/602.cha,74,4,4,4,0,0,0,0,0,0,0,0,0,0,0,0,0,0,0,0,0,0,0,0,0,0,0,0,0,0,0,0,0,0,0,4,0,0,0,0,0,0,0,0,0,0,0,0,0,0,0,0,0,0,0
605,/Users/shamiraventurini/PycharmProjects/ICL-PILOT/data/annotated/ENNI_batchalign/TD/A/605.cha,data/annotated/ENNI_batchalign/TD/A/605.cha,84,1,1,1,0,0,0,0,0,0,0,0,0,0,0,0,0,0,0,1,0,0,0,0,0,0,0,0,0,0,0,0,0,0,0,0,0,0,0,0,0,0,0,0,0,0,0,0,0,0,0,0,0,0,0
606,/Users/shamiraventurini/PycharmProjects/ICL-PILOT/data/annotated/ENNI_batchalign/TD/A/606.cha,data/annotated/ENNI_batchalign/TD/A/606.cha,69,4,4,4,0,0,0,0,0,0,0,0,0,0,0,0,0,0,0,4,0,0,0,0,0,0,0,0,0,0,0,0,0,0,0,0,0,0,0,0,0,0,0,0,0,0,0,0,0,0,0,0,0,0,0
610,/Users/shamiraventurini/PycharmProjects/ICL-PILOT/data/annotated/ENNI_batchalign/TD/A/610.cha,data/annotated/ENNI_batchalign/TD/A/610.cha,70,3,3,3,0,0,0,0,0,0,0,0,0,0,0,0,0,0,0,3,0,0,0,0,0,0,0,0,0,0,0,0,0,0,0,0,0,0,0,0,0,0,0,0,0,0,0,0,0,0,0,0,0,0,0
614,/Users/shamiraventurini/PycharmProjects/ICL-PILOT/data/annotated/ENNI_batchalign/TD/A/614.cha,data/annotated/ENNI_batchalign/TD/A/614.cha,73,1,1,1,0,0,0,0,0,0,0,0,0,0,0,0,0,0,0,1,0,0,0,0,0,0,0,0,0,0,0,0,0,0,0,0,0,0,0,0,0,0,0,0,0,0,0,0,0,0,0,0,0,0,0
618,/Users/shamiraventurini/PycharmProjects/ICL-PILOT/data/annotated/ENNI_batchalign/TD/A/618.cha,data/annotated/ENNI_batchalign/TD/A/618.cha,76,0,0,0,0,0,0,0,0,0,0,0,0,0,0,0,0,0,0,0,0,0,0,0,0,0,0,0,0,0,0,0,0,0,0,0,0,0,0,0,0,0,0,0,0,0,0,0,0,0,0,0,0,0,0
622,/Users/shamiraventurini/PycharmProjects/ICL-PILOT/data/annotated/ENNI_batchalign/TD/A/622.cha,data/annotated/ENNI_batchalign/TD/A/622.cha,75,3,3,3,0,0,0,0,0,0,0,0,0,0,0,1,0,0,0,2,0,0,0,0,0,0,0,0,0,0,0,0,0,0,0,0,0,0,0,0,0,0,0,0,0,0,0,0,0,0,0,0,0,0,0
626,/Users/shamiraventurini/PycharmProjects/ICL-PILOT/data/annotated/ENNI_batchalign/TD/A/626.cha,data/annotated/ENNI_batchalign/TD/A/626.cha,85,4,4,4,0,0,0,0,0,0,0,0,0,0,0,0,0,0,0,4,0,0,0,0,0,0,0,0,0,0,0,0,0,0,0,0,0,0,0,0,0,0,0,0,0,0,0,0,0,0,0,0,0,0,0
630,/Users/shamiraventurini/PycharmProjects/ICL-PILOT/data/annotated/ENNI_batchalign/TD/A/630.cha,data/annotated/ENNI_batchalign/TD/A/630.cha,66,0,0,0,0,0,0,0,0,0,0,0,0,0,0,0,0,0,0,0,0,0,0,0,0,0,0,0,0,0,0,0,0,0,0,0,0,0,0,0,0,0,0,0,0,0,0,0,0,0,0,0,0,0,0
634,/Users/shamiraventurini/PycharmProjects/ICL-PILOT/data/annotated/ENNI_batchalign/TD/A/634.cha,data/annotated/ENNI_batchalign/TD/A/634.cha,70,0,0,0,0,0,0,0,0,0,0,0,0,0,0,0,0,0,0,0,0,0,0,0,0,0,0,0,0,0,0,0,0,0,0,0,0,0,0,0,0,0,0,0,0,0,0,0,0,0,0,0,0,0,0
637,/Users/shamiraventurini/PycharmProjects/ICL-PILOT/data/annotated/ENNI_batchalign/TD/A/637.cha,data/annotated/ENNI_batchalign/TD/A/637.cha,58,1,1,1,0,0,0,0,0,0,0,0,0,0,0,0,0,0,0,1,0,0,0,0,0,0,0,0,0,0,0,0,0,0,0,0,0,0,0,0,0,0,0,0,0,0,0,0,0,0,0,0,0,0,0
641,/Users/shamiraventurini/PycharmProjects/ICL-PILOT/data/annotated/ENNI_batchalign/TD/A/641.cha,data/annotated/ENNI_batchalign/TD/A/641.cha,80,0,0,0,0,0,0,0,0,0,0,0,0,0,0,0,0,0,0,0,0,0,0,0,0,0,0,0,0,0,0,0,0,0,0,0,0,0,0,0,0,0,0,0,0,0,0,0,0,0,0,0,0,0,0
645,/Users/shamiraventurini/PycharmProjects/ICL-PILOT/data/annotated/ENNI_batchalign/TD/A/645.cha,data/annotated/ENNI_batchalign/TD/A/645.cha,143,0,0,0,0,0,0,0,0,0,0,0,0,0,0,0,0,0,0,0,0,0,0,0,0,0,0,0,0,0,0,0,0,0,0,0,0,0,0,0,0,0,0,0,0,0,0,0,0,0,0,0,0,0,0
649,/Users/shamiraventurini/PycharmProjects/ICL-PILOT/data/annotated/ENNI_batchalign/TD/A/649.cha,data/annotated/ENNI_batchalign/TD/A/649.cha,58,1,1,1,0,0,0,0,0,0,0,0,0,0,0,0,0,0,0,1,0,0,0,0,0,0,0,0,0,0,0,0,0,0,0,0,0,0,0,0,0,0,0,0,0,0,0,0,0,0,0,0,0,0,0
650,/Users/shamiraventurini/PycharmProjects/ICL-PILOT/data/annotated/ENNI_batchalign/TD/A/650.cha,data/annotated/ENNI_batchalign/TD/A/650.cha,83,0,0,0,0,0,0,0,0,0,0,0,0,0,0,0,0,0,0,0,0,0,0,0,0,0,0,0,0,0,0,0,0,0,0,0,0,0,0,0,0,0,0,0,0,0,0,0,0,0,0,0,0,0,0
653,/Users/shamiraventurini/PycharmProjects/ICL-PILOT/data/annotated/ENNI_batchalign/TD/A/653.cha,data/annotated/ENNI_batchalign/TD/A/653.cha,87,2,2,1,0,1,0,0,0,0,0,0,0,0,0,0,0,0,0,1,0,0,0,0,0,0,0,0,0,0,0,0,0,0,0,0,0,0,0,0,0,0,0,0,0,0,0,0,1,0,0,0,0,0,0
654,/Users/shamiraventurini/PycharmProjects/ICL-PILOT/data/annotated/ENNI_batchalign/TD/A/654.cha,data/annotated/ENNI_batchalign/TD/A/654.cha,111,4,5,5,0,0,0,0,0,0,0,0,0,0,0,0,0,0,0,2,0,0,0,0,0,0,0,0,0,0,0,0,0,0,0,3,0,0,0,0,0,0,0,0,0,0,0,0,0,0,0,0,0,0,0
657,/Users/shamiraventurini/PycharmProjects/ICL-PILOT/data/annotated/ENNI_batchalign/TD/A/657.cha,data/annotated/ENNI_batchalign/TD/A/657.cha,67,1,1,1,0,0,0,0,0,0,0,0,0,0,0,0,0,0,0,1,0,0,0,0,0,0,0,0,0,0,0,0,0,0,0,0,0,0,0,0,0,0,0,0,0,0,0,0,0,0,0,0,0,0,0
660,/Users/shamiraventurini/PycharmProjects/ICL-PILOT/data/annotated/ENNI_batchalign/TD/A/660.cha,data/annotated/ENNI_batchalign/TD/A/660.cha,125,3,3,2,0,1,0,0,0,0,0,0,0,0,0,0,0,0,0,2,0,0,0,0,0,0,0,0,0,0,0,0,0,0,0,0,0,0,0,0,0,0,0,0,0,0,0,0,1,0,0,0,0,0,0
661,/Users/shamiraventurini/PycharmProjects/ICL-PILOT/data/annotated/ENNI_batchalign/TD/A/661.cha,data/annotated/ENNI_batchalign/TD/A/661.cha,66,1,1,1,0,0,0,0,0,0,0,0,0,0,0,0,0,0,0,0,0,0,0,0,0,0,0,0,0,0,0,0,1,0,0,0,0,0,0,0,0,0,0,0,0,0,0,0,0,0,0,0,0,0,0
665,/Users/shamiraventurini/PycharmProjects/ICL-PILOT/data/annotated/ENNI_batchalign/TD/A/665.cha,data/annotated/ENNI_batchalign/TD/A/665.cha,63,0,0,0,0,0,0,0,0,0,0,0,0,0,0,0,0,0,0,0,0,0,0,0,0,0,0,0,0,0,0,0,0,0,0,0,0,0,0,0,0,0,0,0,0,0,0,0,0,0,0,0,0,0,0
670,/Users/shamiraventurini/PycharmProjects/ICL-PILOT/data/annotated/ENNI_batchalign/TD/A/670.cha,data/annotated/ENNI_batchalign/TD/A/670.cha,106,0,0,0,0,0,0,0,0,0,0,0,0,0,0,0,0,0,0,0,0,0,0,0,0,0,0,0,0,0,0,0,0,0,0,0,0,0,0,0,0,0,0,0,0,0,0,0,0,0,0,0,0,0,0
671,/Users/shamiraventurini/PycharmProjects/ICL-PILOT/data/annotated/ENNI_batchalign/TD/A/671.cha,data/annotated/ENNI_batchalign/TD/A/671.cha,75,2,2,2,0,0,0,0,0,0,0,0,0,0,0,0,0,0,0,0,0,0,0,0,0,0,0,0,0,0,0,0,2,0,0,0,0,0,0,0,0,0,0,0,0,0,0,0,0,0,0,0,0,0,0
677,/Users/shamiraventurini/PycharmProjects/ICL-PILOT/data/annotated/ENNI_batchalign/TD/A/677.cha,data/annotated/ENNI_batchalign/TD/A/677.cha,88,0,0,0,0,0,0,0,0,0,0,0,0,0,0,0,0,0,0,0,0,0,0,0,0,0,0,0,0,0,0,0,0,0,0,0,0,0,0,0,0,0,0,0,0,0,0,0,0,0,0,0,0,0,0
701,/Users/shamiraventurini/PycharmProjects/ICL-PILOT/data/annotated/ENNI_batchalign/TD/A/701.cha,data/annotated/ENNI_batchalign/TD/A/701.cha,85,3,3,1,0,2,0,0,0,0,0,0,0,0,0,0,0,0,0,1,0,0,0,0,0,0,0,0,0,0,0,0,0,0,0,0,0,0,0,0,0,0,0,0,0,0,0,0,2,0,0,0,0,0,0
702,/Users/shamiraventurini/PycharmProjects/ICL-PILOT/data/annotated/ENNI_batchalign/TD/A/702.cha,data/annotated/ENNI_batchalign/TD/A/702.cha,64,1,1,0,0,1,0,0,0,0,0,0,0,0,0,0,0,0,0,0,0,0,0,0,0,0,0,0,0,0,0,0,0,0,0,0,0,0,0,0,0,0,0,0,0,0,0,0,1,0,0,0,0,0,0
705,/Users/shamiraventurini/PycharmProjects/ICL-PILOT/data/annotated/ENNI_batchalign/TD/A/705.cha,data/annotated/ENNI_batchalign/TD/A/705.cha,88,0,0,0,0,0,0,0,0,0,0,0,0,0,0,0,0,0,0,0,0,0,0,0,0,0,0,0,0,0,0,0,0,0,0,0,0,0,0,0,0,0,0,0,0,0,0,0,0,0,0,0,0,0,0
706,/Users/shamiraventurini/PycharmProjects/ICL-PILOT/data/annotated/ENNI_batchalign/TD/A/706.cha,data/annotated/ENNI_batchalign/TD/A/706.cha,81,0,0,0,0,0,0,0,0,0,0,0,0,0,0,0,0,0,0,0,0,0,0,0,0,0,0,0,0,0,0,0,0,0,0,0,0,0,0,0,0,0,0,0,0,0,0,0,0,0,0,0,0,0,0
709,/Users/shamiraventurini/PycharmProjects/ICL-PILOT/data/annotated/ENNI_batchalign/TD/A/709.cha,data/annotated/ENNI_batchalign/TD/A/709.cha,55,1,1,1,0,0,0,0,0,0,0,0,0,0,0,0,0,0,0,1,0,0,0,0,0,0,0,0,0,0,0,0,0,0,0,0,0,0,0,0,0,0,0,0,0,0,0,0,0,0,0,0,0,0,0
713,/Users/shamiraventurini/PycharmProjects/ICL-PILOT/data/annotated/ENNI_batchalign/TD/A/713.cha,data/annotated/ENNI_batchalign/TD/A/713.cha,77,1,1,0,1,0,0,0,0,0,0,0,0,0,0,0,0,0,0,0,0,0,0,0,0,0,0,0,0,0,0,0,0,0,0,0,0,0,0,0,0,0,0,0,0,0,0,0,0,0,1,0,0,0,0
714,/Users/shamiraventurini/PycharmProjects/ICL-PILOT/data/annotated/ENNI_batchalign/TD/A/714.cha,data/annotated/ENNI_batchalign/TD/A/714.cha,110,0,0,0,0,0,0,0,0,0,0,0,0,0,0,0,0,0,0,0,0,0,0,0,0,0,0,0,0,0,0,0,0,0,0,0,0,0,0,0,0,0,0,0,0,0,0,0,0,0,0,0,0,0,0
718,/Users/shamiraventurini/PycharmProjects/ICL-PILOT/data/annotated/ENNI_batchalign/TD/A/718.cha,data/annotated/ENNI_batchalign/TD/A/718.cha,109,0,0,0,0,0,0,0,0,0,0,0,0,0,0,0,0,0,0,0,0,0,0,0,0,0,0,0,0,0,0,0,0,0,0,0,0,0,0,0,0,0,0,0,0,0,0,0,0,0,0,0,0,0,0
722,/Users/shamiraventurini/PycharmProjects/ICL-PILOT/data/annotated/ENNI_batchalign/TD/A/722.cha,data/annotated/ENNI_batchalign/TD/A/722.cha,84,0,0,0,0,0,0,0,0,0,0,0,0,0,0,0,0,0,0,0,0,0,0,0,0,0,0,0,0,0,0,0,0,0,0,0,0,0,0,0,0,0,0,0,0,0,0,0,0,0,0,0,0,0,0
726,/Users/shamiraventurini/PycharmProjects/ICL-PILOT/data/annotated/ENNI_batchalign/TD/A/726.cha,data/annotated/ENNI_batchalign/TD/A/726.cha,113,1,1,0,0,1,0,0,0,0,0,0,0,0,0,0,0,0,0,0,0,0,0,0,0,0,0,0,0,0,0,0,0,0,0,0,0,0,0,0,0,0,0,0,0,0,0,0,1,0,0,0,0,0,0
730,/Users/shamiraventurini/PycharmProjects/ICL-PILOT/data/annotated/ENNI_batchalign/TD/A/730.cha,data/annotated/ENNI_batchalign/TD/A/730.cha,61,1,1,1,0,0,0,0,0,0,0,0,0,0,0,0,0,0,0,1,0,0,0,0,0,0,0,0,0,0,0,0,0,0,0,0,0,0,0,0,0,0,0,0,0,0,0,0,0,0,0,0,0,0,0
737,/Users/shamiraventurini/PycharmProjects/ICL-PILOT/data/annotated/ENNI_batchalign/TD/A/737.cha,data/annotated/ENNI_batchalign/TD/A/737.cha,65,0,0,0,0,0,0,0,0,0,0,0,0,0,0,0,0,0,0,0,0,0,0,0,0,0,0,0,0,0,0,0,0,0,0,0,0,0,0,0,0,0,0,0,0,0,0,0,0,0,0,0,0,0,0
738,/Users/shamiraventurini/PycharmProjects/ICL-PILOT/data/annotated/ENNI_batchalign/TD/A/738.cha,data/annotated/ENNI_batchalign/TD/A/738.cha,106,0,0,0,0,0,0,0,0,0,0,0,0,0,0,0,0,0,0,0,0,0,0,0,0,0,0,0,0,0,0,0,0,0,0,0,0,0,0,0,0,0,0,0,0,0,0,0,0,0,0,0,0,0,0
746,/Users/shamiraventurini/PycharmProjects/ICL-PILOT/data/annotated/ENNI_batchalign/TD/A/746.cha,data/annotated/ENNI_batchalign/TD/A/746.cha,87,2,2,2,0,0,0,0,0,0,0,0,0,0,0,0,0,0,2,0,0,0,0,0,0,0,0,0,0,0,0,0,0,0,0,0,0,0,0,0,0,0,0,0,0,0,0,0,0,0,0,0,0,0,0
752,/Users/shamiraventurini/PycharmProjects/ICL-PILOT/data/annotated/ENNI_batchalign/TD/A/752.cha,data/annotated/ENNI_batchalign/TD/A/752.cha,80,0,0,0,0,0,0,0,0,0,0,0,0,0,0,0,0,0,0,0,0,0,0,0,0,0,0,0,0,0,0,0,0,0,0,0,0,0,0,0,0,0,0,0,0,0,0,0,0,0,0,0,0,0,0
756,/Users/shamiraventurini/PycharmProjects/ICL-PILOT/data/annotated/ENNI_batchalign/TD/A/756.cha,data/annotated/ENNI_batchalign/TD/A/756.cha,75,0,0,0,0,0,0,0,0,0,0,0,0,0,0,0,0,0,0,0,0,0,0,0,0,0,0,0,0,0,0,0,0,0,0,0,0,0,0,0,0,0,0,0,0,0,0,0,0,0,0,0,0,0,0
757,/Users/shamiraventurini/PycharmProjects/ICL-PILOT/data/annotated/ENNI_batchalign/TD/A/757.cha,data/annotated/ENNI_batchalign/TD/A/757.cha,83,0,0,0,0,0,0,0,0,0,0,0,0,0,0,0,0,0,0,0,0,0,0,0,0,0,0,0,0,0,0,0,0,0,0,0,0,0,0,0,0,0,0,0,0,0,0,0,0,0,0,0,0,0,0
761,/Users/shamiraventurini/PycharmProjects/ICL-PILOT/data/annotated/ENNI_batchalign/TD/A/761.cha,data/annotated/ENNI_batchalign/TD/A/761.cha,76,2,2,2,0,0,0,0,0,0,0,0,0,0,0,0,0,0,0,1,0,0,0,0,0,0,1,0,0,0,0,0,0,0,0,0,0,0,0,0,0,0,0,0,0,0,0,0,0,0,0,0,0,0,0
762,/Users/shamiraventurini/PycharmProjects/ICL-PILOT/data/annotated/ENNI_batchalign/TD/A/762.cha,data/annotated/ENNI_batchalign/TD/A/762.cha,107,1,1,0,0,1,0,0,0,0,0,0,0,0,0,0,0,0,0,0,0,0,0,0,0,0,0,0,0,0,0,0,0,0,0,0,0,0,0,0,0,0,0,0,0,0,0,0,1,0,0,0,0,0,0
765,/Users/shamiraventurini/PycharmProjects/ICL-PILOT/data/annotated/ENNI_batchalign/TD/A/765.cha,data/annotated/ENNI_batchalign/TD/A/765.cha,72,0,0,0,0,0,0,0,0,0,0,0,0,0,0,0,0,0,0,0,0,0,0,0,0,0,0,0,0,0,0,0,0,0,0,0,0,0,0,0,0,0,0,0,0,0,0,0,0,0,0,0,0,0,0
766,/Users/shamiraventurini/PycharmProjects/ICL-PILOT/data/annotated/ENNI_batchalign/TD/A/766.cha,data/annotated/ENNI_batchalign/TD/A/766.cha,106,0,0,0,0,0,0,0,0,0,0,0,0,0,0,0,0,0,0,0,0,0,0,0,0,0,0,0,0,0,0,0,0,0,0,0,0,0,0,0,0,0,0,0,0,0,0,0,0,0,0,0,0,0,0
767,/Users/shamiraventurini/PycharmProjects/ICL-PILOT/data/annotated/ENNI_batchalign/TD/A/767.cha,data/annotated/ENNI_batchalign/TD/A/767.cha,94,2,2,2,0,0,0,0,0,0,0,0,0,0,0,0,0,0,0,2,0,0,0,0,0,0,0,0,0,0,0,0,0,0,0,0,0,0,0,0,0,0,0,0,0,0,0,0,0,0,0,0,0,0,0
769,/Users/shamiraventurini/PycharmProjects/ICL-PILOT/data/annotated/ENNI_batchalign/TD/A/769.cha,data/annotated/ENNI_batchalign/TD/A/769.cha,72,0,0,0,0,0,0,0,0,0,0,0,0,0,0,0,0,0,0,0,0,0,0,0,0,0,0,0,0,0,0,0,0,0,0,0,0,0,0,0,0,0,0,0,0,0,0,0,0,0,0,0,0,0,0
771,/Users/shamiraventurini/PycharmProjects/ICL-PILOT/data/annotated/ENNI_batchalign/TD/A/771.cha,data/annotated/ENNI_batchalign/TD/A/771.cha,63,0,0,0,0,0,0,0,0,0,0,0,0,0,0,0,0,0,0,0,0,0,0,0,0,0,0,0,0,0,0,0,0,0,0,0,0,0,0,0,0,0,0,0,0,0,0,0,0,0,0,0,0,0,0
773,/Users/shamiraventurini/PycharmProjects/ICL-PILOT/data/annotated/ENNI_batchalign/TD/A/773.cha,data/annotated/ENNI_batchalign/TD/A/773.cha,62,1,1,1,0,0,0,0,0,0,0,0,0,0,0,0,0,0,0,1,0,0,0,0,0,0,0,0,0,0,0,0,0,0,0,0,0,0,0,0,0,0,0,0,0,0,0,0,0,0,0,0,0,0,0
801,/Users/shamiraventurini/PycharmProjects/ICL-PILOT/data/annotated/ENNI_batchalign/TD/A/801.cha,data/annotated/ENNI_batchalign/TD/A/801.cha,67,1,1,1,0,0,0,0,0,0,0,0,0,0,0,0,0,0,1,0,0,0,0,0,0,0,0,0,0,0,0,0,0,0,0,0,0,0,0,0,0,0,0,0,0,0,0,0,0,0,0,0,0,0,0
802,/Users/shamiraventurini/PycharmProjects/ICL-PILOT/data/annotated/ENNI_batchalign/TD/A/802.cha,data/annotated/ENNI_batchalign/TD/A/802.cha,103,0,0,0,0,0,0,0,0,0,0,0,0,0,0,0,0,0,0,0,0,0,0,0,0,0,0,0,0,0,0,0,0,0,0,0,0,0,0,0,0,0,0,0,0,0,0,0,0,0,0,0,0,0,0
805,/Users/shamiraventurini/PycharmProjects/ICL-PILOT/data/annotated/ENNI_batchalign/TD/A/805.cha,data/annotated/ENNI_batchalign/TD/A/805.cha,158,2,2,1,0,1,0,0,0,0,0,0,0,0,0,0,0,0,1,0,0,0,0,0,0,0,0,0,0,0,0,0,0,0,0,0,0,0,0,0,0,0,0,0,0,0,0,0,0,1,0,0,0,0,0
806,/Users/shamiraventurini/PycharmProjects/ICL-PILOT/data/annotated/ENNI_batchalign/TD/A/806.cha,data/annotated/ENNI_batchalign/TD/A/806.cha,86,1,1,1,0,0,0,0,0,0,0,0,0,0,0,0,0,0,1,0,0,0,0,0,0,0,0,0,0,0,0,0,0,0,0,0,0,0,0,0,0,0,0,0,0,0,0,0,0,0,0,0,0,0,0
809,/Users/shamiraventurini/PycharmProjects/ICL-PILOT/data/annotated/ENNI_batchalign/TD/A/809.cha,data/annotated/ENNI_batchalign/TD/A/809.cha,87,1,1,1,0,0,0,0,0,0,0,0,0,0,0,0,0,0,0,1,0,0,0,0,0,0,0,0,0,0,0,0,0,0,0,0,0,0,0,0,0,0,0,0,0,0,0,0,0,0,0,0,0,0,0
810,/Users/shamiraventurini/PycharmProjects/ICL-PILOT/data/annotated/ENNI_batchalign/TD/A/810.cha,data/annotated/ENNI_batchalign/TD/A/810.cha,64,1,1,0,0,1,0,0,0,0,0,0,0,0,0,0,0,0,0,0,0,0,0,0,0,0,0,0,0,0,0,0,0,0,0,0,0,0,0,0,0,0,0,0,0,0,0,0,1,0,0,0,0,0,0
813,/Users/shamiraventurini/PycharmProjects/ICL-PILOT/data/annotated/ENNI_batchalign/TD/A/813.cha,data/annotated/ENNI_batchalign/TD/A/813.cha,81,0,0,0,0,0,0,0,0,0,0,0,0,0,0,0,0,0,0,0,0,0,0,0,0,0,0,0,0,0,0,0,0,0,0,0,0,0,0,0,0,0,0,0,0,0,0,0,0,0,0,0,0,0,0
818,/Users/shamiraventurini/PycharmProjects/ICL-PILOT/data/annotated/ENNI_batchalign/TD/A/818.cha,data/annotated/ENNI_batchalign/TD/A/818.cha,126,1,1,1,0,0,0,0,0,0,0,0,0,0,0,0,0,0,0,1,0,0,0,0,0,0,0,0,0,0,0,0,0,0,0,0,0,0,0,0,0,0,0,0,0,0,0,0,0,0,0,0,0,0,0
830,/Users/shamiraventurini/PycharmProjects/ICL-PILOT/data/annotated/ENNI_batchalign/TD/A/830.cha,data/annotated/ENNI_batchalign/TD/A/830.cha,77,2,2,2,0,0,0,0,0,0,0,0,0,0,0,0,0,0,1,1,0,0,0,0,0,0,0,0,0,0,0,0,0,0,0,0,0,0,0,0,0,0,0,0,0,0,0,0,0,0,0,0,0,0,0
836,/Users/shamiraventurini/PycharmProjects/ICL-PILOT/data/annotated/ENNI_batchalign/TD/A/836.cha,data/annotated/ENNI_batchalign/TD/A/836.cha,126,2,2,2,0,0,0,0,0,0,0,0,0,0,0,0,0,0,0,0,0,0,0,0,0,0,0,0,0,0,0,1,0,0,0,1,0,0,0,0,0,0,0,0,0,0,0,0,0,0,0,0,0,0,0
837,/Users/shamiraventurini/PycharmProjects/ICL-PILOT/data/annotated/ENNI_batchalign/TD/A/837.cha,data/annotated/ENNI_batchalign/TD/A/837.cha,78,0,0,0,0,0,0,0,0,0,0,0,0,0,0,0,0,0,0,0,0,0,0,0,0,0,0,0,0,0,0,0,0,0,0,0,0,0,0,0,0,0,0,0,0,0,0,0,0,0,0,0,0,0,0
840,/Users/shamiraventurini/PycharmProjects/ICL-PILOT/data/annotated/ENNI_batchalign/TD/A/840.cha,data/annotated/ENNI_batchalign/TD/A/840.cha,88,2,2,0,0,2,0,0,0,0,0,0,0,0,0,0,0,0,0,0,0,0,0,0,0,0,0,0,0,0,0,0,0,0,0,0,0,0,0,0,0,0,0,0,0,0,0,0,2,0,0,0,0,0,0
844,/Users/shamiraventurini/PycharmProjects/ICL-PILOT/data/annotated/ENNI_batchalign/TD/A/844.cha,data/annotated/ENNI_batchalign/TD/A/844.cha,179,1,1,1,0,0,0,0,0,0,0,0,0,0,0,0,0,0,0,0,0,0,0,0,0,0,0,0,0,0,0,0,0,0,0,0,0,0,0,1,0,0,0,0,0,0,0,0,0,0,0,0,0,0,0
845,/Users/shamiraventurini/PycharmProjects/ICL-PILOT/data/annotated/ENNI_batchalign/TD/A/845.cha,data/annotated/ENNI_batchalign/TD/A/845.cha,73,0,0,0,0,0,0,0,0,0,0,0,0,0,0,0,0,0,0,0,0,0,0,0,0,0,0,0,0,0,0,0,0,0,0,0,0,0,0,0,0,0,0,0,0,0,0,0,0,0,0,0,0,0,0
848,/Users/shamiraventurini/PycharmProjects/ICL-PILOT/data/annotated/ENNI_batchalign/TD/A/848.cha,data/annotated/ENNI_batchalign/TD/A/848.cha,173,1,1,1,0,0,0,0,0,0,0,0,0,0,0,0,0,0,0,1,0,0,0,0,0,0,0,0,0,0,0,0,0,0,0,0,0,0,0,0,0,0,0,0,0,0,0,0,0,0,0,0,0,0,0
849,/Users/shamiraventurini/PycharmProjects/ICL-PILOT/data/annotated/ENNI_batchalign/TD/A/849.cha,data/annotated/ENNI_batchalign/TD/A/849.cha,72,0,0,0,0,0,0,0,0,0,0,0,0,0,0,0,0,0,0,0,0,0,0,0,0,0,0,0,0,0,0,0,0,0,0,0,0,0,0,0,0,0,0,0,0,0,0,0,0,0,0,0,0,0,0
852,/Users/shamiraventurini/PycharmProjects/ICL-PILOT/data/annotated/ENNI_batchalign/TD/A/852.cha,data/annotated/ENNI_batchalign/TD/A/852.cha,94,0,0,0,0,0,0,0,0,0,0,0,0,0,0,0,0,0,0,0,0,0,0,0,0,0,0,0,0,0,0,0,0,0,0,0,0,0,0,0,0,0,0,0,0,0,0,0,0,0,0,0,0,0,0
853,/Users/shamiraventurini/PycharmProjects/ICL-PILOT/data/annotated/ENNI_batchalign/TD/A/853.cha,data/annotated/ENNI_batchalign/TD/A/853.cha,82,0,0,0,0,0,0,0,0,0,0,0,0,0,0,0,0,0,0,0,0,0,0,0,0,0,0,0,0,0,0,0,0,0,0,0,0,0,0,0,0,0,0,0,0,0,0,0,0,0,0,0,0,0,0
856,/Users/shamiraventurini/PycharmProjects/ICL-PILOT/data/annotated/ENNI_batchalign/TD/A/856.cha,data/annotated/ENNI_batchalign/TD/A/856.cha,54,1,1,0,0,1,0,0,0,0,0,0,0,0,0,0,0,0,0,0,0,0,0,0,0,0,0,0,0,0,0,0,0,0,0,0,0,0,0,0,0,0,0,0,0,0,0,0,1,0,0,0,0,0,0
865,/Users/shamiraventurini/PycharmProjects/ICL-PILOT/data/annotated/ENNI_batchalign/TD/A/865.cha,data/annotated/ENNI_batchalign/TD/A/865.cha,56,1,1,1,0,0,0,0,0,0,0,0,0,0,0,0,0,0,0,0,0,0,0,0,0,1,0,0,0,0,0,0,0,0,0,0,0,0,0,0,0,0,0,0,0,0,0,0,0,0,0,0,0,0,0
869,/Users/shamiraventurini/PycharmProjects/ICL-PILOT/data/annotated/ENNI_batchalign/TD/A/869.cha,data/annotated/ENNI_batchalign/TD/A/869.cha,102,0,0,0,0,0,0,0,0,0,0,0,0,0,0,0,0,0,0,0,0,0,0,0,0,0,0,0,0,0,0,0,0,0,0,0,0,0,0,0,0,0,0,0,0,0,0,0,0,0,0,0,0,0,0
902,/Users/shamiraventurini/PycharmProjects/ICL-PILOT/data/annotated/ENNI_batchalign/TD/A/902.cha,data/annotated/ENNI_batchalign/TD/A/902.cha,117,0,0,0,0,0,0,0,0,0,0,0,0,0,0,0,0,0,0,0,0,0,0,0,0,0,0,0,0,0,0,0,0,0,0,0,0,0,0,0,0,0,0,0,0,0,0,0,0,0,0,0,0,0,0
905,/Users/shamiraventurini/PycharmProjects/ICL-PILOT/data/annotated/ENNI_batchalign/TD/A/905.cha,data/annotated/ENNI_batchalign/TD/A/905.cha,182,2,2,0,0,2,0,0,0,0,0,0,0,0,0,0,0,0,0,0,0,0,0,0,0,0,0,0,0,0,0,0,0,0,0,0,0,0,0,0,0,0,0,0,0,0,0,0,2,0,0,0,0,0,0
906,/Users/shamiraventurini/PycharmProjects/ICL-PILOT/data/annotated/ENNI_batchalign/TD/A/906.cha,data/annotated/ENNI_batchalign/TD/A/906.cha,74,2,2,2,0,0,0,0,0,0,0,0,0,0,0,0,0,0,0,0,0,0,0,0,0,0,0,0,0,0,0,0,0,0,0,0,0,0,0,0,0,0,0,2,0,0,0,0,0,0,0,0,0,0,0
909,/Users/shamiraventurini/PycharmProjects/ICL-PILOT/data/annotated/ENNI_batchalign/TD/A/909.cha,data/annotated/ENNI_batchalign/TD/A/909.cha,79,0,0,0,0,0,0,0,0,0,0,0,0,0,0,0,0,0,0,0,0,0,0,0,0,0,0,0,0,0,0,0,0,0,0,0,0,0,0,0,0,0,0,0,0,0,0,0,0,0,0,0,0,0,0
910,/Users/shamiraventurini/PycharmProjects/ICL-PILOT/data/annotated/ENNI_batchalign/TD/A/910.cha,data/annotated/ENNI_batchalign/TD/A/910.cha,111,2,2,1,0,1,0,0,0,0,0,0,0,0,0,0,0,0,0,0,0,0,0,0,0,0,0,0,0,0,0,0,0,0,0,0,1,0,0,0,0,0,0,0,0,0,0,0,1,0,0,0,0,0,0
913,/Users/shamiraventurini/PycharmProjects/ICL-PILOT/data/annotated/ENNI_batchalign/TD/A/913.cha,data/annotated/ENNI_batchalign/TD/A/913.cha,94,0,0,0,0,0,0,0,0,0,0,0,0,0,0,0,0,0,0,0,0,0,0,0,0,0,0,0,0,0,0,0,0,0,0,0,0,0,0,0,0,0,0,0,0,0,0,0,0,0,0,0,0,0,0
914,/Users/shamiraventurini/PycharmProjects/ICL-PILOT/data/annotated/ENNI_batchalign/TD/A/914.cha,data/annotated/ENNI_batchalign/TD/A/914.cha,74,0,0,0,0,0,0,0,0,0,0,0,0,0,0,0,0,0,0,0,0,0,0,0,0,0,0,0,0,0,0,0,0,0,0,0,0,0,0,0,0,0,0,0,0,0,0,0,0,0,0,0,0,0,0
917,/Users/shamiraventurini/PycharmProjects/ICL-PILOT/data/annotated/ENNI_batchalign/TD/A/917.cha,data/annotated/ENNI_batchalign/TD/A/917.cha,76,0,0,0,0,0,0,0,0,0,0,0,0,0,0,0,0,0,0,0,0,0,0,0,0,0,0,0,0,0,0,0,0,0,0,0,0,0,0,0,0,0,0,0,0,0,0,0,0,0,0,0,0,0,0
918,/Users/shamiraventurini/PycharmProjects/ICL-PILOT/data/annotated/ENNI_batchalign/TD/A/918.cha,data/annotated/ENNI_batchalign/TD/A/918.cha,102,1,1,0,0,1,0,0,0,0,0,0,0,0,0,0,0,0,0,0,0,0,0,0,0,0,0,0,0,0,0,0,0,0,0,0,0,0,0,0,0,0,0,0,0,0,0,0,1,0,0,0,0,0,0
921,/Users/shamiraventurini/PycharmProjects/ICL-PILOT/data/annotated/ENNI_batchalign/TD/A/921.cha,data/annotated/ENNI_batchalign/TD/A/921.cha,86,0,0,0,0,0,0,0,0,0,0,0,0,0,0,0,0,0,0,0,0,0,0,0,0,0,0,0,0,0,0,0,0,0,0,0,0,0,0,0,0,0,0,0,0,0,0,0,0,0,0,0,0,0,0
925,/Users/shamiraventurini/PycharmProjects/ICL-PILOT/data/annotated/ENNI_batchalign/TD/A/925.cha,data/annotated/ENNI_batchalign/TD/A/925.cha,64,1,1,0,0,1,0,0,0,0,0,0,0,0,0,0,0,0,0,0,0,0,0,0,0,0,0,0,0,0,0,0,0,0,0,0,0,0,0,0,0,0,0,0,0,0,0,0,1,0,0,0,0,0,0
929,/Users/shamiraventurini/PycharmProjects/ICL-PILOT/data/annotated/ENNI_batchalign/TD/A/929.cha,data/annotated/ENNI_batchalign/TD/A/929.cha,100,0,0,0,0,0,0,0,0,0,0,0,0,0,0,0,0,0,0,0,0,0,0,0,0,0,0,0,0,0,0,0,0,0,0,0,0,0,0,0,0,0,0,0,0,0,0,0,0,0,0,0,0,0,0
933,/Users/shamiraventurini/PycharmProjects/ICL-PILOT/data/annotated/ENNI_batchalign/TD/A/933.cha,data/annotated/ENNI_batchalign/TD/A/933.cha,73,0,0,0,0,0,0,0,0,0,0,0,0,0,0,0,0,0,0,0,0,0,0,0,0,0,0,0,0,0,0,0,0,0,0,0,0,0,0,0,0,0,0,0,0,0,0,0,0,0,0,0,0,0,0
937,/Users/shamiraventurini/PycharmProjects/ICL-PILOT/data/annotated/ENNI_batchalign/TD/A/937.cha,data/annotated/ENNI_batchalign/TD/A/937.cha,82,0,0,0,0,0,0,0,0,0,0,0,0,0,0,0,0,0,0,0,0,0,0,0,0,0,0,0,0,0,0,0,0,0,0,0,0,0,0,0,0,0,0,0,0,0,0,0,0,0,0,0,0,0,0
941,/Users/shamiraventurini/PycharmProjects/ICL-PILOT/data/annotated/ENNI_batchalign/TD/A/941.cha,data/annotated/ENNI_batchalign/TD/A/941.cha,94,0,0,0,0,0,0,0,0,0,0,0,0,0,0,0,0,0,0,0,0,0,0,0,0,0,0,0,0,0,0,0,0,0,0,0,0,0,0,0,0,0,0,0,0,0,0,0,0,0,0,0,0,0,0
945,/Users/shamiraventurini/PycharmProjects/ICL-PILOT/data/annotated/ENNI_batchalign/TD/A/945.cha,data/annotated/ENNI_batchalign/TD/A/945.cha,103,2,2,1,0,1,0,0,0,0,0,0,0,0,0,0,0,0,0,1,0,0,0,0,0,0,0,0,0,0,0,0,0,0,0,0,0,0,0,0,0,0,0,0,0,0,0,0,1,0,0,0,0,0,0
953,/Users/shamiraventurini/PycharmProjects/ICL-PILOT/data/annotated/ENNI_batchalign/TD/A/953.cha,data/annotated/ENNI_batchalign/TD/A/953.cha,92,1,1,1,0,0,0,0,0,0,0,0,0,0,0,0,0,0,0,0,0,0,0,1,0,0,0,0,0,0,0,0,0,0,0,0,0,0,0,0,0,0,0,0,0,0,0,0,0,0,0,0,0,0,0
957,/Users/shamiraventurini/PycharmProjects/ICL-PILOT/data/annotated/ENNI_batchalign/TD/A/957.cha,data/annotated/ENNI_batchalign/TD/A/957.cha,110,0,0,0,0,0,0,0,0,0,0,0,0,0,0,0,0,0,0,0,0,0,0,0,0,0,0,0,0,0,0,0,0,0,0,0,0,0,0,0,0,0,0,0,0,0,0,0,0,0,0,0,0,0,0
958,/Users/shamiraventurini/PycharmProjects/ICL-PILOT/data/annotated/ENNI_batchalign/TD/A/958.cha,data/annotated/ENNI_batchalign/TD/A/958.cha,67,1,1,1,0,0,0,0,0,0,0,0,0,0,0,0,0,0,0,0,0,0,0,0,0,0,0,0,0,0,0,0,0,0,0,0,0,0,0,0,0,0,0,0,0,0,0,1,0,0,0,0,0,0,0
961,/Users/shamiraventurini/PycharmProjects/ICL-PILOT/data/annotated/ENNI_batchalign/TD/A/961.cha,data/annotated/ENNI_batchalign/TD/A/961.cha,69,0,0,0,0,0,0,0,0,0,0,0,0,0,0,0,0,0,0,0,0,0,0,0,0,0,0,0,0,0,0,0,0,0,0,0,0,0,0,0,0,0,0,0,0,0,0,0,0,0,0,0,0,0,0
962,/Users/shamiraventurini/PycharmProjects/ICL-PILOT/data/annotated/ENNI_batchalign/TD/A/962.cha,data/annotated/ENNI_batchalign/TD/A/962.cha,70,0,0,0,0,0,0,0,0,0,0,0,0,0,0,0,0,0,0,0,0,0,0,0,0,0,0,0,0,0,0,0,0,0,0,0,0,0,0,0,0,0,0,0,0,0,0,0,0,0,0,0,0,0,0
966,/Users/shamiraventurini/PycharmProjects/ICL-PILOT/data/annotated/ENNI_batchalign/TD/A/966.cha,data/annotated/ENNI_batchalign/TD/A/966.cha,78,0,0,0,0,0,0,0,0,0,0,0,0,0,0,0,0,0,0,0,0,0,0,0,0,0,0,0,0,0,0,0,0,0,0,0,0,0,0,0,0,0,0,0,0,0,0,0,0,0,0,0,0,0,0
968,/Users/shamiraventurini/PycharmProjects/ICL-PILOT/data/annotated/ENNI_batchalign/TD/A/968.cha,data/annotated/ENNI_batchalign/TD/A/968.cha,62,0,0,0,0,0,0,0,0,0,0,0,0,0,0,0,0,0,0,0,0,0,0,0,0,0,0,0,0,0,0,0,0,0,0,0,0,0,0,0,0,0,0,0,0,0,0,0,0,0,0,0,0,0,0
970,/Users/shamiraventurini/PycharmProjects/ICL-PILOT/data/annotated/ENNI_batchalign/TD/A/970.cha,data/annotated/ENNI_batchalign/TD/A/970.cha,78,1,1,1,0,0,0,0,0,0,0,0,0,0,0,0,0,0,1,0,0,0,0,0,0,0,0,0,0,0,0,0,0,0,0,0,0,0,0,0,0,0,0,0,0,0,0,0,0,0,0,0,0,0,0
972,/Users/shamiraventurini/PycharmProjects/ICL-PILOT/data/annotated/ENNI_batchalign/TD/A/972.cha,data/annotated/ENNI_batchalign/TD/A/972.cha,72,0,0,0,0,0,0,0,0,0,0,0,0,0,0,0,0,0,0,0,0,0,0,0,0,0,0,0,0,0,0,0,0,0,0,0,0,0,0,0,0,0,0,0,0,0,0,0,0,0,0,0,0,0,0
403,/Users/shamiraventurini/PycharmProjects/ICL-PILOT/data/annotated/ENNI_batchalign/TD/B/403.cha,data/annotated/ENNI_batchalign/TD/B/403.cha,73,6,7,7,0,0,0,0,0,0,0,0,0,0,0,0,0,0,0,5,0,0,0,0,0,0,1,0,0,0,0,1,0,0,0,0,0,0,0,0,0,0,0,0,0,0,0,0,0,0,0,0,0,0,0
404,/Users/shamiraventurini/PycharmProjects/ICL-PILOT/data/annotated/ENNI_batchalign/TD/B/404.cha,data/annotated/ENNI_batchalign/TD/B/404.cha,84,1,1,0,1,0,0,0,0,0,0,0,0,0,0,0,0,0,0,0,0,0,0,0,0,0,0,0,0,0,0,0,0,0,0,0,0,0,0,0,0,0,0,0,0,0,0,0,0,0,0,0,0,0,1
407,/Users/shamiraventurini/PycharmProjects/ICL-PILOT/data/annotated/ENNI_batchalign/TD/B/407.cha,data/annotated/ENNI_batchalign/TD/B/407.cha,63,2,2,2,0,0,0,1,0,0,0,0,0,0,0,0,0,0,0,0,0,0,0,0,0,0,0,0,0,0,0,0,0,0,0,0,0,0,0,0,0,0,0,0,1,0,0,0,0,0,0,0,0,0,0
408,/Users/shamiraventurini/PycharmProjects/ICL-PILOT/data/annotated/ENNI_batchalign/TD/B/408.cha,data/annotated/ENNI_batchalign/TD/B/408.cha,78,5,5,5,0,0,0,2,0,0,0,0,0,0,0,0,0,0,0,1,0,0,0,0,0,0,0,0,0,0,0,0,0,0,0,1,0,0,0,0,0,0,0,0,0,1,0,0,0,0,0,0,0,0,0
411,/Users/shamiraventurini/PycharmProjects/ICL-PILOT/data/annotated/ENNI_batchalign/TD/B/411.cha,data/annotated/ENNI_batchalign/TD/B/411.cha,107,5,6,5,1,0,0,1,0,0,0,0,0,0,0,0,0,0,0,3,0,0,0,0,0,0,1,0,0,0,0,0,0,0,0,0,0,0,0,0,0,0,0,0,0,0,0,0,0,0,0,0,0,0,1
412,/Users/shamiraventurini/PycharmProjects/ICL-PILOT/data/annotated/ENNI_batchalign/TD/B/412.cha,data/annotated/ENNI_batchalign/TD/B/412.cha,122,3,3,3,0,0,0,0,0,0,0,0,0,0,0,0,0,0,0,3,0,0,0,0,0,0,0,0,0,0,0,0,0,0,0,0,0,0,0,0,0,0,0,0,0,0,0,0,0,0,0,0,0,0,0
415,/Users/shamiraventurini/PycharmProjects/ICL-PILOT/data/annotated/ENNI_batchalign/TD/B/415.cha,data/annotated/ENNI_batchalign/TD/B/415.cha,83,8,9,8,1,0,0,4,0,0,0,0,0,0,2,0,0,0,0,0,0,0,0,0,0,0,0,0,0,0,0,0,0,0,0,0,0,0,0,0,0,0,0,0,0,0,2,0,0,0,0,0,0,1,0
416,/Users/shamiraventurini/PycharmProjects/ICL-PILOT/data/annotated/ENNI_batchalign/TD/B/416.cha,data/annotated/ENNI_batchalign/TD/B/416.cha,96,6,6,2,4,0,0,1,0,0,0,0,0,0,0,0,0,0,0,1,0,0,0,0,0,0,0,0,0,0,0,0,0,0,0,0,0,0,0,0,0,0,0,0,0,0,0,0,0,0,0,0,1,3,0
419,/Users/shamiraventurini/PycharmProjects/ICL-PILOT/data/annotated/ENNI_batchalign/TD/B/419.cha,data/annotated/ENNI_batchalign/TD/B/419.cha,95,1,1,1,0,0,0,0,0,0,0,0,0,0,0,0,0,0,0,1,0,0,0,0,0,0,0,0,0,0,0,0,0,0,0,0,0,0,0,0,0,0,0,0,0,0,0,0,0,0,0,0,0,0,0
423,/Users/shamiraventurini/PycharmProjects/ICL-PILOT/data/annotated/ENNI_batchalign/TD/B/423.cha,data/annotated/ENNI_batchalign/TD/B/423.cha,106,13,15,12,3,0,0,5,0,0,0,0,0,0,0,0,0,0,0,2,0,0,0,0,0,0,0,0,1,0,0,1,0,0,0,0,0,0,0,0,0,0,0,0,0,3,0,0,0,0,0,0,0,2,1
439,/Users/shamiraventurini/PycharmProjects/ICL-PILOT/data/annotated/ENNI_batchalign/TD/B/439.cha,data/annotated/ENNI_batchalign/TD/B/439.cha,93,1,1,1,0,0,0,0,0,0,0,0,0,0,0,0,0,0,0,1,0,0,0,0,0,0,0,0,0,0,0,0,0,0,0,0,0,0,0,0,0,0,0,0,0,0,0,0,0,0,0,0,0,0,0
443,/Users/shamiraventurini/PycharmProjects/ICL-PILOT/data/annotated/ENNI_batchalign/TD/B/443.cha,data/annotated/ENNI_batchalign/TD/B/443.cha,69,0,0,0,0,0,0,0,0,0,0,0,0,0,0,0,0,0,0,0,0,0,0,0,0,0,0,0,0,0,0,0,0,0,0,0,0,0,0,0,0,0,0,0,0,0,0,0,0,0,0,0,0,0,0
446,/Users/shamiraventurini/PycharmProjects/ICL-PILOT/data/annotated/ENNI_batchalign/TD/B/446.cha,data/annotated/ENNI_batchalign/TD/B/446.cha,69,3,3,3,0,0,0,0,0,0,0,0,0,0,1,0,0,0,0,2,0,0,0,0,0,0,0,0,0,0,0,0,0,0,0,0,0,0,0,0,0,0,0,0,0,0,0,0,0,0,0,0,0,0,0
450,/Users/shamiraventurini/PycharmProjects/ICL-PILOT/data/annotated/ENNI_batchalign/TD/B/450.cha,data/annotated/ENNI_batchalign/TD/B/450.cha,65,20,25,8,17,0,0,1,0,0,0,0,0,0,1,0,0,0,0,5,0,0,0,0,0,0,0,0,0,0,0,0,0,0,1,0,0,0,0,0,0,0,0,0,0,0,0,0,0,0,0,0,0,17,0
454,/Users/shamiraventurini/PycharmProjects/ICL-PILOT/data/annotated/ENNI_batchalign/TD/B/454.cha,data/annotated/ENNI_batchalign/TD/B/454.cha,63,6,6,6,0,0,0,1,0,0,0,0,0,0,0,0,0,0,0,5,0,0,0,0,0,0,0,0,0,0,0,0,0,0,0,0,0,0,0,0,0,0,0,0,0,0,0,0,0,0,0,0,0,0,0
455,/Users/shamiraventurini/PycharmProjects/ICL-PILOT/data/annotated/ENNI_batchalign/TD/B/455.cha,data/annotated/ENNI_batchalign/TD/B/455.cha,82,4,5,4,1,0,0,1,0,0,0,0,0,0,0,0,0,0,0,2,0,0,0,0,0,0,0,0,1,0,0,0,0,0,0,0,0,0,0,0,0,0,0,0,0,0,0,0,0,0,0,1,0,0,0
458,/Users/shamiraventurini/PycharmProjects/ICL-PILOT/data/annotated/ENNI_batchalign/TD/B/458.cha,data/annotated/ENNI_batchalign/TD/B/458.cha,92,2,2,2,0,0,0,0,0,0,0,0,0,0,1,0,0,0,0,0,0,0,0,0,0,0,0,0,1,0,0,0,0,0,0,0,0,0,0,0,0,0,0,0,0,0,0,0,0,0,0,0,0,0,0
459,/Users/shamiraventurini/PycharmProjects/ICL-PILOT/data/annotated/ENNI_batchalign/TD/B/459.cha,data/annotated/ENNI_batchalign/TD/B/459.cha,83,4,5,4,0,1,0,0,0,0,0,0,0,0,2,0,0,0,0,2,0,0,0,0,0,0,0,0,0,0,0,0,0,0,0,0,0,0,0,0,0,0,0,0,0,0,0,0,1,0,0,0,0,0,0
461,/Users/shamiraventurini/PycharmProjects/ICL-PILOT/data/annotated/ENNI_batchalign/TD/B/461.cha,data/annotated/ENNI_batchalign/TD/B/461.cha,80,8,8,7,0,1,0,0,0,0,0,0,0,0,1,0,0,0,0,2,0,0,0,0,0,0,0,0,2,0,0,0,0,0,0,2,0,0,0,0,0,0,0,0,0,0,0,0,0,1,0,0,0,0,0
463,/Users/shamiraventurini/PycharmProjects/ICL-PILOT/data/annotated/ENNI_batchalign/TD/B/463.cha,data/annotated/ENNI_batchalign/TD/B/463.cha,82,3,3,3,0,0,0,0,0,0,0,0,0,0,0,0,0,0,0,2,0,0,0,0,0,0,0,0,0,0,1,0,0,0,0,0,0,0,0,0,0,0,0,0,0,0,0,0,0,0,0,0,0,0,0
465,/Users/shamiraventurini/PycharmProjects/ICL-PILOT/data/annotated/ENNI_batchalign/TD/B/465.cha,data/annotated/ENNI_batchalign/TD/B/465.cha,130,5,5,5,0,0,0,0,0,0,0,0,0,0,1,0,0,0,0,3,0,0,0,0,0,0,0,0,0,0,0,0,0,0,0,1,0,0,0,0,0,0,0,0,0,0,0,0,0,0,0,0,0,0,0
466,/Users/shamiraventurini/PycharmProjects/ICL-PILOT/data/annotated/ENNI_batchalign/TD/B/466.cha,data/annotated/ENNI_batchalign/TD/B/466.cha,80,4,7,7,0,0,0,0,0,0,0,0,0,0,2,0,0,0,0,3,0,0,0,0,0,0,0,0,0,0,0,0,0,0,1,0,0,0,0,0,0,0,1,0,0,0,0,0,0,0,0,0,0,0,0
469,/Users/shamiraventurini/PycharmProjects/ICL-PILOT/data/annotated/ENNI_batchalign/TD/B/469.cha,data/annotated/ENNI_batchalign/TD/B/469.cha,70,0,0,0,0,0,0,0,0,0,0,0,0,0,0,0,0,0,0,0,0,0,0,0,0,0,0,0,0,0,0,0,0,0,0,0,0,0,0,0,0,0,0,0,0,0,0,0,0,0,0,0,0,0,0
472,/Users/shamiraventurini/PycharmProjects/ICL-PILOT/data/annotated/ENNI_batchalign/TD/B/472.cha,data/annotated/ENNI_batchalign/TD/B/472.cha,57,3,4,4,0,0,0,2,0,0,0,0,0,0,0,0,0,0,0,0,0,0,0,2,0,0,0,0,0,0,0,0,0,0,0,0,0,0,0,0,0,0,0,0,0,0,0,0,0,0,0,0,0,0,0
503,/Users/shamiraventurini/PycharmProjects/ICL-PILOT/data/annotated/ENNI_batchalign/TD/B/503.cha,data/annotated/ENNI_batchalign/TD/B/503.cha,109,0,0,0,0,0,0,0,0,0,0,0,0,0,0,0,0,0,0,0,0,0,0,0,0,0,0,0,0,0,0,0,0,0,0,0,0,0,0,0,0,0,0,0,0,0,0,0,0,0,0,0,0,0,0
504,/Users/shamiraventurini/PycharmProjects/ICL-PILOT/data/annotated/ENNI_batchalign/TD/B/504.cha,data/annotated/ENNI_batchalign/TD/B/504.cha,133,9,10,8,2,0,0,3,0,0,0,0,0,0,1,0,0,0,0,4,0,0,0,0,0,0,0,0,0,0,0,0,0,0,0,0,0,0,0,0,0,0,0,0,0,0,0,0,0,0,0,0,1,1,0
507,/Users/shamiraventurini/PycharmProjects/ICL-PILOT/data/annotated/ENNI_batchalign/TD/B/507.cha,data/annotated/ENNI_batchalign/TD/B/507.cha,124,1,1,1,0,0,0,0,0,0,0,0,0,0,0,0,0,0,0,0,0,0,0,0,0,0,0,0,1,0,0,0,0,0,0,0,0,0,0,0,0,0,0,0,0,0,0,0,0,0,0,0,0,0,0
508,/Users/shamiraventurini/PycharmProjects/ICL-PILOT/data/annotated/ENNI_batchalign/TD/B/508.cha,data/annotated/ENNI_batchalign/TD/B/508.cha,74,11,11,11,0,0,0,5,0,0,0,0,0,0,0,0,0,0,0,3,0,0,0,0,0,0,0,0,0,0,0,0,0,0,1,2,0,0,0,0,0,0,0,0,0,0,0,0,0,0,0,0,0,0,0
511,/Users/shamiraventurini/PycharmProjects/ICL-PILOT/data/annotated/ENNI_batchalign/TD/B/511.cha,data/annotated/ENNI_batchalign/TD/B/511.cha,70,3,3,3,0,0,0,0,0,0,0,0,0,0,2,0,0,0,0,1,0,0,0,0,0,0,0,0,0,0,0,0,0,0,0,0,0,0,0,0,0,0,0,0,0,0,0,0,0,0,0,0,0,0,0
512,/Users/shamiraventurini/PycharmProjects/ICL-PILOT/data/annotated/ENNI_batchalign/TD/B/512.cha,data/annotated/ENNI_batchalign/TD/B/512.cha,117,3,3,3,0,0,0,0,0,0,0,0,0,0,0,0,0,0,0,3,0,0,0,0,0,0,0,0,0,0,0,0,0,0,0,0,0,0,0,0,0,0,0,0,0,0,0,0,0,0,0,0,0,0,0
515,/Users/shamiraventurini/PycharmProjects/ICL-PILOT/data/annotated/ENNI_batchalign/TD/B/515.cha,data/annotated/ENNI_batchalign/TD/B/515.cha,61,2,2,2,0,0,0,0,0,0,0,0,0,0,0,0,0,0,0,2,0,0,0,0,0,0,0,0,0,0,0,0,0,0,0,0,0,0,0,0,0,0,0,0,0,0,0,0,0,0,0,0,0,0,0
516,/Users/shamiraventurini/PycharmProjects/ICL-PILOT/data/annotated/ENNI_batchalign/TD/B/516.cha,data/annotated/ENNI_batchalign/TD/B/516.cha,67,1,1,1,0,0,0,0,0,0,0,0,0,0,0,1,0,0,0,0,0,0,0,0,0,0,0,0,0,0,0,0,0,0,0,0,0,0,0,0,0,0,0,0,0,0,0,0,0,0,0,0,0,0,0
520,/Users/shamiraventurini/PycharmProjects/ICL-PILOT/data/annotated/ENNI_batchalign/TD/B/520.cha,data/annotated/ENNI_batchalign/TD/B/520.cha,77,1,1,1,0,0,0,0,0,0,0,0,0,0,0,0,0,0,0,1,0,0,0,0,0,0,0,0,0,0,0,0,0,0,0,0,0,0,0,0,0,0,0,0,0,0,0,0,0,0,0,0,0,0,0
523,/Users/shamiraventurini/PycharmProjects/ICL-PILOT/data/annotated/ENNI_batchalign/TD/B/523.cha,data/annotated/ENNI_batchalign/TD/B/523.cha,123,3,3,3,0,0,0,1,0,0,0,0,0,0,0,0,0,0,0,0,0,0,0,0,0,0,0,0,0,0,0,0,0,1,0,0,0,0,0,1,0,0,0,0,0,0,0,0,0,0,0,0,0,0,0
524,/Users/shamiraventurini/PycharmProjects/ICL-PILOT/data/annotated/ENNI_batchalign/TD/B/524.cha,data/annotated/ENNI_batchalign/TD/B/524.cha,65,5,5,4,1,0,0,1,0,0,0,0,0,0,0,0,0,0,0,2,0,0,0,0,0,0,0,0,0,0,0,0,0,0,0,0,0,0,0,0,0,0,0,0,0,1,0,0,0,0,0,0,0,1,0
528,/Users/shamiraventurini/PycharmProjects/ICL-PILOT/data/annotated/ENNI_batchalign/TD/B/528.cha,data/annotated/ENNI_batchalign/TD/B/528.cha,136,6,6,6,0,0,0,2,0,0,0,0,0,0,0,0,0,0,0,4,0,0,0,0,0,0,0,0,0,0,0,0,0,0,0,0,0,0,0,0,0,0,0,0,0,0,0,0,0,0,0,0,0,0,0
532,/Users/shamiraventurini/PycharmProjects/ICL-PILOT/data/annotated/ENNI_batchalign/TD/B/532.cha,data/annotated/ENNI_batchalign/TD/B/532.cha,70,6,6,6,0,0,0,0,0,0,0,0,0,0,0,0,0,0,0,6,0,0,0,0,0,0,0,0,0,0,0,0,0,0,0,0,0,0,0,0,0,0,0,0,0,0,0,0,0,0,0,0,0,0,0
533,/Users/shamiraventurini/PycharmProjects/ICL-PILOT/data/annotated/ENNI_batchalign/TD/B/533.cha,data/annotated/ENNI_batchalign/TD/B/533.cha,97,0,0,0,0,0,0,0,0,0,0,0,0,0,0,0,0,0,0,0,0,0,0,0,0,0,0,0,0,0,0,0,0,0,0,0,0,0,0,0,0,0,0,0,0,0,0,0,0,0,0,0,0,0,0
536,/Users/shamiraventurini/PycharmProjects/ICL-PILOT/data/annotated/ENNI_batchalign/TD/B/536.cha,data/annotated/ENNI_batchalign/TD/B/536.cha,136,3,3,2,1,0,0,0,0,0,0,0,0,0,0,0,0,0,0,2,0,0,0,0,0,0,0,0,0,0,0,0,0,0,0,0,0,0,0,0,0,0,0,0,0,0,0,0,0,0,0,0,0,1,0
539,/Users/shamiraventurini/PycharmProjects/ICL-PILOT/data/annotated/ENNI_batchalign/TD/B/539.cha,data/annotated/ENNI_batchalign/TD/B/539.cha,129,1,1,1,0,0,0,0,0,0,0,0,0,0,0,0,0,0,0,1,0,0,0,0,0,0,0,0,0,0,0,0,0,0,0,0,0,0,0,0,0,0,0,0,0,0,0,0,0,0,0,0,0,0,0
543,/Users/shamiraventurini/PycharmProjects/ICL-PILOT/data/annotated/ENNI_batchalign/TD/B/543.cha,data/annotated/ENNI_batchalign/TD/B/543.cha,60,3,3,3,0,0,0,1,0,0,0,0,0,0,0,0,0,0,0,1,0,0,0,0,0,0,0,0,0,0,0,0,0,0,0,0,0,0,0,0,0,0,0,0,0,1,0,0,0,0,0,0,0,0,0
547,/Users/shamiraventurini/PycharmProjects/ICL-PILOT/data/annotated/ENNI_batchalign/TD/B/547.cha,data/annotated/ENNI_batchalign/TD/B/547.cha,66,4,4,4,0,0,0,0,0,0,0,0,0,0,1,0,0,0,0,3,0,0,0,0,0,0,0,0,0,0,0,0,0,0,0,0,0,0,0,0,0,0,0,0,0,0,0,0,0,0,0,0,0,0,0
551,/Users/shamiraventurini/PycharmProjects/ICL-PILOT/data/annotated/ENNI_batchalign/TD/B/551.cha,data/annotated/ENNI_batchalign/TD/B/551.cha,141,1,1,1,0,0,0,0,0,0,0,0,0,0,0,0,0,0,0,1,0,0,0,0,0,0,0,0,0,0,0,0,0,0,0,0,0,0,0,0,0,0,0,0,0,0,0,0,0,0,0,0,0,0,0
557,/Users/shamiraventurini/PycharmProjects/ICL-PILOT/data/annotated/ENNI_batchalign/TD/B/557.cha,data/annotated/ENNI_batchalign/TD/B/557.cha,98,4,4,3,1,0,0,1,0,0,0,0,0,1,0,0,0,0,0,1,0,0,0,0,0,0,0,0,0,0,0,0,0,0,0,0,0,0,0,0,0,0,0,0,0,0,0,0,0,0,0,0,0,0,1
565,/Users/shamiraventurini/PycharmProjects/ICL-PILOT/data/annotated/ENNI_batchalign/TD/B/565.cha,data/annotated/ENNI_batchalign/TD/B/565.cha,69,0,0,0,0,0,0,0,0,0,0,0,0,0,0,0,0,0,0,0,0,0,0,0,0,0,0,0,0,0,0,0,0,0,0,0,0,0,0,0,0,0,0,0,0,0,0,0,0,0,0,0,0,0,0
571,/Users/shamiraventurini/PycharmProjects/ICL-PILOT/data/annotated/ENNI_batchalign/TD/B/571.cha,data/annotated/ENNI_batchalign/TD/B/571.cha,111,2,2,2,0,0,0,0,0,0,0,0,0,0,0,1,0,0,0,1,0,0,0,0,0,0,0,0,0,0,0,0,0,0,0,0,0,0,0,0,0,0,0,0,0,0,0,0,0,0,0,0,0,0,0
603,/Users/shamiraventurini/PycharmProjects/ICL-PILOT/data/annotated/ENNI_batchalign/TD/B/603.cha,data/annotated/ENNI_batchalign/TD/B/603.cha,122,2,2,2,0,0,0,0,0,0,0,0,0,0,0,0,0,0,0,0,0,0,0,0,0,0,0,0,0,0,0,0,0,0,0,0,0,0,0,0,0,0,0,2,0,0,0,0,0,0,0,0,0,0,0
604,/Users/shamiraventurini/PycharmProjects/ICL-PILOT/data/annotated/ENNI_batchalign/TD/B/604.cha,data/annotated/ENNI_batchalign/TD/B/604.cha,81,9,10,8,1,1,0,1,0,0,0,0,0,0,0,0,0,0,0,2,0,0,0,0,0,0,0,0,1,0,0,0,0,0,0,2,0,0,0,0,0,0,0,1,0,1,0,0,0,1,0,0,0,1,0
608,/Users/shamiraventurini/PycharmProjects/ICL-PILOT/data/annotated/ENNI_batchalign/TD/B/608.cha,data/annotated/ENNI_batchalign/TD/B/608.cha,116,16,17,13,0,4,0,4,0,1,0,0,0,0,1,1,0,0,0,1,0,0,0,2,0,0,0,0,0,0,0,0,0,0,0,3,0,0,0,0,0,0,0,0,0,0,0,0,4,0,0,0,0,0,0
612,/Users/shamiraventurini/PycharmProjects/ICL-PILOT/data/annotated/ENNI_batchalign/TD/B/612.cha,data/annotated/ENNI_batchalign/TD/B/612.cha,82,8,8,7,1,0,0,0,0,0,0,0,0,0,4,0,0,0,0,3,0,0,0,0,0,0,0,0,0,0,0,0,0,0,0,0,0,0,0,0,0,0,0,0,0,0,0,0,0,0,0,0,0,1,0
615,/Users/shamiraventurini/PycharmProjects/ICL-PILOT/data/annotated/ENNI_batchalign/TD/B/615.cha,data/annotated/ENNI_batchalign/TD/B/615.cha,59,2,3,2,1,0,0,1,0,0,0,0,0,0,0,0,0,0,0,0,0,0,0,0,0,0,0,0,0,0,0,0,0,0,0,0,0,0,0,0,0,0,0,0,0,1,0,0,0,0,0,0,0,1,0
616,/Users/shamiraventurini/PycharmProjects/ICL-PILOT/data/annotated/ENNI_batchalign/TD/B/616.cha,data/annotated/ENNI_batchalign/TD/B/616.cha,96,1,1,1,0,0,0,1,0,0,0,0,0,0,0,0,0,0,0,0,0,0,0,0,0,0,0,0,0,0,0,0,0,0,0,0,0,0,0,0,0,0,0,0,0,0,0,0,0,0,0,0,0,0,0
620,/Users/shamiraventurini/PycharmProjects/ICL-PILOT/data/annotated/ENNI_batchalign/TD/B/620.cha,data/annotated/ENNI_batchalign/TD/B/620.cha,87,7,8,8,0,0,0,0,0,0,0,0,0,0,0,3,0,0,0,4,0,0,0,1,0,0,0,0,0,0,0,0,0,0,0,0,0,0,0,0,0,0,0,0,0,0,0,0,0,0,0,0,0,0,0
624,/Users/shamiraventurini/PycharmProjects/ICL-PILOT/data/annotated/ENNI_batchalign/TD/B/624.cha,data/annotated/ENNI_batchalign/TD/B/624.cha,78,2,2,2,0,0,0,0,0,1,0,0,0,0,0,0,0,0,0,0,0,0,0,0,0,0,0,0,0,0,0,0,0,0,0,0,0,0,0,0,0,0,0,0,0,0,1,0,0,0,0,0,0,0,0
628,/Users/shamiraventurini/PycharmProjects/ICL-PILOT/data/annotated/ENNI_batchalign/TD/B/628.cha,data/annotated/ENNI_batchalign/TD/B/628.cha,65,1,1,1,0,0,0,0,0,0,0,0,0,0,0,0,0,0,0,1,0,0,0,0,0,0,0,0,0,0,0,0,0,0,0,0,0,0,0,0,0,0,0,0,0,0,0,0,0,0,0,0,0,0,0
632,/Users/shamiraventurini/PycharmProjects/ICL-PILOT/data/annotated/ENNI_batchalign/TD/B/632.cha,data/annotated/ENNI_batchalign/TD/B/632.cha,118,4,4,4,0,0,0,2,0,0,0,0,0,0,0,0,0,0,0,1,0,0,0,0,0,0,1,0,0,0,0,0,0,0,0,0,0,0,0,0,0,0,0,0,0,0,0,0,0,0,0,0,0,0,0
636,/Users/shamiraventurini/PycharmProjects/ICL-PILOT/data/annotated/ENNI_batchalign/TD/B/636.cha,data/annotated/ENNI_batchalign/TD/B/636.cha,82,4,4,4,0,0,0,0,0,0,0,0,0,0,1,1,0,0,0,0,2,0,0,0,0,0,0,0,0,0,0,0,0,0,0,0,0,0,0,0,0,0,0,0,0,0,0,0,0,0,0,0,0,0,0
639,/Users/shamiraventurini/PycharmProjects/ICL-PILOT/data/annotated/ENNI_batchalign/TD/B/639.cha,data/annotated/ENNI_batchalign/TD/B/639.cha,80,4,4,4,0,0,0,1,0,0,0,0,0,0,1,0,0,0,0,2,0,0,0,0,0,0,0,0,0,0,0,0,0,0,0,0,0,0,0,0,0,0,0,0,0,0,0,0,0,0,0,0,0,0,0
647,/Users/shamiraventurini/PycharmProjects/ICL-PILOT/data/annotated/ENNI_batchalign/TD/B/647.cha,data/annotated/ENNI_batchalign/TD/B/647.cha,67,3,3,2,1,0,0,1,0,0,0,0,0,0,0,0,0,0,0,1,0,0,0,0,0,0,0,0,0,0,0,0,0,0,0,0,0,0,0,0,0,0,0,0,0,0,0,0,0,0,0,0,1,0,0
648,/Users/shamiraventurini/PycharmProjects/ICL-PILOT/data/annotated/ENNI_batchalign/TD/B/648.cha,data/annotated/ENNI_batchalign/TD/B/648.cha,119,2,2,2,0,0,0,0,0,2,0,0,0,0,0,0,0,0,0,0,0,0,0,0,0,0,0,0,0,0,0,0,0,0,0,0,0,0,0,0,0,0,0,0,0,0,0,0,0,0,0,0,0,0,0
651,/Users/shamiraventurini/PycharmProjects/ICL-PILOT/data/annotated/ENNI_batchalign/TD/B/651.cha,data/annotated/ENNI_batchalign/TD/B/651.cha,61,3,3,2,0,1,0,2,0,0,0,0,0,0,0,0,0,0,0,0,0,0,0,0,0,0,0,0,0,0,0,0,0,0,0,0,0,0,0,0,0,0,0,0,0,0,0,0,1,0,0,0,0,0,0
652,/Users/shamiraventurini/PycharmProjects/ICL-PILOT/data/annotated/ENNI_batchalign/TD/B/652.cha,data/annotated/ENNI_batchalign/TD/B/652.cha,67,1,1,1,0,0,0,1,0,0,0,0,0,0,0,0,0,0,0,0,0,0,0,0,0,0,0,0,0,0,0,0,0,0,0,0,0,0,0,0,0,0,0,0,0,0,0,0,0,0,0,0,0,0,0
655,/Users/shamiraventurini/PycharmProjects/ICL-PILOT/data/annotated/ENNI_batchalign/TD/B/655.cha,data/annotated/ENNI_batchalign/TD/B/655.cha,88,1,1,1,0,0,0,0,0,0,0,0,0,0,1,0,0,0,0,0,0,0,0,0,0,0,0,0,0,0,0,0,0,0,0,0,0,0,0,0,0,0,0,0,0,0,0,0,0,0,0,0,0,0,0
656,/Users/shamiraventurini/PycharmProjects/ICL-PILOT/data/annotated/ENNI_batchalign/TD/B/656.cha,data/annotated/ENNI_batchalign/TD/B/656.cha,87,5,5,4,1,0,0,1,0,0,0,0,0,0,2,0,0,0,0,1,0,0,0,0,0,0,0,0,0,0,0,0,0,0,0,0,0,0,0,0,0,0,0,0,0,0,0,0,0,0,0,0,0,1,0
658,/Users/shamiraventurini/PycharmProjects/ICL-PILOT/data/annotated/ENNI_batchalign/TD/B/658.cha,data/annotated/ENNI_batchalign/TD/B/658.cha,111,4,4,4,0,0,0,1,0,0,0,0,0,0,2,0,0,0,0,1,0,0,0,0,0,0,0,0,0,0,0,0,0,0,0,0,0,0,0,0,0,0,0,0,0,0,0,0,0,0,0,0,0,0,0
659,/Users/shamiraventurini/PycharmProjects/ICL-PILOT/data/annotated/ENNI_batchalign/TD/B/659.cha,data/annotated/ENNI_batchalign/TD/B/659.cha,72,5,5,5,0,0,0,1,0,0,0,0,0,0,1,2,0,0,0,1,0,0,0,0,0,0,0,0,0,0,0,0,0,0,0,0,0,0,0,0,0,0,0,0,0,0,0,0,0,0,0,0,0,0,0
663,/Users/shamiraventurini/PycharmProjects/ICL-PILOT/data/annotated/ENNI_batchalign/TD/B/663.cha,data/annotated/ENNI_batchalign/TD/B/663.cha,62,1,1,1,0,0,0,1,0,0,0,0,0,0,0,0,0,0,0,0,0,0,0,0,0,0,0,0,0,0,0,0,0,0,0,0,0,0,0,0,0,0,0,0,0,0,0,0,0,0,0,0,0,0,0
664,/Users/shamiraventurini/PycharmProjects/ICL-PILOT/data/annotated/ENNI_batchalign/TD/B/664.cha,data/annotated/ENNI_batchalign/TD/B/664.cha,128,1,1,1,0,0,0,0,0,0,0,0,0,0,1,0,0,0,0,0,0,0,0,0,0,0,0,0,0,0,0,0,0,0,0,0,0,0,0,0,0,0,0,0,0,0,0,0,0,0,0,0,0,0,0
669,/Users/shamiraventurini/PycharmProjects/ICL-PILOT/data/annotated/ENNI_batchalign/TD/B/669.cha,data/annotated/ENNI_batchalign/TD/B/669.cha,71,3,3,3,0,0,0,0,0,0,0,0,0,0,2,0,0,0,0,1,0,0,0,0,0,0,0,0,0,0,0,0,0,0,0,0,0,0,0,0,0,0,0,0,0,0,0,0,0,0,0,0,0,0,0
676,/Users/shamiraventurini/PycharmProjects/ICL-PILOT/data/annotated/ENNI_batchalign/TD/B/676.cha,data/annotated/ENNI_batchalign/TD/B/676.cha,93,0,0,0,0,0,0,0,0,0,0,0,0,0,0,0,0,0,0,0,0,0,0,0,0,0,0,0,0,0,0,0,0,0,0,0,0,0,0,0,0,0,0,0,0,0,0,0,0,0,0,0,0,0,0
704,/Users/shamiraventurini/PycharmProjects/ICL-PILOT/data/annotated/ENNI_batchalign/TD/B/704.cha,data/annotated/ENNI_batchalign/TD/B/704.cha,59,7,7,6,1,0,0,1,0,0,0,0,0,0,2,0,0,0,0,1,0,0,0,0,0,0,0,0,0,0,0,0,0,0,0,0,0,0,0,0,0,0,0,2,0,0,0,0,0,0,0,0,1,0,0
707,/Users/shamiraventurini/PycharmProjects/ICL-PILOT/data/annotated/ENNI_batchalign/TD/B/707.cha,data/annotated/ENNI_batchalign/TD/B/707.cha,65,1,1,1,0,0,0,0,0,0,0,0,0,0,0,0,0,0,0,0,0,0,0,0,1,0,0,0,0,0,0,0,0,0,0,0,0,0,0,0,0,0,0,0,0,0,0,0,0,0,0,0,0,0,0
708,/Users/shamiraventurini/PycharmProjects/ICL-PILOT/data/annotated/ENNI_batchalign/TD/B/708.cha,data/annotated/ENNI_batchalign/TD/B/708.cha,73,1,1,1,0,0,0,0,0,0,0,0,0,0,0,0,0,0,0,1,0,0,0,0,0,0,0,0,0,0,0,0,0,0,0,0,0,0,0,0,0,0,0,0,0,0,0,0,0,0,0,0,0,0,0
711,/Users/shamiraventurini/PycharmProjects/ICL-PILOT/data/annotated/ENNI_batchalign/TD/B/711.cha,data/annotated/ENNI_batchalign/TD/B/711.cha,84,3,3,2,1,0,0,0,0,0,0,0,0,0,1,0,0,0,0,0,0,0,0,0,0,0,1,0,0,0,0,0,0,0,0,0,0,0,0,0,0,0,0,0,0,0,0,0,0,0,0,0,0,0,1
712,/Users/shamiraventurini/PycharmProjects/ICL-PILOT/data/annotated/ENNI_batchalign/TD/B/712.cha,data/annotated/ENNI_batchalign/TD/B/712.cha,82,1,1,1,0,0,0,0,0,0,0,0,0,0,1,0,0,0,0,0,0,0,0,0,0,0,0,0,0,0,0,0,0,0,0,0,0,0,0,0,0,0,0,0,0,0,0,0,0,0,0,0,0,0,0
716,/Users/shamiraventurini/PycharmProjects/ICL-PILOT/data/annotated/ENNI_batchalign/TD/B/716.cha,data/annotated/ENNI_batchalign/TD/B/716.cha,92,2,2,2,0,0,0,1,0,0,0,1,0,0,0,0,0,0,0,0,0,0,0,0,0,0,0,0,0,0,0,0,0,0,0,0,0,0,0,0,0,0,0,0,0,0,0,0,0,0,0,0,0,0,0
720,/Users/shamiraventurini/PycharmProjects/ICL-PILOT/data/annotated/ENNI_batchalign/TD/B/720.cha,data/annotated/ENNI_batchalign/TD/B/720.cha,81,1,1,1,0,0,0,0,0,0,0,0,0,0,0,0,0,0,0,0,0,0,0,0,0,0,0,0,0,0,0,0,0,0,0,0,0,0,0,0,0,0,0,0,1,0,0,0,0,0,0,0,0,0,0
724,/Users/shamiraventurini/PycharmProjects/ICL-PILOT/data/annotated/ENNI_batchalign/TD/B/724.cha,data/annotated/ENNI_batchalign/TD/B/724.cha,110,0,0,0,0,0,0,0,0,0,0,0,0,0,0,0,0,0,0,0,0,0,0,0,0,0,0,0,0,0,0,0,0,0,0,0,0,0,0,0,0,0,0,0,0,0,0,0,0,0,0,0,0,0,0
728,/Users/shamiraventurini/PycharmProjects/ICL-PILOT/data/annotated/ENNI_batchalign/TD/B/728.cha,data/annotated/ENNI_batchalign/TD/B/728.cha,99,2,2,2,0,0,0,0,0,0,0,0,0,0,0,0,0,0,0,0,0,0,0,0,0,0,0,0,0,0,0,0,0,0,0,0,0,0,0,0,0,0,0,0,0,0,2,0,0,0,0,0,0,0,0
732,/Users/shamiraventurini/PycharmProjects/ICL-PILOT/data/annotated/ENNI_batchalign/TD/B/732.cha,data/annotated/ENNI_batchalign/TD/B/732.cha,109,10,10,9,0,1,0,1,0,0,0,1,0,0,1,0,0,0,0,2,0,0,0,0,0,0,0,0,0,0,0,0,0,0,0,1,0,0,0,0,0,0,0,0,0,3,0,0,1,0,0,0,0,0,0
736,/Users/shamiraventurini/PycharmProjects/ICL-PILOT/data/annotated/ENNI_batchalign/TD/B/736.cha,data/annotated/ENNI_batchalign/TD/B/736.cha,50,10,11,5,6,0,0,0,0,0,0,0,0,0,4,0,0,0,0,1,0,0,0,0,0,0,0,0,0,0,0,0,0,0,0,0,0,0,0,0,0,0,0,0,0,0,0,0,0,0,0,0,0,6,0
743,/Users/shamiraventurini/PycharmProjects/ICL-PILOT/data/annotated/ENNI_batchalign/TD/B/743.cha,data/annotated/ENNI_batchalign/TD/B/743.cha,151,5,5,5,0,0,0,1,0,0,0,0,0,0,0,0,0,0,0,1,0,0,0,0,0,0,0,0,0,0,0,0,0,0,0,0,0,2,0,0,0,0,0,0,1,0,0,0,0,0,0,0,0,0,0
744,/Users/shamiraventurini/PycharmProjects/ICL-PILOT/data/annotated/ENNI_batchalign/TD/B/744.cha,data/annotated/ENNI_batchalign/TD/B/744.cha,83,2,2,2,0,0,0,1,0,0,0,0,0,0,0,0,0,0,0,1,0,0,0,0,0,0,0,0,0,0,0,0,0,0,0,0,0,0,0,0,0,0,0,0,0,0,0,0,0,0,0,0,0,0,0
748,/Users/shamiraventurini/PycharmProjects/ICL-PILOT/data/annotated/ENNI_batchalign/TD/B/748.cha,data/annotated/ENNI_batchalign/TD/B/748.cha,77,0,0,0,0,0,0,0,0,0,0,0,0,0,0,0,0,0,0,0,0,0,0,0,0,0,0,0,0,0,0,0,0,0,0,0,0,0,0,0,0,0,0,0,0,0,0,0,0,0,0,0,0,0,0
750,/Users/shamiraventurini/PycharmProjects/ICL-PILOT/data/annotated/ENNI_batchalign/TD/B/750.cha,data/annotated/ENNI_batchalign/TD/B/750.cha,62,0,0,0,0,0,0,0,0,0,0,0,0,0,0,0,0,0,0,0,0,0,0,0,0,0,0,0,0,0,0,0,0,0,0,0,0,0,0,0,0,0,0,0,0,0,0,0,0,0,0,0,0,0,0
754,/Users/shamiraventurini/PycharmProjects/ICL-PILOT/data/annotated/ENNI_batchalign/TD/B/754.cha,data/annotated/ENNI_batchalign/TD/B/754.cha,63,6,6,6,0,0,0,0,0,0,0,1,0,0,2,0,0,0,0,1,1,0,0,0,0,0,0,0,0,0,0,0,0,0,1,0,0,0,0,0,0,0,0,0,0,0,0,0,0,0,0,0,0,0,0
755,/Users/shamiraventurini/PycharmProjects/ICL-PILOT/data/annotated/ENNI_batchalign/TD/B/755.cha,data/annotated/ENNI_batchalign/TD/B/755.cha,95,2,2,2,0,0,0,1,0,0,0,0,0,0,0,0,0,0,0,1,0,0,0,0,0,0,0,0,0,0,0,0,0,0,0,0,0,0,0,0,0,0,0,0,0,0,0,0,0,0,0,0,0,0,0
758,/Users/shamiraventurini/PycharmProjects/ICL-PILOT/data/annotated/ENNI_batchalign/TD/B/758.cha,data/annotated/ENNI_batchalign/TD/B/758.cha,83,2,2,2,0,0,0,0,0,0,0,0,0,0,2,0,0,0,0,0,0,0,0,0,0,0,0,0,0,0,0,0,0,0,0,0,0,0,0,0,0,0,0,0,0,0,0,0,0,0,0,0,0,0,0
759,/Users/shamiraventurini/PycharmProjects/ICL-PILOT/data/annotated/ENNI_batchalign/TD/B/759.cha,data/annotated/ENNI_batchalign/TD/B/759.cha,70,2,2,2,0,0,0,0,0,0,0,0,0,0,0,0,0,0,0,0,0,0,0,0,0,0,1,0,0,0,0,0,0,0,0,0,0,0,0,0,0,0,0,0,0,1,0,0,0,0,0,0,0,0,0
760,/Users/shamiraventurini/PycharmProjects/ICL-PILOT/data/annotated/ENNI_batchalign/TD/B/760.cha,data/annotated/ENNI_batchalign/TD/B/760.cha,96,4,4,4,0,0,0,2,0,0,0,0,0,0,1,0,0,0,0,0,0,0,0,0,0,0,0,0,0,0,0,0,0,0,0,0,0,0,0,0,0,0,0,0,0,1,0,0,0,0,0,0,0,0,0
763,/Users/shamiraventurini/PycharmProjects/ICL-PILOT/data/annotated/ENNI_batchalign/TD/B/763.cha,data/annotated/ENNI_batchalign/TD/B/763.cha,92,4,4,2,0,2,0,0,0,0,0,0,0,0,0,1,0,0,0,0,0,0,0,0,0,0,0,0,0,0,0,0,0,0,0,0,0,0,0,0,0,1,0,0,0,0,0,0,2,0,0,0,0,0,0
764,/Users/shamiraventurini/PycharmProjects/ICL-PILOT/data/annotated/ENNI_batchalign/TD/B/764.cha,data/annotated/ENNI_batchalign/TD/B/764.cha,77,2,2,2,0,0,0,0,0,0,0,0,0,0,0,0,0,0,0,1,0,0,0,0,0,0,0,0,0,0,0,0,0,0,0,0,0,0,0,0,0,0,0,0,0,1,0,0,0,0,0,0,0,0,0
768,/Users/shamiraventurini/PycharmProjects/ICL-PILOT/data/annotated/ENNI_batchalign/TD/B/768.cha,data/annotated/ENNI_batchalign/TD/B/768.cha,119,6,6,6,0,0,0,3,0,0,0,0,0,0,0,0,0,0,0,0,0,0,0,0,0,0,0,0,0,0,0,0,0,0,0,0,0,0,0,0,0,0,0,0,0,1,2,0,0,0,0,0,0,0,0
770,/Users/shamiraventurini/PycharmProjects/ICL-PILOT/data/annotated/ENNI_batchalign/TD/B/770.cha,data/annotated/ENNI_batchalign/TD/B/770.cha,114,1,1,1,0,0,0,0,0,0,0,0,0,0,0,0,0,0,0,1,0,0,0,0,0,0,0,0,0,0,0,0,0,0,0,0,0,0,0,0,0,0,0,0,0,0,0,0,0,0,0,0,0,0,0
772,/Users/shamiraventurini/PycharmProjects/ICL-PILOT/data/annotated/ENNI_batchalign/TD/B/772.cha,data/annotated/ENNI_batchalign/TD/B/772.cha,105,4,4,3,0,1,0,3,0,0,0,0,0,0,0,0,0,0,0,0,0,0,0,0,0,0,0,0,0,0,0,0,0,0,0,0,0,0,0,0,0,0,0,0,0,0,0,0,1,0,0,0,0,0,0
803,/Users/shamiraventurini/PycharmProjects/ICL-PILOT/data/annotated/ENNI_batchalign/TD/B/803.cha,data/annotated/ENNI_batchalign/TD/B/803.cha,114,8,8,7,0,1,0,0,0,0,0,0,0,0,1,0,0,0,0,2,0,0,0,0,0,0,0,0,0,0,0,0,0,0,0,1,0,0,0,0,0,0,0,1,0,2,0,0,1,0,0,0,0,0,0
804,/Users/shamiraventurini/PycharmProjects/ICL-PILOT/data/annotated/ENNI_batchalign/TD/B/804.cha,data/annotated/ENNI_batchalign/TD/B/804.cha,146,8,8,7,1,0,0,2,0,0,0,1,0,0,0,0,0,0,0,1,0,0,0,0,0,0,0,0,0,0,0,0,0,0,0,2,0,0,0,0,0,0,0,0,0,0,1,0,0,0,0,0,0,1,0
808,/Users/shamiraventurini/PycharmProjects/ICL-PILOT/data/annotated/ENNI_batchalign/TD/B/808.cha,data/annotated/ENNI_batchalign/TD/B/808.cha,104,3,3,3,0,0,0,2,0,0,0,0,0,0,1,0,0,0,0,0,0,0,0,0,0,0,0,0,0,0,0,0,0,0,0,0,0,0,0,0,0,0,0,0,0,0,0,0,0,0,0,0,0,0,0
811,/Users/shamiraventurini/PycharmProjects/ICL-PILOT/data/annotated/ENNI_batchalign/TD/B/811.cha,data/annotated/ENNI_batchalign/TD/B/811.cha,121,5,5,4,1,0,0,0,0,0,0,0,0,0,0,0,0,0,0,0,1,0,0,0,0,0,0,0,0,0,0,0,0,0,0,0,0,2,0,0,0,0,0,0,0,0,1,0,0,0,0,1,0,0,0
812,/Users/shamiraventurini/PycharmProjects/ICL-PILOT/data/annotated/ENNI_batchalign/TD/B/812.cha,data/annotated/ENNI_batchalign/TD/B/812.cha,89,2,2,2,0,0,0,1,0,0,0,0,0,0,1,0,0,0,0,0,0,0,0,0,0,0,0,0,0,0,0,0,0,0,0,0,0,0,0,0,0,0,0,0,0,0,0,0,0,0,0,0,0,0,0
815,/Users/shamiraventurini/PycharmProjects/ICL-PILOT/data/annotated/ENNI_batchalign/TD/B/815.cha,data/annotated/ENNI_batchalign/TD/B/815.cha,92,2,2,2,0,0,0,1,0,0,0,0,0,0,0,0,0,0,0,1,0,0,0,0,0,0,0,0,0,0,0,0,0,0,0,0,0,0,0,0,0,0,0,0,0,0,0,0,0,0,0,0,0,0,0
816,/Users/shamiraventurini/PycharmProjects/ICL-PILOT/data/annotated/ENNI_batchalign/TD/B/816.cha,data/annotated/ENNI_batchalign/TD/B/816.cha,87,2,2,1,1,0,0,0,0,0,0,0,0,0,0,0,0,0,0,0,0,0,0,0,0,0,0,0,0,0,0,0,0,0,0,0,0,0,0,0,0,1,0,0,0,0,0,0,0,0,0,0,1,0,0
820,/Users/shamiraventurini/PycharmProjects/ICL-PILOT/data/annotated/ENNI_batchalign/TD/B/820.cha,data/annotated/ENNI_batchalign/TD/B/820.cha,78,1,1,1,0,0,0,1,0,0,0,0,0,0,0,0,0,0,0,0,0,0,0,0,0,0,0,0,0,0,0,0,0,0,0,0,0,0,0,0,0,0,0,0,0,0,0,0,0,0,0,0,0,0,0
822,/Users/shamiraventurini/PycharmProjects/ICL-PILOT/data/annotated/ENNI_batchalign/TD/B/822.cha,data/annotated/ENNI_batchalign/TD/B/822.cha,172,3,3,2,1,0,0,0,0,0,0,0,0,0,1,0,0,0,0,0,0,0,0,0,0,0,0,0,0,0,0,0,0,0,0,0,0,0,0,0,0,1,0,0,0,0,0,0,0,0,0,1,0,0,0
824,/Users/shamiraventurini/PycharmProjects/ICL-PILOT/data/annotated/ENNI_batchalign/TD/B/824.cha,data/annotated/ENNI_batchalign/TD/B/824.cha,98,3,3,3,0,0,0,1,0,0,0,0,0,0,1,0,0,0,0,0,0,0,0,1,0,0,0,0,0,0,0,0,0,0,0,0,0,0,0,0,0,0,0,0,0,0,0,0,0,0,0,0,0,0,0
826,/Users/shamiraventurini/PycharmProjects/ICL-PILOT/data/annotated/ENNI_batchalign/TD/B/826.cha,data/annotated/ENNI_batchalign/TD/B/826.cha,82,0,0,0,0,0,0,0,0,0,0,0,0,0,0,0,0,0,0,0,0,0,0,0,0,0,0,0,0,0,0,0,0,0,0,0,0,0,0,0,0,0,0,0,0,0,0,0,0,0,0,0,0,0,0
828,/Users/shamiraventurini/PycharmProjects/ICL-PILOT/data/annotated/ENNI_batchalign/TD/B/828.cha,data/annotated/ENNI_batchalign/TD/B/828.cha,83,0,0,0,0,0,0,0,0,0,0,0,0,0,0,0,0,0,0,0,0,0,0,0,0,0,0,0,0,0,0,0,0,0,0,0,0,0,0,0,0,0,0,0,0,0,0,0,0,0,0,0,0,0,0
834,/Users/shamiraventurini/PycharmProjects/ICL-PILOT/data/annotated/ENNI_batchalign/TD/B/834.cha,data/annotated/ENNI_batchalign/TD/B/834.cha,86,2,2,2,0,0,0,1,0,0,0,0,0,0,1,0,0,0,0,0,0,0,0,0,0,0,0,0,0,0,0,0,0,0,0,0,0,0,0,0,0,0,0,0,0,0,0,0,0,0,0,0,0,0,0
838,/Users/shamiraventurini/PycharmProjects/ICL-PILOT/data/annotated/ENNI_batchalign/TD/B/838.cha,data/annotated/ENNI_batchalign/TD/B/838.cha,67,1,1,1,0,0,0,0,0,0,0,0,0,0,0,0,0,0,0,1,0,0,0,0,0,0,0,0,0,0,0,0,0,0,0,0,0,0,0,0,0,0,0,0,0,0,0,0,0,0,0,0,0,0,0
842,/Users/shamiraventurini/PycharmProjects/ICL-PILOT/data/annotated/ENNI_batchalign/TD/B/842.cha,data/annotated/ENNI_batchalign/TD/B/842.cha,108,4,4,4,0,0,0,1,0,0,0,0,0,0,1,0,0,0,0,1,0,0,0,0,0,0,0,0,0,0,0,0,0,0,0,1,0,0,0,0,0,0,0,0,0,0,0,0,0,0,0,0,0,0,0
843,/Users/shamiraventurini/PycharmProjects/ICL-PILOT/data/annotated/ENNI_batchalign/TD/B/843.cha,data/annotated/ENNI_batchalign/TD/B/843.cha,67,1,1,1,0,0,0,0,0,0,0,0,0,0,0,0,0,0,0,0,1,0,0,0,0,0,0,0,0,0,0,0,0,0,0,0,0,0,0,0,0,0,0,0,0,0,0,0,0,0,0,0,0,0,0
847,/Users/shamiraventurini/PycharmProjects/ICL-PILOT/data/annotated/ENNI_batchalign/TD/B/847.cha,data/annotated/ENNI_batchalign/TD/B/847.cha,83,0,0,0,0,0,0,0,0,0,0,0,0,0,0,0,0,0,0,0,0,0,0,0,0,0,0,0,0,0,0,0,0,0,0,0,0,0,0,0,0,0,0,0,0,0,0,0,0,0,0,0,0,0,0
850,/Users/shamiraventurini/PycharmProjects/ICL-PILOT/data/annotated/ENNI_batchalign/TD/B/850.cha,data/annotated/ENNI_batchalign/TD/B/850.cha,96,4,4,4,0,0,0,1,0,0,0,0,0,0,1,0,0,0,0,1,0,0,0,0,0,0,0,0,0,0,0,1,0,0,0,0,0,0,0,0,0,0,0,0,0,0,0,0,0,0,0,0,0,0,0
851,/Users/shamiraventurini/PycharmProjects/ICL-PILOT/data/annotated/ENNI_batchalign/TD/B/851.cha,data/annotated/ENNI_batchalign/TD/B/851.cha,72,2,2,2,0,0,0,2,0,0,0,0,0,0,0,0,0,0,0,0,0,0,0,0,0,0,0,0,0,0,0,0,0,0,0,0,0,0,0,0,0,0,0,0,0,0,0,0,0,0,0,0,0,0,0
854,/Users/shamiraventurini/PycharmProjects/ICL-PILOT/data/annotated/ENNI_batchalign/TD/B/854.cha,data/annotated/ENNI_batchalign/TD/B/854.cha,94,1,1,1,0,0,0,0,0,0,0,0,0,0,0,0,0,0,0,0,0,0,0,0,0,0,0,0,0,0,0,0,0,0,0,0,0,0,0,0,0,1,0,0,0,0,0,0,0,0,0,0,0,0,0
863,/Users/shamiraventurini/PycharmProjects/ICL-PILOT/data/annotated/ENNI_batchalign/TD/B/863.cha,data/annotated/ENNI_batchalign/TD/B/863.cha,66,7,8,8,0,0,0,1,0,0,0,0,0,0,0,1,0,0,0,2,0,0,0,0,0,2,0,0,0,0,0,0,0,0,0,1,0,0,0,0,0,0,0,0,0,1,0,0,0,0,0,0,0,0,0
866,/Users/shamiraventurini/PycharmProjects/ICL-PILOT/data/annotated/ENNI_batchalign/TD/B/866.cha,data/annotated/ENNI_batchalign/TD/B/866.cha,98,1,1,1,0,0,0,1,0,0,0,0,0,0,0,0,0,0,0,0,0,0,0,0,0,0,0,0,0,0,0,0,0,0,0,0,0,0,0,0,0,0,0,0,0,0,0,0,0,0,0,0,0,0,0
867,/Users/shamiraventurini/PycharmProjects/ICL-PILOT/data/annotated/ENNI_batchalign/TD/B/867.cha,data/annotated/ENNI_batchalign/TD/B/867.cha,102,2,2,1,0,1,0,0,0,0,0,0,0,0,0,0,0,0,0,0,0,0,0,0,0,0,0,0,0,0,0,0,0,0,0,0,0,0,0,0,0,0,0,0,1,0,0,0,0,1,0,0,0,0,0
868,/Users/shamiraventurini/PycharmProjects/ICL-PILOT/data/annotated/ENNI_batchalign/TD/B/868.cha,data/annotated/ENNI_batchalign/TD/B/868.cha,90,0,0,0,0,0,0,0,0,0,0,0,0,0,0,0,0,0,0,0,0,0,0,0,0,0,0,0,0,0,0,0,0,0,0,0,0,0,0,0,0,0,0,0,0,0,0,0,0,0,0,0,0,0,0
904,/Users/shamiraventurini/PycharmProjects/ICL-PILOT/data/annotated/ENNI_batchalign/TD/B/904.cha,data/annotated/ENNI_batchalign/TD/B/904.cha,67,1,2,1,1,0,0,1,0,0,0,0,0,0,0,0,0,0,0,0,0,0,0,0,0,0,0,0,0,0,0,0,0,0,0,0,0,0,0,0,0,0,0,0,0,0,0,0,0,0,0,0,0,1,0
907,/Users/shamiraventurini/PycharmProjects/ICL-PILOT/data/annotated/ENNI_batchalign/TD/B/907.cha,data/annotated/ENNI_batchalign/TD/B/907.cha,64,1,1,0,1,0,0,0,0,0,0,0,0,0,0,0,0,0,0,0,0,0,0,0,0,0,0,0,0,0,0,0,0,0,0,0,0,0,0,0,0,0,0,0,0,0,0,0,0,0,0,0,0,0,1
908,/Users/shamiraventurini/PycharmProjects/ICL-PILOT/data/annotated/ENNI_batchalign/TD/B/908.cha,data/annotated/ENNI_batchalign/TD/B/908.cha,124,10,11,11,0,0,0,3,0,0,0,0,0,0,2,0,0,0,0,1,0,0,0,0,0,0,0,0,0,1,0,0,0,0,0,0,0,0,0,0,0,0,0,2,0,2,0,0,0,0,0,0,0,0,0
911,/Users/shamiraventurini/PycharmProjects/ICL-PILOT/data/annotated/ENNI_batchalign/TD/B/911.cha,data/annotated/ENNI_batchalign/TD/B/911.cha,82,0,0,0,0,0,0,0,0,0,0,0,0,0,0,0,0,0,0,0,0,0,0,0,0,0,0,0,0,0,0,0,0,0,0,0,0,0,0,0,0,0,0,0,0,0,0,0,0,0,0,0,0,0,0
912,/Users/shamiraventurini/PycharmProjects/ICL-PILOT/data/annotated/ENNI_batchalign/TD/B/912.cha,data/annotated/ENNI_batchalign/TD/B/912.cha,162,5,5,4,1,0,0,0,0,0,0,0,0,0,1,1,0,0,0,1,0,0,0,0,0,0,0,0,0,0,0,0,0,0,0,1,0,0,0,0,0,0,0,0,0,0,0,0,0,0,0,1,0,0,0
915,/Users/shamiraventurini/PycharmProjects/ICL-PILOT/data/annotated/ENNI_batchalign/TD/B/915.cha,data/annotated/ENNI_batchalign/TD/B/915.cha,71,1,1,1,0,0,0,0,0,0,0,0,0,0,0,0,0,0,0,0,0,0,0,1,0,0,0,0,0,0,0,0,0,0,0,0,0,0,0,0,0,0,0,0,0,0,0,0,0,0,0,0,0,0,0
916,/Users/shamiraventurini/PycharmProjects/ICL-PILOT/data/annotated/ENNI_batchalign/TD/B/916.cha,data/annotated/ENNI_batchalign/TD/B/916.cha,127,7,7,7,0,0,0,2,0,2,0,0,0,0,0,1,0,0,0,2,0,0,0,0,0,0,0,0,0,0,0,0,0,0,0,0,0,0,0,0,0,0,0,0,0,0,0,0,0,0,0,0,0,0,0
919,/Users/shamiraventurini/PycharmProjects/ICL-PILOT/data/annotated/ENNI_batchalign/TD/B/919.cha,data/annotated/ENNI_batchalign/TD/B/919.cha,79,0,0,0,0,0,0,0,0,0,0,0,0,0,0,0,0,0,0,0,0,0,0,0,0,0,0,0,0,0,0,0,0,0,0,0,0,0,0,0,0,0,0,0,0,0,0,0,0,0,0,0,0,0,0
923,/Users/shamiraventurini/PycharmProjects/ICL-PILOT/data/annotated/ENNI_batchalign/TD/B/923.cha,data/annotated/ENNI_batchalign/TD/B/923.cha,61,0,0,0,0,0,0,0,0,0,0,0,0,0,0,0,0,0,0,0,0,0,0,0,0,0,0,0,0,0,0,0,0,0,0,0,0,0,0,0,0,0,0,0,0,0,0,0,0,0,0,0,0,0,0
927,/Users/shamiraventurini/PycharmProjects/ICL-PILOT/data/annotated/ENNI_batchalign/TD/B/927.cha,data/annotated/ENNI_batchalign/TD/B/927.cha,73,2,3,2,0,1,0,0,0,0,0,0,0,0,1,1,0,0,0,0,0,0,0,0,0,0,0,0,0,0,0,0,0,0,0,0,0,0,0,0,0,0,0,0,0,0,0,0,1,0,0,0,0,0,0
931,/Users/shamiraventurini/PycharmProjects/ICL-PILOT/data/annotated/ENNI_batchalign/TD/B/931.cha,data/annotated/ENNI_batchalign/TD/B/931.cha,84,2,2,2,0,0,0,0,0,0,0,0,0,0,1,0,0,0,0,0,0,0,0,0,0,0,0,0,0,0,0,0,0,0,0,0,0,1,0,0,0,0,0,0,0,0,0,0,0,0,0,0,0,0,0
939,/Users/shamiraventurini/PycharmProjects/ICL-PILOT/data/annotated/ENNI_batchalign/TD/B/939.cha,data/annotated/ENNI_batchalign/TD/B/939.cha,78,0,0,0,0,0,0,0,0,0,0,0,0,0,0,0,0,0,0,0,0,0,0,0,0,0,0,0,0,0,0,0,0,0,0,0,0,0,0,0,0,0,0,0,0,0,0,0,0,0,0,0,0,0,0
947,/Users/shamiraventurini/PycharmProjects/ICL-PILOT/data/annotated/ENNI_batchalign/TD/B/947.cha,data/annotated/ENNI_batchalign/TD/B/947.cha,64,2,2,2,0,0,0,0,0,0,0,0,0,0,1,0,0,0,0,0,0,0,0,0,0,0,1,0,0,0,0,0,0,0,0,0,0,0,0,0,0,0,0,0,0,0,0,0,0,0,0,0,0,0,0
949,/Users/shamiraventurini/PycharmProjects/ICL-PILOT/data/annotated/ENNI_batchalign/TD/B/949.cha,data/annotated/ENNI_batchalign/TD/B/949.cha,88,4,7,4,3,0,0,2,0,0,0,0,0,0,0,0,0,0,0,0,0,0,0,0,0,0,0,0,0,0,0,2,0,0,0,0,0,0,0,0,0,0,0,0,0,0,0,0,0,0,0,0,0,3,0
951,/Users/shamiraventurini/PycharmProjects/ICL-PILOT/data/annotated/ENNI_batchalign/TD/B/951.cha,data/annotated/ENNI_batchalign/TD/B/951.cha,58,2,3,3,0,0,0,1,0,0,0,0,0,0,0,0,0,0,0,1,0,0,0,0,0,0,0,0,0,0,0,0,0,0,0,0,0,0,0,0,0,0,1,0,0,0,0,0,0,0,0,0,0,0,0
955,/Users/shamiraventurini/PycharmProjects/ICL-PILOT/data/annotated/ENNI_batchalign/TD/B/955.cha,data/annotated/ENNI_batchalign/TD/B/955.cha,192,6,6,6,0,0,0,0,0,0,0,1,0,0,2,0,0,0,0,0,0,0,0,0,0,0,1,0,0,0,0,0,0,0,0,0,0,0,0,0,0,0,0,0,1,1,0,0,0,0,0,0,0,0,0
956,/Users/shamiraventurini/PycharmProjects/ICL-PILOT/data/annotated/ENNI_batchalign/TD/B/956.cha,data/annotated/ENNI_batchalign/TD/B/956.cha,113,2,2,2,0,0,0,0,0,0,0,0,0,0,1,0,0,0,0,0,0,0,0,0,0,0,0,0,0,0,0,0,0,0,0,0,0,0,0,0,0,0,0,0,1,0,0,0,0,0,0,0,0,0,0
959,/Users/shamiraventurini/PycharmProjects/ICL-PILOT/data/annotated/ENNI_batchalign/TD/B/959.cha,data/annotated/ENNI_batchalign/TD/B/959.cha,86,2,3,3,0,0,0,0,0,1,0,0,0,0,0,0,0,0,0,1,0,0,0,0,0,0,0,1,0,0,0,0,0,0,0,0,0,0,0,0,0,0,0,0,0,0,0,0,0,0,0,0,0,0,0
960,/Users/shamiraventurini/PycharmProjects/ICL-PILOT/data/annotated/ENNI_batchalign/TD/B/960.cha,data/annotated/ENNI_batchalign/TD/B/960.cha,110,2,2,2,0,0,0,0,0,1,0,0,0,0,0,0,0,0,0,1,0,0,0,0,0,0,0,0,0,0,0,0,0,0,0,0,0,0,0,0,0,0,0,0,0,0,0,0,0,0,0,0,0,0,0
963,/Users/shamiraventurini/PycharmProjects/ICL-PILOT/data/annotated/ENNI_batchalign/TD/B/963.cha,data/annotated/ENNI_batchalign/TD/B/963.cha,82,1,1,1,0,0,0,0,0,0,0,0,0,0,1,0,0,0,0,0,0,0,0,0,0,0,0,0,0,0,0,0,0,0,0,0,0,0,0,0,0,0,0,0,0,0,0,0,0,0,0,0,0,0,0
964,/Users/shamiraventurini/PycharmProjects/ICL-PILOT/data/annotated/ENNI_batchalign/TD/B/964.cha,data/annotated/ENNI_batchalign/TD/B/964.cha,90,2,2,1,0,1,0,0,0,0,0,0,0,0,0,0,0,1,0,0,0,0,0,0,0,0,0,0,0,0,0,0,0,0,0,0,0,0,0,0,0,0,0,0,0,0,0,0,1,0,0,0,0,0,0
967,/Users/shamiraventurini/PycharmProjects/ICL-PILOT/data/annotated/ENNI_batchalign/TD/B/967.cha,data/annotated/ENNI_batchalign/TD/B/967.cha,63,2,2,2,0,0,0,0,0,0,0,0,0,0,1,0,0,0,0,0,0,0,0,0,0,0,0,0,0,0,0,0,0,0,0,0,0,0,0,0,0,0,0,0,1,0,0,0,0,0,0,0,0,0,0
969,/Users/shamiraventurini/PycharmProjects/ICL-PILOT/data/annotated/ENNI_batchalign/TD/B/969.cha,data/annotated/ENNI_batchalign/TD/B/969.cha,77,3,3,3,0,0,0,0,0,0,0,0,0,0,1,1,0,0,0,1,0,0,0,0,0,0,0,0,0,0,0,0,0,0,0,0,0,0,0,0,0,0,0,0,0,0,0,0,0,0,0,0,0,0,0
971,/Users/shamiraventurini/PycharmProjects/ICL-PILOT/data/annotated/ENNI_batchalign/TD/B/971.cha,data/annotated/ENNI_batchalign/TD/B/971.cha,63,3,3,3,0,0,0,0,0,1,0,0,0,0,1,0,0,0,0,1,0,0,0,0,0,0,0,0,0,0,0,0,0,0,0,0,0,0,0,0,0,0,0,0,0,0,0,0,0,0,0,0,0,0,0
974,/Users/shamiraventurini/PycharmProjects/ICL-PILOT/data/annotated/ENNI_batchalign/TD/B/974.cha,data/annotated/ENNI_batchalign/TD/B/974.cha,94,17,18,7,0,11,0,0,0,0,0,0,0,0,1,1,0,0,0,1,0,0,0,0,0,0,0,0,0,0,0,0,0,0,0,4,0,0,0,0,0,0,0,0,0,0,0,0,11,0,0,0,0,0,0
